Country,Year,Continent,Subregion,Income_Group,Development_Status,Geo_Cluster
Afghanistan,2024,Asia,South Asia,Low income,Developing,Asia_Low income
Afghanistan,2023,Asia,South Asia,Low income,Developing,Asia_Low income
Afghanistan,2022,Asia,South Asia,Low income,Developing,Asia_Low income
Afghanistan,2021,Asia,South Asia,Low income,Developing,Asia_Low income
Afghanistan,2020,Asia,South Asia,Low income,Developing,Asia_Low income
Afghanistan,2019,Asia,South Asia,Low income,Developing,Asia_Low income
Afghanistan,2018,Asia,South Asia,Low income,Developing,Asia_Low income
Afghanistan,2017,Asia,South Asia,Low income,Developing,Asia_Low income
Afghanistan,2016,Asia,South Asia,Low income,Developing,Asia_Low income
Afghanistan,2015,Asia,South Asia,Low income,Developing,Asia_Low income
Afghanistan,2014,Asia,South Asia,Low income,Developing,Asia_Low income
Afghanistan,2013,Asia,South Asia,Low income,Developing,Asia_Low income
Afghanistan,2012,Asia,South Asia,Low income,Developing,Asia_Low income
Afghanistan,2011,Asia,South Asia,Low income,Developing,Asia_Low income
Afghanistan,2010,Asia,South Asia,Low income,Developing,Asia_Low income
Afghanistan,2009,Asia,South Asia,Low income,Developing,Asia_Low income
Afghanistan,2008,Asia,South Asia,Low income,Developing,Asia_Low income
Afghanistan,2007,Asia,South Asia,Low income,Developing,Asia_Low income
Afghanistan,2006,Asia,South Asia,Low income,Developing,Asia_Low income
Afghanistan,2005,Asia,South Asia,Low income,Developing,Asia_Low income
Afghanistan,2004,Asia,South Asia,Low income,Developing,Asia_Low income
Afghanistan,2003,Asia,South Asia,Low income,Developing,Asia_Low income
Afghanistan,2002,Asia,South Asia,Low income,Developing,Asia_Low income
Afghanistan,2001,Asia,South Asia,Low income,Developing,Asia_Low income
Afghanistan,2000,Asia,South Asia,Low income,Developing,Asia_Low income
Afghanistan,1999,Asia,South Asia,Low income,Developing,Asia_Low income
Afghanistan,1998,Asia,South Asia,Low income,Developing,Asia_Low income
Afghanistan,1997,Asia,South Asia,Low income,Developing,Asia_Low income
Afghanistan,1996,Asia,South Asia,Low income,Developing,Asia_Low income
Afghanistan,1995,Asia,South Asia,Low income,Developing,Asia_Low income
Afghanistan,1994,Asia,South Asia,Low income,Developing,Asia_Low income
Afghanistan,1993,Asia,South Asia,Low income,Developing,Asia_Low income
Afghanistan,1992,Asia,South Asia,Low income,Developing,Asia_Low income
Afghanistan,1991,Asia,South Asia,Low income,Developing,Asia_Low income
Afghanistan,1990,Asia,South Asia,Low income,Developing,Asia_Low income
Afghanistan,1989,Asia,South Asia,Low income,Developing,Asia_Low income
Afghanistan,1988,Asia,South Asia,Low income,Developing,Asia_Low income
Afghanistan,1987,Asia,South Asia,Low income,Developing,Asia_Low income
Afghanistan,1986,Asia,South Asia,Low income,Developing,Asia_Low income
Afghanistan,1985,Asia,South Asia,Low income,Developing,Asia_Low income
Afghanistan,1984,Asia,South Asia,Low income,Developing,Asia_Low income
Afghanistan,1983,Asia,South Asia,Low income,Developing,Asia_Low income
Afghanistan,1982,Asia,South Asia,Low income,Developing,Asia_Low income
Afghanistan,1981,Asia,South Asia,Low income,Developing,Asia_Low income
Afghanistan,1980,Asia,South Asia,Low income,Developing,Asia_Low income
Afghanistan,1979,Asia,South Asia,Low income,Developing,Asia_Low income
Afghanistan,1978,Asia,South Asia,Low income,Developing,Asia_Low income
Afghanistan,1977,Asia,South Asia,Low income,Developing,Asia_Low income
Afghanistan,1976,Asia,South Asia,Low income,Developing,Asia_Low income
Afghanistan,1975,Asia,South Asia,Low income,Developing,Asia_Low income
Afghanistan,1974,Asia,South Asia,Low income,Developing,Asia_Low income
Albania,2024,Europe,Southern Europe,Upper middle income,Developing,Europe_Upper middle income
Albania,2023,Europe,Southern Europe,Upper middle income,Developing,Europe_Upper middle income
Albania,2022,Europe,Southern Europe,Upper middle income,Developing,Europe_Upper middle income
Albania,2021,Europe,Southern Europe,Upper middle income,Developing,Europe_Upper middle income
Albania,2020,Europe,Southern Europe,Upper middle income,Developing,Europe_Upper middle income
Albania,2019,Europe,Southern Europe,Upper middle income,Developing,Europe_Upper middle income
Albania,2018,Europe,Southern Europe,Upper middle income,Developing,Europe_Upper middle income
Albania,2017,Europe,Southern Europe,Upper middle income,Developing,Europe_Upper middle income
Albania,2016,Europe,Southern Europe,Upper middle income,Developing,Europe_Upper middle income
Albania,2015,Europe,Southern Europe,Upper middle income,Developing,Europe_Upper middle income
Albania,2014,Europe,Southern Europe,Upper middle income,Developing,Europe_Upper middle income
Albania,2013,Europe,Southern Europe,Upper middle income,Developing,Europe_Upper middle income
Albania,2012,Europe,Southern Europe,Upper middle income,Developing,Europe_Upper middle income
Albania,2011,Europe,Southern Europe,Upper middle income,Developing,Europe_Upper middle income
Albania,2010,Europe,Southern Europe,Upper middle income,Developing,Europe_Upper middle income
Albania,2009,Europe,Southern Europe,Upper middle income,Developing,Europe_Upper middle income
Albania,2008,Europe,Southern Europe,Upper middle income,Developing,Europe_Upper middle income
Albania,2007,Europe,Southern Europe,Upper middle income,Developing,Europe_Upper middle income
Albania,2006,Europe,Southern Europe,Upper middle income,Developing,Europe_Upper middle income
Albania,2005,Europe,Southern Europe,Upper middle income,Developing,Europe_Upper middle income
Albania,2004,Europe,Southern Europe,Upper middle income,Developing,Europe_Upper middle income
Albania,2003,Europe,Southern Europe,Upper middle income,Developing,Europe_Upper middle income
Albania,2002,Europe,Southern Europe,Upper middle income,Developing,Europe_Upper middle income
Albania,2001,Europe,Southern Europe,Upper middle income,Developing,Europe_Upper middle income
Albania,2000,Europe,Southern Europe,Upper middle income,Developing,Europe_Upper middle income
Albania,1999,Europe,Southern Europe,Upper middle income,Developing,Europe_Upper middle income
Albania,1998,Europe,Southern Europe,Upper middle income,Developing,Europe_Upper middle income
Albania,1997,Europe,Southern Europe,Upper middle income,Developing,Europe_Upper middle income
Albania,1996,Europe,Southern Europe,Upper middle income,Developing,Europe_Upper middle income
Albania,1995,Europe,Southern Europe,Upper middle income,Developing,Europe_Upper middle income
Albania,1994,Europe,Southern Europe,Upper middle income,Developing,Europe_Upper middle income
Albania,1993,Europe,Southern Europe,Upper middle income,Developing,Europe_Upper middle income
Albania,1992,Europe,Southern Europe,Upper middle income,Developing,Europe_Upper middle income
Albania,1991,Europe,Southern Europe,Upper middle income,Developing,Europe_Upper middle income
Albania,1990,Europe,Southern Europe,Upper middle income,Developing,Europe_Upper middle income
Albania,1989,Europe,Southern Europe,Upper middle income,Developing,Europe_Upper middle income
Albania,1988,Europe,Southern Europe,Upper middle income,Developing,Europe_Upper middle income
Albania,1987,Europe,Southern Europe,Upper middle income,Developing,Europe_Upper middle income
Albania,1986,Europe,Southern Europe,Upper middle income,Developing,Europe_Upper middle income
Albania,1985,Europe,Southern Europe,Upper middle income,Developing,Europe_Upper middle income
Albania,1984,Europe,Southern Europe,Upper middle income,Developing,Europe_Upper middle income
Albania,1983,Europe,Southern Europe,Upper middle income,Developing,Europe_Upper middle income
Albania,1982,Europe,Southern Europe,Upper middle income,Developing,Europe_Upper middle income
Albania,1981,Europe,Southern Europe,Upper middle income,Developing,Europe_Upper middle income
Albania,1980,Europe,Southern Europe,Upper middle income,Developing,Europe_Upper middle income
Albania,1979,Europe,Southern Europe,Upper middle income,Developing,Europe_Upper middle income
Albania,1978,Europe,Southern Europe,Upper middle income,Developing,Europe_Upper middle income
Albania,1977,Europe,Southern Europe,Upper middle income,Developing,Europe_Upper middle income
Albania,1976,Europe,Southern Europe,Upper middle income,Developing,Europe_Upper middle income
Albania,1975,Europe,Southern Europe,Upper middle income,Developing,Europe_Upper middle income
Albania,1974,Europe,Southern Europe,Upper middle income,Developing,Europe_Upper middle income
Algeria,2024,Africa,North Africa,Lower middle income,Developing,Africa_Lower middle income
Algeria,2023,Africa,North Africa,Lower middle income,Developing,Africa_Lower middle income
Algeria,2022,Africa,North Africa,Lower middle income,Developing,Africa_Lower middle income
Algeria,2021,Africa,North Africa,Lower middle income,Developing,Africa_Lower middle income
Algeria,2020,Africa,North Africa,Lower middle income,Developing,Africa_Lower middle income
Algeria,2019,Africa,North Africa,Lower middle income,Developing,Africa_Lower middle income
Algeria,2018,Africa,North Africa,Lower middle income,Developing,Africa_Lower middle income
Algeria,2017,Africa,North Africa,Lower middle income,Developing,Africa_Lower middle income
Algeria,2016,Africa,North Africa,Lower middle income,Developing,Africa_Lower middle income
Algeria,2015,Africa,North Africa,Lower middle income,Developing,Africa_Lower middle income
Algeria,2014,Africa,North Africa,Lower middle income,Developing,Africa_Lower middle income
Algeria,2013,Africa,North Africa,Lower middle income,Developing,Africa_Lower middle income
Algeria,2012,Africa,North Africa,Lower middle income,Developing,Africa_Lower middle income
Algeria,2011,Africa,North Africa,Lower middle income,Developing,Africa_Lower middle income
Algeria,2010,Africa,North Africa,Lower middle income,Developing,Africa_Lower middle income
Algeria,2009,Africa,North Africa,Lower middle income,Developing,Africa_Lower middle income
Algeria,2008,Africa,North Africa,Lower middle income,Developing,Africa_Lower middle income
Algeria,2007,Africa,North Africa,Lower middle income,Developing,Africa_Lower middle income
Algeria,2006,Africa,North Africa,Lower middle income,Developing,Africa_Lower middle income
Algeria,2005,Africa,North Africa,Lower middle income,Developing,Africa_Lower middle income
Algeria,2004,Africa,North Africa,Lower middle income,Developing,Africa_Lower middle income
Algeria,2003,Africa,North Africa,Lower middle income,Developing,Africa_Lower middle income
Algeria,2002,Africa,North Africa,Lower middle income,Developing,Africa_Lower middle income
Algeria,2001,Africa,North Africa,Lower middle income,Developing,Africa_Lower middle income
Algeria,2000,Africa,North Africa,Lower middle income,Developing,Africa_Lower middle income
Algeria,1999,Africa,North Africa,Lower middle income,Developing,Africa_Lower middle income
Algeria,1998,Africa,North Africa,Lower middle income,Developing,Africa_Lower middle income
Algeria,1997,Africa,North Africa,Lower middle income,Developing,Africa_Lower middle income
Algeria,1996,Africa,North Africa,Lower middle income,Developing,Africa_Lower middle income
Algeria,1995,Africa,North Africa,Lower middle income,Developing,Africa_Lower middle income
Algeria,1994,Africa,North Africa,Lower middle income,Developing,Africa_Lower middle income
Algeria,1993,Africa,North Africa,Lower middle income,Developing,Africa_Lower middle income
Algeria,1992,Africa,North Africa,Lower middle income,Developing,Africa_Lower middle income
Algeria,1991,Africa,North Africa,Lower middle income,Developing,Africa_Lower middle income
Algeria,1990,Africa,North Africa,Lower middle income,Developing,Africa_Lower middle income
Algeria,1989,Africa,North Africa,Lower middle income,Developing,Africa_Lower middle income
Algeria,1988,Africa,North Africa,Lower middle income,Developing,Africa_Lower middle income
Algeria,1987,Africa,North Africa,Lower middle income,Developing,Africa_Lower middle income
Algeria,1986,Africa,North Africa,Lower middle income,Developing,Africa_Lower middle income
Algeria,1985,Africa,North Africa,Lower middle income,Developing,Africa_Lower middle income
Algeria,1984,Africa,North Africa,Lower middle income,Developing,Africa_Lower middle income
Algeria,1983,Africa,North Africa,Lower middle income,Developing,Africa_Lower middle income
Algeria,1982,Africa,North Africa,Lower middle income,Developing,Africa_Lower middle income
Algeria,1981,Africa,North Africa,Lower middle income,Developing,Africa_Lower middle income
Algeria,1980,Africa,North Africa,Lower middle income,Developing,Africa_Lower middle income
Algeria,1979,Africa,North Africa,Lower middle income,Developing,Africa_Lower middle income
Algeria,1978,Africa,North Africa,Lower middle income,Developing,Africa_Lower middle income
Algeria,1977,Africa,North Africa,Lower middle income,Developing,Africa_Lower middle income
Algeria,1976,Africa,North Africa,Lower middle income,Developing,Africa_Lower middle income
Algeria,1975,Africa,North Africa,Lower middle income,Developing,Africa_Lower middle income
Algeria,1974,Africa,North Africa,Lower middle income,Developing,Africa_Lower middle income
American Samoa,2024,Oceania,Polynesia,Upper middle income,Developing,Oceania_Upper middle income
American Samoa,2023,Oceania,Polynesia,Upper middle income,Developing,Oceania_Upper middle income
American Samoa,2022,Oceania,Polynesia,Upper middle income,Developing,Oceania_Upper middle income
American Samoa,2021,Oceania,Polynesia,Upper middle income,Developing,Oceania_Upper middle income
American Samoa,2020,Oceania,Polynesia,Upper middle income,Developing,Oceania_Upper middle income
American Samoa,2019,Oceania,Polynesia,Upper middle income,Developing,Oceania_Upper middle income
American Samoa,2018,Oceania,Polynesia,Upper middle income,Developing,Oceania_Upper middle income
American Samoa,2017,Oceania,Polynesia,Upper middle income,Developing,Oceania_Upper middle income
American Samoa,2016,Oceania,Polynesia,Upper middle income,Developing,Oceania_Upper middle income
American Samoa,2015,Oceania,Polynesia,Upper middle income,Developing,Oceania_Upper middle income
American Samoa,2014,Oceania,Polynesia,Upper middle income,Developing,Oceania_Upper middle income
American Samoa,2013,Oceania,Polynesia,Upper middle income,Developing,Oceania_Upper middle income
American Samoa,2012,Oceania,Polynesia,Upper middle income,Developing,Oceania_Upper middle income
American Samoa,2011,Oceania,Polynesia,Upper middle income,Developing,Oceania_Upper middle income
American Samoa,2010,Oceania,Polynesia,Upper middle income,Developing,Oceania_Upper middle income
American Samoa,2009,Oceania,Polynesia,Upper middle income,Developing,Oceania_Upper middle income
American Samoa,2008,Oceania,Polynesia,Upper middle income,Developing,Oceania_Upper middle income
American Samoa,2007,Oceania,Polynesia,Upper middle income,Developing,Oceania_Upper middle income
American Samoa,2006,Oceania,Polynesia,Upper middle income,Developing,Oceania_Upper middle income
American Samoa,2005,Oceania,Polynesia,Upper middle income,Developing,Oceania_Upper middle income
American Samoa,2004,Oceania,Polynesia,Upper middle income,Developing,Oceania_Upper middle income
American Samoa,2003,Oceania,Polynesia,Upper middle income,Developing,Oceania_Upper middle income
American Samoa,2002,Oceania,Polynesia,Upper middle income,Developing,Oceania_Upper middle income
American Samoa,2001,Oceania,Polynesia,Upper middle income,Developing,Oceania_Upper middle income
American Samoa,2000,Oceania,Polynesia,Upper middle income,Developing,Oceania_Upper middle income
American Samoa,1999,Oceania,Polynesia,Upper middle income,Developing,Oceania_Upper middle income
American Samoa,1998,Oceania,Polynesia,Upper middle income,Developing,Oceania_Upper middle income
American Samoa,1997,Oceania,Polynesia,Upper middle income,Developing,Oceania_Upper middle income
American Samoa,1996,Oceania,Polynesia,Upper middle income,Developing,Oceania_Upper middle income
American Samoa,1995,Oceania,Polynesia,Upper middle income,Developing,Oceania_Upper middle income
American Samoa,1994,Oceania,Polynesia,Upper middle income,Developing,Oceania_Upper middle income
American Samoa,1993,Oceania,Polynesia,Upper middle income,Developing,Oceania_Upper middle income
American Samoa,1992,Oceania,Polynesia,Upper middle income,Developing,Oceania_Upper middle income
American Samoa,1991,Oceania,Polynesia,Upper middle income,Developing,Oceania_Upper middle income
American Samoa,1990,Oceania,Polynesia,Upper middle income,Developing,Oceania_Upper middle income
American Samoa,1989,Oceania,Polynesia,Upper middle income,Developing,Oceania_Upper middle income
American Samoa,1988,Oceania,Polynesia,Upper middle income,Developing,Oceania_Upper middle income
American Samoa,1987,Oceania,Polynesia,Upper middle income,Developing,Oceania_Upper middle income
American Samoa,1986,Oceania,Polynesia,Upper middle income,Developing,Oceania_Upper middle income
American Samoa,1985,Oceania,Polynesia,Upper middle income,Developing,Oceania_Upper middle income
American Samoa,1984,Oceania,Polynesia,Upper middle income,Developing,Oceania_Upper middle income
American Samoa,1983,Oceania,Polynesia,Upper middle income,Developing,Oceania_Upper middle income
American Samoa,1982,Oceania,Polynesia,Upper middle income,Developing,Oceania_Upper middle income
American Samoa,1981,Oceania,Polynesia,Upper middle income,Developing,Oceania_Upper middle income
American Samoa,1980,Oceania,Polynesia,Upper middle income,Developing,Oceania_Upper middle income
American Samoa,1979,Oceania,Polynesia,Upper middle income,Developing,Oceania_Upper middle income
American Samoa,1978,Oceania,Polynesia,Upper middle income,Developing,Oceania_Upper middle income
American Samoa,1977,Oceania,Polynesia,Upper middle income,Developing,Oceania_Upper middle income
American Samoa,1976,Oceania,Polynesia,Upper middle income,Developing,Oceania_Upper middle income
American Samoa,1975,Oceania,Polynesia,Upper middle income,Developing,Oceania_Upper middle income
American Samoa,1974,Oceania,Polynesia,Upper middle income,Developing,Oceania_Upper middle income
Andorra,2024,Europe,Southern Europe,High income,Developed,Europe_High income
Andorra,2023,Europe,Southern Europe,High income,Developed,Europe_High income
Andorra,2022,Europe,Southern Europe,High income,Developed,Europe_High income
Andorra,2021,Europe,Southern Europe,High income,Developed,Europe_High income
Andorra,2020,Europe,Southern Europe,High income,Developed,Europe_High income
Andorra,2019,Europe,Southern Europe,High income,Developed,Europe_High income
Andorra,2018,Europe,Southern Europe,High income,Developed,Europe_High income
Andorra,2017,Europe,Southern Europe,High income,Developed,Europe_High income
Andorra,2016,Europe,Southern Europe,High income,Developed,Europe_High income
Andorra,2015,Europe,Southern Europe,High income,Developed,Europe_High income
Andorra,2014,Europe,Southern Europe,High income,Developed,Europe_High income
Andorra,2013,Europe,Southern Europe,High income,Developed,Europe_High income
Andorra,2012,Europe,Southern Europe,High income,Developed,Europe_High income
Andorra,2011,Europe,Southern Europe,High income,Developed,Europe_High income
Andorra,2010,Europe,Southern Europe,High income,Developed,Europe_High income
Andorra,2009,Europe,Southern Europe,High income,Developed,Europe_High income
Andorra,2008,Europe,Southern Europe,High income,Developed,Europe_High income
Andorra,2007,Europe,Southern Europe,High income,Developed,Europe_High income
Andorra,2006,Europe,Southern Europe,High income,Developed,Europe_High income
Andorra,2005,Europe,Southern Europe,High income,Developed,Europe_High income
Andorra,2004,Europe,Southern Europe,High income,Developed,Europe_High income
Andorra,2003,Europe,Southern Europe,High income,Developed,Europe_High income
Andorra,2002,Europe,Southern Europe,High income,Developed,Europe_High income
Andorra,2001,Europe,Southern Europe,High income,Developed,Europe_High income
Andorra,2000,Europe,Southern Europe,High income,Developed,Europe_High income
Andorra,1999,Europe,Southern Europe,High income,Developed,Europe_High income
Andorra,1998,Europe,Southern Europe,High income,Developed,Europe_High income
Andorra,1997,Europe,Southern Europe,High income,Developed,Europe_High income
Andorra,1996,Europe,Southern Europe,High income,Developed,Europe_High income
Andorra,1995,Europe,Southern Europe,High income,Developed,Europe_High income
Andorra,1994,Europe,Southern Europe,High income,Developed,Europe_High income
Andorra,1993,Europe,Southern Europe,High income,Developed,Europe_High income
Andorra,1992,Europe,Southern Europe,High income,Developed,Europe_High income
Andorra,1991,Europe,Southern Europe,High income,Developed,Europe_High income
Andorra,1990,Europe,Southern Europe,High income,Developed,Europe_High income
Andorra,1989,Europe,Southern Europe,High income,Developed,Europe_High income
Andorra,1988,Europe,Southern Europe,High income,Developed,Europe_High income
Andorra,1987,Europe,Southern Europe,High income,Developed,Europe_High income
Andorra,1986,Europe,Southern Europe,High income,Developed,Europe_High income
Andorra,1985,Europe,Southern Europe,High income,Developed,Europe_High income
Andorra,1984,Europe,Southern Europe,High income,Developed,Europe_High income
Andorra,1983,Europe,Southern Europe,High income,Developed,Europe_High income
Andorra,1982,Europe,Southern Europe,High income,Developed,Europe_High income
Andorra,1981,Europe,Southern Europe,High income,Developed,Europe_High income
Andorra,1980,Europe,Southern Europe,High income,Developed,Europe_High income
Andorra,1979,Europe,Southern Europe,High income,Developed,Europe_High income
Andorra,1978,Europe,Southern Europe,High income,Developed,Europe_High income
Andorra,1977,Europe,Southern Europe,High income,Developed,Europe_High income
Andorra,1976,Europe,Southern Europe,High income,Developed,Europe_High income
Andorra,1975,Europe,Southern Europe,High income,Developed,Europe_High income
Andorra,1974,Europe,Southern Europe,High income,Developed,Europe_High income
Angola,2024,Africa,Sub-Saharan Africa,Lower middle income,Developing,Africa_Lower middle income
Angola,2023,Africa,Sub-Saharan Africa,Lower middle income,Developing,Africa_Lower middle income
Angola,2022,Africa,Sub-Saharan Africa,Lower middle income,Developing,Africa_Lower middle income
Angola,2021,Africa,Sub-Saharan Africa,Lower middle income,Developing,Africa_Lower middle income
Angola,2020,Africa,Sub-Saharan Africa,Lower middle income,Developing,Africa_Lower middle income
Angola,2019,Africa,Sub-Saharan Africa,Lower middle income,Developing,Africa_Lower middle income
Angola,2018,Africa,Sub-Saharan Africa,Lower middle income,Developing,Africa_Lower middle income
Angola,2017,Africa,Sub-Saharan Africa,Lower middle income,Developing,Africa_Lower middle income
Angola,2016,Africa,Sub-Saharan Africa,Lower middle income,Developing,Africa_Lower middle income
Angola,2015,Africa,Sub-Saharan Africa,Lower middle income,Developing,Africa_Lower middle income
Angola,2014,Africa,Sub-Saharan Africa,Lower middle income,Developing,Africa_Lower middle income
Angola,2013,Africa,Sub-Saharan Africa,Lower middle income,Developing,Africa_Lower middle income
Angola,2012,Africa,Sub-Saharan Africa,Lower middle income,Developing,Africa_Lower middle income
Angola,2011,Africa,Sub-Saharan Africa,Lower middle income,Developing,Africa_Lower middle income
Angola,2010,Africa,Sub-Saharan Africa,Lower middle income,Developing,Africa_Lower middle income
Angola,2009,Africa,Sub-Saharan Africa,Lower middle income,Developing,Africa_Lower middle income
Angola,2008,Africa,Sub-Saharan Africa,Lower middle income,Developing,Africa_Lower middle income
Angola,2007,Africa,Sub-Saharan Africa,Lower middle income,Developing,Africa_Lower middle income
Angola,2006,Africa,Sub-Saharan Africa,Lower middle income,Developing,Africa_Lower middle income
Angola,2005,Africa,Sub-Saharan Africa,Lower middle income,Developing,Africa_Lower middle income
Angola,2004,Africa,Sub-Saharan Africa,Lower middle income,Developing,Africa_Lower middle income
Angola,2003,Africa,Sub-Saharan Africa,Lower middle income,Developing,Africa_Lower middle income
Angola,2002,Africa,Sub-Saharan Africa,Lower middle income,Developing,Africa_Lower middle income
Angola,2001,Africa,Sub-Saharan Africa,Lower middle income,Developing,Africa_Lower middle income
Angola,2000,Africa,Sub-Saharan Africa,Lower middle income,Developing,Africa_Lower middle income
Angola,1999,Africa,Sub-Saharan Africa,Lower middle income,Developing,Africa_Lower middle income
Angola,1998,Africa,Sub-Saharan Africa,Lower middle income,Developing,Africa_Lower middle income
Angola,1997,Africa,Sub-Saharan Africa,Lower middle income,Developing,Africa_Lower middle income
Angola,1996,Africa,Sub-Saharan Africa,Lower middle income,Developing,Africa_Lower middle income
Angola,1995,Africa,Sub-Saharan Africa,Lower middle income,Developing,Africa_Lower middle income
Angola,1994,Africa,Sub-Saharan Africa,Lower middle income,Developing,Africa_Lower middle income
Angola,1993,Africa,Sub-Saharan Africa,Lower middle income,Developing,Africa_Lower middle income
Angola,1992,Africa,Sub-Saharan Africa,Lower middle income,Developing,Africa_Lower middle income
Angola,1991,Africa,Sub-Saharan Africa,Lower middle income,Developing,Africa_Lower middle income
Angola,1990,Africa,Sub-Saharan Africa,Lower middle income,Developing,Africa_Lower middle income
Angola,1989,Africa,Sub-Saharan Africa,Lower middle income,Developing,Africa_Lower middle income
Angola,1988,Africa,Sub-Saharan Africa,Lower middle income,Developing,Africa_Lower middle income
Angola,1987,Africa,Sub-Saharan Africa,Lower middle income,Developing,Africa_Lower middle income
Angola,1986,Africa,Sub-Saharan Africa,Lower middle income,Developing,Africa_Lower middle income
Angola,1985,Africa,Sub-Saharan Africa,Lower middle income,Developing,Africa_Lower middle income
Angola,1984,Africa,Sub-Saharan Africa,Lower middle income,Developing,Africa_Lower middle income
Angola,1983,Africa,Sub-Saharan Africa,Lower middle income,Developing,Africa_Lower middle income
Angola,1982,Africa,Sub-Saharan Africa,Lower middle income,Developing,Africa_Lower middle income
Angola,1981,Africa,Sub-Saharan Africa,Lower middle income,Developing,Africa_Lower middle income
Angola,1980,Africa,Sub-Saharan Africa,Lower middle income,Developing,Africa_Lower middle income
Angola,1979,Africa,Sub-Saharan Africa,Lower middle income,Developing,Africa_Lower middle income
Angola,1978,Africa,Sub-Saharan Africa,Lower middle income,Developing,Africa_Lower middle income
Angola,1977,Africa,Sub-Saharan Africa,Lower middle income,Developing,Africa_Lower middle income
Angola,1976,Africa,Sub-Saharan Africa,Lower middle income,Developing,Africa_Lower middle income
Angola,1975,Africa,Sub-Saharan Africa,Lower middle income,Developing,Africa_Lower middle income
Angola,1974,Africa,Sub-Saharan Africa,Lower middle income,Developing,Africa_Lower middle income
Antigua and Barbuda,2024,North America,Caribbean,High income,Developing,North America_High income
Antigua and Barbuda,2023,North America,Caribbean,High income,Developing,North America_High income
Antigua and Barbuda,2022,North America,Caribbean,High income,Developing,North America_High income
Antigua and Barbuda,2021,North America,Caribbean,High income,Developing,North America_High income
Antigua and Barbuda,2020,North America,Caribbean,High income,Developing,North America_High income
Antigua and Barbuda,2019,North America,Caribbean,High income,Developing,North America_High income
Antigua and Barbuda,2018,North America,Caribbean,High income,Developing,North America_High income
Antigua and Barbuda,2017,North America,Caribbean,High income,Developing,North America_High income
Antigua and Barbuda,2016,North America,Caribbean,High income,Developing,North America_High income
Antigua and Barbuda,2015,North America,Caribbean,High income,Developing,North America_High income
Antigua and Barbuda,2014,North America,Caribbean,High income,Developing,North America_High income
Antigua and Barbuda,2013,North America,Caribbean,High income,Developing,North America_High income
Antigua and Barbuda,2012,North America,Caribbean,High income,Developing,North America_High income
Antigua and Barbuda,2011,North America,Caribbean,High income,Developing,North America_High income
Antigua and Barbuda,2010,North America,Caribbean,High income,Developing,North America_High income
Antigua and Barbuda,2009,North America,Caribbean,High income,Developing,North America_High income
Antigua and Barbuda,2008,North America,Caribbean,High income,Developing,North America_High income
Antigua and Barbuda,2007,North America,Caribbean,High income,Developing,North America_High income
Antigua and Barbuda,2006,North America,Caribbean,High income,Developing,North America_High income
Antigua and Barbuda,2005,North America,Caribbean,High income,Developing,North America_High income
Antigua and Barbuda,2004,North America,Caribbean,High income,Developing,North America_High income
Antigua and Barbuda,2003,North America,Caribbean,High income,Developing,North America_High income
Antigua and Barbuda,2002,North America,Caribbean,High income,Developing,North America_High income
Antigua and Barbuda,2001,North America,Caribbean,High income,Developing,North America_High income
Antigua and Barbuda,2000,North America,Caribbean,High income,Developing,North America_High income
Antigua and Barbuda,1999,North America,Caribbean,High income,Developing,North America_High income
Antigua and Barbuda,1998,North America,Caribbean,High income,Developing,North America_High income
Antigua and Barbuda,1997,North America,Caribbean,High income,Developing,North America_High income
Antigua and Barbuda,1996,North America,Caribbean,High income,Developing,North America_High income
Antigua and Barbuda,1995,North America,Caribbean,High income,Developing,North America_High income
Antigua and Barbuda,1994,North America,Caribbean,High income,Developing,North America_High income
Antigua and Barbuda,1993,North America,Caribbean,High income,Developing,North America_High income
Antigua and Barbuda,1992,North America,Caribbean,High income,Developing,North America_High income
Antigua and Barbuda,1991,North America,Caribbean,High income,Developing,North America_High income
Antigua and Barbuda,1990,North America,Caribbean,High income,Developing,North America_High income
Antigua and Barbuda,1989,North America,Caribbean,High income,Developing,North America_High income
Antigua and Barbuda,1988,North America,Caribbean,High income,Developing,North America_High income
Antigua and Barbuda,1987,North America,Caribbean,High income,Developing,North America_High income
Antigua and Barbuda,1986,North America,Caribbean,High income,Developing,North America_High income
Antigua and Barbuda,1985,North America,Caribbean,High income,Developing,North America_High income
Antigua and Barbuda,1984,North America,Caribbean,High income,Developing,North America_High income
Antigua and Barbuda,1983,North America,Caribbean,High income,Developing,North America_High income
Antigua and Barbuda,1982,North America,Caribbean,High income,Developing,North America_High income
Antigua and Barbuda,1981,North America,Caribbean,High income,Developing,North America_High income
Antigua and Barbuda,1980,North America,Caribbean,High income,Developing,North America_High income
Antigua and Barbuda,1979,North America,Caribbean,High income,Developing,North America_High income
Antigua and Barbuda,1978,North America,Caribbean,High income,Developing,North America_High income
Antigua and Barbuda,1977,North America,Caribbean,High income,Developing,North America_High income
Antigua and Barbuda,1976,North America,Caribbean,High income,Developing,North America_High income
Antigua and Barbuda,1975,North America,Caribbean,High income,Developing,North America_High income
Antigua and Barbuda,1974,North America,Caribbean,High income,Developing,North America_High income
Argentina,2024,South America,South America,Upper middle income,Developing,South America_Upper middle income
Argentina,2023,South America,South America,Upper middle income,Developing,South America_Upper middle income
Argentina,2022,South America,South America,Upper middle income,Developing,South America_Upper middle income
Argentina,2021,South America,South America,Upper middle income,Developing,South America_Upper middle income
Argentina,2020,South America,South America,Upper middle income,Developing,South America_Upper middle income
Argentina,2019,South America,South America,Upper middle income,Developing,South America_Upper middle income
Argentina,2018,South America,South America,Upper middle income,Developing,South America_Upper middle income
Argentina,2017,South America,South America,Upper middle income,Developing,South America_Upper middle income
Argentina,2016,South America,South America,Upper middle income,Developing,South America_Upper middle income
Argentina,2015,South America,South America,Upper middle income,Developing,South America_Upper middle income
Argentina,2014,South America,South America,Upper middle income,Developing,South America_Upper middle income
Argentina,2013,South America,South America,Upper middle income,Developing,South America_Upper middle income
Argentina,2012,South America,South America,Upper middle income,Developing,South America_Upper middle income
Argentina,2011,South America,South America,Upper middle income,Developing,South America_Upper middle income
Argentina,2010,South America,South America,Upper middle income,Developing,South America_Upper middle income
Argentina,2009,South America,South America,Upper middle income,Developing,South America_Upper middle income
Argentina,2008,South America,South America,Upper middle income,Developing,South America_Upper middle income
Argentina,2007,South America,South America,Upper middle income,Developing,South America_Upper middle income
Argentina,2006,South America,South America,Upper middle income,Developing,South America_Upper middle income
Argentina,2005,South America,South America,Upper middle income,Developing,South America_Upper middle income
Argentina,2004,South America,South America,Upper middle income,Developing,South America_Upper middle income
Argentina,2003,South America,South America,Upper middle income,Developing,South America_Upper middle income
Argentina,2002,South America,South America,Upper middle income,Developing,South America_Upper middle income
Argentina,2001,South America,South America,Upper middle income,Developing,South America_Upper middle income
Argentina,2000,South America,South America,Upper middle income,Developing,South America_Upper middle income
Argentina,1999,South America,South America,Upper middle income,Developing,South America_Upper middle income
Argentina,1998,South America,South America,Upper middle income,Developing,South America_Upper middle income
Argentina,1997,South America,South America,Upper middle income,Developing,South America_Upper middle income
Argentina,1996,South America,South America,Upper middle income,Developing,South America_Upper middle income
Argentina,1995,South America,South America,Upper middle income,Developing,South America_Upper middle income
Argentina,1994,South America,South America,Upper middle income,Developing,South America_Upper middle income
Argentina,1993,South America,South America,Upper middle income,Developing,South America_Upper middle income
Argentina,1992,South America,South America,Upper middle income,Developing,South America_Upper middle income
Argentina,1991,South America,South America,Upper middle income,Developing,South America_Upper middle income
Argentina,1990,South America,South America,Upper middle income,Developing,South America_Upper middle income
Argentina,1989,South America,South America,Upper middle income,Developing,South America_Upper middle income
Argentina,1988,South America,South America,Upper middle income,Developing,South America_Upper middle income
Argentina,1987,South America,South America,Upper middle income,Developing,South America_Upper middle income
Argentina,1986,South America,South America,Upper middle income,Developing,South America_Upper middle income
Argentina,1985,South America,South America,Upper middle income,Developing,South America_Upper middle income
Argentina,1984,South America,South America,Upper middle income,Developing,South America_Upper middle income
Argentina,1983,South America,South America,Upper middle income,Developing,South America_Upper middle income
Argentina,1982,South America,South America,Upper middle income,Developing,South America_Upper middle income
Argentina,1981,South America,South America,Upper middle income,Developing,South America_Upper middle income
Argentina,1980,South America,South America,Upper middle income,Developing,South America_Upper middle income
Argentina,1979,South America,South America,Upper middle income,Developing,South America_Upper middle income
Argentina,1978,South America,South America,Upper middle income,Developing,South America_Upper middle income
Argentina,1977,South America,South America,Upper middle income,Developing,South America_Upper middle income
Argentina,1976,South America,South America,Upper middle income,Developing,South America_Upper middle income
Argentina,1975,South America,South America,Upper middle income,Developing,South America_Upper middle income
Argentina,1974,South America,South America,Upper middle income,Developing,South America_Upper middle income
Armenia,2024,Asia,Western Asia,Upper middle income,Developing,Asia_Upper middle income
Armenia,2023,Asia,Western Asia,Upper middle income,Developing,Asia_Upper middle income
Armenia,2022,Asia,Western Asia,Upper middle income,Developing,Asia_Upper middle income
Armenia,2021,Asia,Western Asia,Upper middle income,Developing,Asia_Upper middle income
Armenia,2020,Asia,Western Asia,Upper middle income,Developing,Asia_Upper middle income
Armenia,2019,Asia,Western Asia,Upper middle income,Developing,Asia_Upper middle income
Armenia,2018,Asia,Western Asia,Upper middle income,Developing,Asia_Upper middle income
Armenia,2017,Asia,Western Asia,Upper middle income,Developing,Asia_Upper middle income
Armenia,2016,Asia,Western Asia,Upper middle income,Developing,Asia_Upper middle income
Armenia,2015,Asia,Western Asia,Upper middle income,Developing,Asia_Upper middle income
Armenia,2014,Asia,Western Asia,Upper middle income,Developing,Asia_Upper middle income
Armenia,2013,Asia,Western Asia,Upper middle income,Developing,Asia_Upper middle income
Armenia,2012,Asia,Western Asia,Upper middle income,Developing,Asia_Upper middle income
Armenia,2011,Asia,Western Asia,Upper middle income,Developing,Asia_Upper middle income
Armenia,2010,Asia,Western Asia,Upper middle income,Developing,Asia_Upper middle income
Armenia,2009,Asia,Western Asia,Upper middle income,Developing,Asia_Upper middle income
Armenia,2008,Asia,Western Asia,Upper middle income,Developing,Asia_Upper middle income
Armenia,2007,Asia,Western Asia,Upper middle income,Developing,Asia_Upper middle income
Armenia,2006,Asia,Western Asia,Upper middle income,Developing,Asia_Upper middle income
Armenia,2005,Asia,Western Asia,Upper middle income,Developing,Asia_Upper middle income
Armenia,2004,Asia,Western Asia,Upper middle income,Developing,Asia_Upper middle income
Armenia,2003,Asia,Western Asia,Upper middle income,Developing,Asia_Upper middle income
Armenia,2002,Asia,Western Asia,Upper middle income,Developing,Asia_Upper middle income
Armenia,2001,Asia,Western Asia,Upper middle income,Developing,Asia_Upper middle income
Armenia,2000,Asia,Western Asia,Upper middle income,Developing,Asia_Upper middle income
Armenia,1999,Asia,Western Asia,Upper middle income,Developing,Asia_Upper middle income
Armenia,1998,Asia,Western Asia,Upper middle income,Developing,Asia_Upper middle income
Armenia,1997,Asia,Western Asia,Upper middle income,Developing,Asia_Upper middle income
Armenia,1996,Asia,Western Asia,Upper middle income,Developing,Asia_Upper middle income
Armenia,1995,Asia,Western Asia,Upper middle income,Developing,Asia_Upper middle income
Armenia,1994,Asia,Western Asia,Upper middle income,Developing,Asia_Upper middle income
Armenia,1993,Asia,Western Asia,Upper middle income,Developing,Asia_Upper middle income
Armenia,1992,Asia,Western Asia,Upper middle income,Developing,Asia_Upper middle income
Armenia,1991,Asia,Western Asia,Upper middle income,Developing,Asia_Upper middle income
Armenia,1990,Asia,Western Asia,Upper middle income,Developing,Asia_Upper middle income
Armenia,1989,Asia,Western Asia,Upper middle income,Developing,Asia_Upper middle income
Armenia,1988,Asia,Western Asia,Upper middle income,Developing,Asia_Upper middle income
Armenia,1987,Asia,Western Asia,Upper middle income,Developing,Asia_Upper middle income
Armenia,1986,Asia,Western Asia,Upper middle income,Developing,Asia_Upper middle income
Armenia,1985,Asia,Western Asia,Upper middle income,Developing,Asia_Upper middle income
Armenia,1984,Asia,Western Asia,Upper middle income,Developing,Asia_Upper middle income
Armenia,1983,Asia,Western Asia,Upper middle income,Developing,Asia_Upper middle income
Armenia,1982,Asia,Western Asia,Upper middle income,Developing,Asia_Upper middle income
Armenia,1981,Asia,Western Asia,Upper middle income,Developing,Asia_Upper middle income
Armenia,1980,Asia,Western Asia,Upper middle income,Developing,Asia_Upper middle income
Armenia,1979,Asia,Western Asia,Upper middle income,Developing,Asia_Upper middle income
Armenia,1978,Asia,Western Asia,Upper middle income,Developing,Asia_Upper middle income
Armenia,1977,Asia,Western Asia,Upper middle income,Developing,Asia_Upper middle income
Armenia,1976,Asia,Western Asia,Upper middle income,Developing,Asia_Upper middle income
Armenia,1975,Asia,Western Asia,Upper middle income,Developing,Asia_Upper middle income
Armenia,1974,Asia,Western Asia,Upper middle income,Developing,Asia_Upper middle income
Aruba,2024,North America,Caribbean,High income,Developing,North America_High income
Aruba,2023,North America,Caribbean,High income,Developing,North America_High income
Aruba,2022,North America,Caribbean,High income,Developing,North America_High income
Aruba,2021,North America,Caribbean,High income,Developing,North America_High income
Aruba,2020,North America,Caribbean,High income,Developing,North America_High income
Aruba,2019,North America,Caribbean,High income,Developing,North America_High income
Aruba,2018,North America,Caribbean,High income,Developing,North America_High income
Aruba,2017,North America,Caribbean,High income,Developing,North America_High income
Aruba,2016,North America,Caribbean,High income,Developing,North America_High income
Aruba,2015,North America,Caribbean,High income,Developing,North America_High income
Aruba,2014,North America,Caribbean,High income,Developing,North America_High income
Aruba,2013,North America,Caribbean,High income,Developing,North America_High income
Aruba,2012,North America,Caribbean,High income,Developing,North America_High income
Aruba,2011,North America,Caribbean,High income,Developing,North America_High income
Aruba,2010,North America,Caribbean,High income,Developing,North America_High income
Aruba,2009,North America,Caribbean,High income,Developing,North America_High income
Aruba,2008,North America,Caribbean,High income,Developing,North America_High income
Aruba,2007,North America,Caribbean,High income,Developing,North America_High income
Aruba,2006,North America,Caribbean,High income,Developing,North America_High income
Aruba,2005,North America,Caribbean,High income,Developing,North America_High income
Aruba,2004,North America,Caribbean,High income,Developing,North America_High income
Aruba,2003,North America,Caribbean,High income,Developing,North America_High income
Aruba,2002,North America,Caribbean,High income,Developing,North America_High income
Aruba,2001,North America,Caribbean,High income,Developing,North America_High income
Aruba,2000,North America,Caribbean,High income,Developing,North America_High income
Aruba,1999,North America,Caribbean,High income,Developing,North America_High income
Aruba,1998,North America,Caribbean,High income,Developing,North America_High income
Aruba,1997,North America,Caribbean,High income,Developing,North America_High income
Aruba,1996,North America,Caribbean,High income,Developing,North America_High income
Aruba,1995,North America,Caribbean,High income,Developing,North America_High income
Aruba,1994,North America,Caribbean,High income,Developing,North America_High income
Aruba,1993,North America,Caribbean,High income,Developing,North America_High income
Aruba,1992,North America,Caribbean,High income,Developing,North America_High income
Aruba,1991,North America,Caribbean,High income,Developing,North America_High income
Aruba,1990,North America,Caribbean,High income,Developing,North America_High income
Aruba,1989,North America,Caribbean,High income,Developing,North America_High income
Aruba,1988,North America,Caribbean,High income,Developing,North America_High income
Aruba,1987,North America,Caribbean,High income,Developing,North America_High income
Aruba,1986,North America,Caribbean,High income,Developing,North America_High income
Aruba,1985,North America,Caribbean,High income,Developing,North America_High income
Aruba,1984,North America,Caribbean,High income,Developing,North America_High income
Aruba,1983,North America,Caribbean,High income,Developing,North America_High income
Aruba,1982,North America,Caribbean,High income,Developing,North America_High income
Aruba,1981,North America,Caribbean,High income,Developing,North America_High income
Aruba,1980,North America,Caribbean,High income,Developing,North America_High income
Aruba,1979,North America,Caribbean,High income,Developing,North America_High income
Aruba,1978,North America,Caribbean,High income,Developing,North America_High income
Aruba,1977,North America,Caribbean,High income,Developing,North America_High income
Aruba,1976,North America,Caribbean,High income,Developing,North America_High income
Aruba,1975,North America,Caribbean,High income,Developing,North America_High income
Aruba,1974,North America,Caribbean,High income,Developing,North America_High income
Australia,2024,Oceania,Oceania,High income,Developed,Oceania_High income
Australia,2023,Oceania,Oceania,High income,Developed,Oceania_High income
Australia,2022,Oceania,Oceania,High income,Developed,Oceania_High income
Australia,2021,Oceania,Oceania,High income,Developed,Oceania_High income
Australia,2020,Oceania,Oceania,High income,Developed,Oceania_High income
Australia,2019,Oceania,Oceania,High income,Developed,Oceania_High income
Australia,2018,Oceania,Oceania,High income,Developed,Oceania_High income
Australia,2017,Oceania,Oceania,High income,Developed,Oceania_High income
Australia,2016,Oceania,Oceania,High income,Developed,Oceania_High income
Australia,2015,Oceania,Oceania,High income,Developed,Oceania_High income
Australia,2014,Oceania,Oceania,High income,Developed,Oceania_High income
Australia,2013,Oceania,Oceania,High income,Developed,Oceania_High income
Australia,2012,Oceania,Oceania,High income,Developed,Oceania_High income
Australia,2011,Oceania,Oceania,High income,Developed,Oceania_High income
Australia,2010,Oceania,Oceania,High income,Developed,Oceania_High income
Australia,2009,Oceania,Oceania,High income,Developed,Oceania_High income
Australia,2008,Oceania,Oceania,High income,Developed,Oceania_High income
Australia,2007,Oceania,Oceania,High income,Developed,Oceania_High income
Australia,2006,Oceania,Oceania,High income,Developed,Oceania_High income
Australia,2005,Oceania,Oceania,High income,Developed,Oceania_High income
Australia,2004,Oceania,Oceania,High income,Developed,Oceania_High income
Australia,2003,Oceania,Oceania,High income,Developed,Oceania_High income
Australia,2002,Oceania,Oceania,High income,Developed,Oceania_High income
Australia,2001,Oceania,Oceania,High income,Developed,Oceania_High income
Australia,2000,Oceania,Oceania,High income,Developed,Oceania_High income
Australia,1999,Oceania,Oceania,High income,Developed,Oceania_High income
Australia,1998,Oceania,Oceania,High income,Developed,Oceania_High income
Australia,1997,Oceania,Oceania,High income,Developed,Oceania_High income
Australia,1996,Oceania,Oceania,High income,Developed,Oceania_High income
Australia,1995,Oceania,Oceania,High income,Developed,Oceania_High income
Australia,1994,Oceania,Oceania,High income,Developed,Oceania_High income
Australia,1993,Oceania,Oceania,High income,Developed,Oceania_High income
Australia,1992,Oceania,Oceania,High income,Developed,Oceania_High income
Australia,1991,Oceania,Oceania,High income,Developed,Oceania_High income
Australia,1990,Oceania,Oceania,High income,Developed,Oceania_High income
Australia,1989,Oceania,Oceania,High income,Developed,Oceania_High income
Australia,1988,Oceania,Oceania,High income,Developed,Oceania_High income
Australia,1987,Oceania,Oceania,High income,Developed,Oceania_High income
Australia,1986,Oceania,Oceania,High income,Developed,Oceania_High income
Australia,1985,Oceania,Oceania,High income,Developed,Oceania_High income
Australia,1984,Oceania,Oceania,High income,Developed,Oceania_High income
Australia,1983,Oceania,Oceania,High income,Developed,Oceania_High income
Australia,1982,Oceania,Oceania,High income,Developed,Oceania_High income
Australia,1981,Oceania,Oceania,High income,Developed,Oceania_High income
Australia,1980,Oceania,Oceania,High income,Developed,Oceania_High income
Australia,1979,Oceania,Oceania,High income,Developed,Oceania_High income
Australia,1978,Oceania,Oceania,High income,Developed,Oceania_High income
Australia,1977,Oceania,Oceania,High income,Developed,Oceania_High income
Australia,1976,Oceania,Oceania,High income,Developed,Oceania_High income
Australia,1975,Oceania,Oceania,High income,Developed,Oceania_High income
Australia,1974,Oceania,Oceania,High income,Developed,Oceania_High income
Austria,2024,Europe,Western Europe,High income,Developed,Europe_High income
Austria,2023,Europe,Western Europe,High income,Developed,Europe_High income
Austria,2022,Europe,Western Europe,High income,Developed,Europe_High income
Austria,2021,Europe,Western Europe,High income,Developed,Europe_High income
Austria,2020,Europe,Western Europe,High income,Developed,Europe_High income
Austria,2019,Europe,Western Europe,High income,Developed,Europe_High income
Austria,2018,Europe,Western Europe,High income,Developed,Europe_High income
Austria,2017,Europe,Western Europe,High income,Developed,Europe_High income
Austria,2016,Europe,Western Europe,High income,Developed,Europe_High income
Austria,2015,Europe,Western Europe,High income,Developed,Europe_High income
Austria,2014,Europe,Western Europe,High income,Developed,Europe_High income
Austria,2013,Europe,Western Europe,High income,Developed,Europe_High income
Austria,2012,Europe,Western Europe,High income,Developed,Europe_High income
Austria,2011,Europe,Western Europe,High income,Developed,Europe_High income
Austria,2010,Europe,Western Europe,High income,Developed,Europe_High income
Austria,2009,Europe,Western Europe,High income,Developed,Europe_High income
Austria,2008,Europe,Western Europe,High income,Developed,Europe_High income
Austria,2007,Europe,Western Europe,High income,Developed,Europe_High income
Austria,2006,Europe,Western Europe,High income,Developed,Europe_High income
Austria,2005,Europe,Western Europe,High income,Developed,Europe_High income
Austria,2004,Europe,Western Europe,High income,Developed,Europe_High income
Austria,2003,Europe,Western Europe,High income,Developed,Europe_High income
Austria,2002,Europe,Western Europe,High income,Developed,Europe_High income
Austria,2001,Europe,Western Europe,High income,Developed,Europe_High income
Austria,2000,Europe,Western Europe,High income,Developed,Europe_High income
Austria,1999,Europe,Western Europe,High income,Developed,Europe_High income
Austria,1998,Europe,Western Europe,High income,Developed,Europe_High income
Austria,1997,Europe,Western Europe,High income,Developed,Europe_High income
Austria,1996,Europe,Western Europe,High income,Developed,Europe_High income
Austria,1995,Europe,Western Europe,High income,Developed,Europe_High income
Austria,1994,Europe,Western Europe,High income,Developed,Europe_High income
Austria,1993,Europe,Western Europe,High income,Developed,Europe_High income
Austria,1992,Europe,Western Europe,High income,Developed,Europe_High income
Austria,1991,Europe,Western Europe,High income,Developed,Europe_High income
Austria,1990,Europe,Western Europe,High income,Developed,Europe_High income
Austria,1989,Europe,Western Europe,High income,Developed,Europe_High income
Austria,1988,Europe,Western Europe,High income,Developed,Europe_High income
Austria,1987,Europe,Western Europe,High income,Developed,Europe_High income
Austria,1986,Europe,Western Europe,High income,Developed,Europe_High income
Austria,1985,Europe,Western Europe,High income,Developed,Europe_High income
Austria,1984,Europe,Western Europe,High income,Developed,Europe_High income
Austria,1983,Europe,Western Europe,High income,Developed,Europe_High income
Austria,1982,Europe,Western Europe,High income,Developed,Europe_High income
Austria,1981,Europe,Western Europe,High income,Developed,Europe_High income
Austria,1980,Europe,Western Europe,High income,Developed,Europe_High income
Austria,1979,Europe,Western Europe,High income,Developed,Europe_High income
Austria,1978,Europe,Western Europe,High income,Developed,Europe_High income
Austria,1977,Europe,Western Europe,High income,Developed,Europe_High income
Austria,1976,Europe,Western Europe,High income,Developed,Europe_High income
Austria,1975,Europe,Western Europe,High income,Developed,Europe_High income
Austria,1974,Europe,Western Europe,High income,Developed,Europe_High income
Azerbaijan,2024,Asia,Western Asia,Upper middle income,Developing,Asia_Upper middle income
Azerbaijan,2023,Asia,Western Asia,Upper middle income,Developing,Asia_Upper middle income
Azerbaijan,2022,Asia,Western Asia,Upper middle income,Developing,Asia_Upper middle income
Azerbaijan,2021,Asia,Western Asia,Upper middle income,Developing,Asia_Upper middle income
Azerbaijan,2020,Asia,Western Asia,Upper middle income,Developing,Asia_Upper middle income
Azerbaijan,2019,Asia,Western Asia,Upper middle income,Developing,Asia_Upper middle income
Azerbaijan,2018,Asia,Western Asia,Upper middle income,Developing,Asia_Upper middle income
Azerbaijan,2017,Asia,Western Asia,Upper middle income,Developing,Asia_Upper middle income
Azerbaijan,2016,Asia,Western Asia,Upper middle income,Developing,Asia_Upper middle income
Azerbaijan,2015,Asia,Western Asia,Upper middle income,Developing,Asia_Upper middle income
Azerbaijan,2014,Asia,Western Asia,Upper middle income,Developing,Asia_Upper middle income
Azerbaijan,2013,Asia,Western Asia,Upper middle income,Developing,Asia_Upper middle income
Azerbaijan,2012,Asia,Western Asia,Upper middle income,Developing,Asia_Upper middle income
Azerbaijan,2011,Asia,Western Asia,Upper middle income,Developing,Asia_Upper middle income
Azerbaijan,2010,Asia,Western Asia,Upper middle income,Developing,Asia_Upper middle income
Azerbaijan,2009,Asia,Western Asia,Upper middle income,Developing,Asia_Upper middle income
Azerbaijan,2008,Asia,Western Asia,Upper middle income,Developing,Asia_Upper middle income
Azerbaijan,2007,Asia,Western Asia,Upper middle income,Developing,Asia_Upper middle income
Azerbaijan,2006,Asia,Western Asia,Upper middle income,Developing,Asia_Upper middle income
Azerbaijan,2005,Asia,Western Asia,Upper middle income,Developing,Asia_Upper middle income
Azerbaijan,2004,Asia,Western Asia,Upper middle income,Developing,Asia_Upper middle income
Azerbaijan,2003,Asia,Western Asia,Upper middle income,Developing,Asia_Upper middle income
Azerbaijan,2002,Asia,Western Asia,Upper middle income,Developing,Asia_Upper middle income
Azerbaijan,2001,Asia,Western Asia,Upper middle income,Developing,Asia_Upper middle income
Azerbaijan,2000,Asia,Western Asia,Upper middle income,Developing,Asia_Upper middle income
Azerbaijan,1999,Asia,Western Asia,Upper middle income,Developing,Asia_Upper middle income
Azerbaijan,1998,Asia,Western Asia,Upper middle income,Developing,Asia_Upper middle income
Azerbaijan,1997,Asia,Western Asia,Upper middle income,Developing,Asia_Upper middle income
Azerbaijan,1996,Asia,Western Asia,Upper middle income,Developing,Asia_Upper middle income
Azerbaijan,1995,Asia,Western Asia,Upper middle income,Developing,Asia_Upper middle income
Azerbaijan,1994,Asia,Western Asia,Upper middle income,Developing,Asia_Upper middle income
Azerbaijan,1993,Asia,Western Asia,Upper middle income,Developing,Asia_Upper middle income
Azerbaijan,1992,Asia,Western Asia,Upper middle income,Developing,Asia_Upper middle income
Azerbaijan,1991,Asia,Western Asia,Upper middle income,Developing,Asia_Upper middle income
Azerbaijan,1990,Asia,Western Asia,Upper middle income,Developing,Asia_Upper middle income
Azerbaijan,1989,Asia,Western Asia,Upper middle income,Developing,Asia_Upper middle income
Azerbaijan,1988,Asia,Western Asia,Upper middle income,Developing,Asia_Upper middle income
Azerbaijan,1987,Asia,Western Asia,Upper middle income,Developing,Asia_Upper middle income
Azerbaijan,1986,Asia,Western Asia,Upper middle income,Developing,Asia_Upper middle income
Azerbaijan,1985,Asia,Western Asia,Upper middle income,Developing,Asia_Upper middle income
Azerbaijan,1984,Asia,Western Asia,Upper middle income,Developing,Asia_Upper middle income
Azerbaijan,1983,Asia,Western Asia,Upper middle income,Developing,Asia_Upper middle income
Azerbaijan,1982,Asia,Western Asia,Upper middle income,Developing,Asia_Upper middle income
Azerbaijan,1981,Asia,Western Asia,Upper middle income,Developing,Asia_Upper middle income
Azerbaijan,1980,Asia,Western Asia,Upper middle income,Developing,Asia_Upper middle income
Azerbaijan,1979,Asia,Western Asia,Upper middle income,Developing,Asia_Upper middle income
Azerbaijan,1978,Asia,Western Asia,Upper middle income,Developing,Asia_Upper middle income
Azerbaijan,1977,Asia,Western Asia,Upper middle income,Developing,Asia_Upper middle income
Azerbaijan,1976,Asia,Western Asia,Upper middle income,Developing,Asia_Upper middle income
Azerbaijan,1975,Asia,Western Asia,Upper middle income,Developing,Asia_Upper middle income
Azerbaijan,1974,Asia,Western Asia,Upper middle income,Developing,Asia_Upper middle income
"Bahamas, The",2024,North America,Caribbean,High income,Developing,North America_High income
"Bahamas, The",2023,North America,Caribbean,High income,Developing,North America_High income
"Bahamas, The",2022,North America,Caribbean,High income,Developing,North America_High income
"Bahamas, The",2021,North America,Caribbean,High income,Developing,North America_High income
"Bahamas, The",2020,North America,Caribbean,High income,Developing,North America_High income
"Bahamas, The",2019,North America,Caribbean,High income,Developing,North America_High income
"Bahamas, The",2018,North America,Caribbean,High income,Developing,North America_High income
"Bahamas, The",2017,North America,Caribbean,High income,Developing,North America_High income
"Bahamas, The",2016,North America,Caribbean,High income,Developing,North America_High income
"Bahamas, The",2015,North America,Caribbean,High income,Developing,North America_High income
"Bahamas, The",2014,North America,Caribbean,High income,Developing,North America_High income
"Bahamas, The",2013,North America,Caribbean,High income,Developing,North America_High income
"Bahamas, The",2012,North America,Caribbean,High income,Developing,North America_High income
"Bahamas, The",2011,North America,Caribbean,High income,Developing,North America_High income
"Bahamas, The",2010,North America,Caribbean,High income,Developing,North America_High income
"Bahamas, The",2009,North America,Caribbean,High income,Developing,North America_High income
"Bahamas, The",2008,North America,Caribbean,High income,Developing,North America_High income
"Bahamas, The",2007,North America,Caribbean,High income,Developing,North America_High income
"Bahamas, The",2006,North America,Caribbean,High income,Developing,North America_High income
"Bahamas, The",2005,North America,Caribbean,High income,Developing,North America_High income
"Bahamas, The",2004,North America,Caribbean,High income,Developing,North America_High income
"Bahamas, The",2003,North America,Caribbean,High income,Developing,North America_High income
"Bahamas, The",2002,North America,Caribbean,High income,Developing,North America_High income
"Bahamas, The",2001,North America,Caribbean,High income,Developing,North America_High income
"Bahamas, The",2000,North America,Caribbean,High income,Developing,North America_High income
"Bahamas, The",1999,North America,Caribbean,High income,Developing,North America_High income
"Bahamas, The",1998,North America,Caribbean,High income,Developing,North America_High income
"Bahamas, The",1997,North America,Caribbean,High income,Developing,North America_High income
"Bahamas, The",1996,North America,Caribbean,High income,Developing,North America_High income
"Bahamas, The",1995,North America,Caribbean,High income,Developing,North America_High income
"Bahamas, The",1994,North America,Caribbean,High income,Developing,North America_High income
"Bahamas, The",1993,North America,Caribbean,High income,Developing,North America_High income
"Bahamas, The",1992,North America,Caribbean,High income,Developing,North America_High income
"Bahamas, The",1991,North America,Caribbean,High income,Developing,North America_High income
"Bahamas, The",1990,North America,Caribbean,High income,Developing,North America_High income
"Bahamas, The",1989,North America,Caribbean,High income,Developing,North America_High income
"Bahamas, The",1988,North America,Caribbean,High income,Developing,North America_High income
"Bahamas, The",1987,North America,Caribbean,High income,Developing,North America_High income
"Bahamas, The",1986,North America,Caribbean,High income,Developing,North America_High income
"Bahamas, The",1985,North America,Caribbean,High income,Developing,North America_High income
"Bahamas, The",1984,North America,Caribbean,High income,Developing,North America_High income
"Bahamas, The",1983,North America,Caribbean,High income,Developing,North America_High income
"Bahamas, The",1982,North America,Caribbean,High income,Developing,North America_High income
"Bahamas, The",1981,North America,Caribbean,High income,Developing,North America_High income
"Bahamas, The",1980,North America,Caribbean,High income,Developing,North America_High income
"Bahamas, The",1979,North America,Caribbean,High income,Developing,North America_High income
"Bahamas, The",1978,North America,Caribbean,High income,Developing,North America_High income
"Bahamas, The",1977,North America,Caribbean,High income,Developing,North America_High income
"Bahamas, The",1976,North America,Caribbean,High income,Developing,North America_High income
"Bahamas, The",1975,North America,Caribbean,High income,Developing,North America_High income
"Bahamas, The",1974,North America,Caribbean,High income,Developing,North America_High income
Bahrain,2024,Asia,Middle East,High income,Developing,Asia_High income
Bahrain,2023,Asia,Middle East,High income,Developing,Asia_High income
Bahrain,2022,Asia,Middle East,High income,Developing,Asia_High income
Bahrain,2021,Asia,Middle East,High income,Developing,Asia_High income
Bahrain,2020,Asia,Middle East,High income,Developing,Asia_High income
Bahrain,2019,Asia,Middle East,High income,Developing,Asia_High income
Bahrain,2018,Asia,Middle East,High income,Developing,Asia_High income
Bahrain,2017,Asia,Middle East,High income,Developing,Asia_High income
Bahrain,2016,Asia,Middle East,High income,Developing,Asia_High income
Bahrain,2015,Asia,Middle East,High income,Developing,Asia_High income
Bahrain,2014,Asia,Middle East,High income,Developing,Asia_High income
Bahrain,2013,Asia,Middle East,High income,Developing,Asia_High income
Bahrain,2012,Asia,Middle East,High income,Developing,Asia_High income
Bahrain,2011,Asia,Middle East,High income,Developing,Asia_High income
Bahrain,2010,Asia,Middle East,High income,Developing,Asia_High income
Bahrain,2009,Asia,Middle East,High income,Developing,Asia_High income
Bahrain,2008,Asia,Middle East,High income,Developing,Asia_High income
Bahrain,2007,Asia,Middle East,High income,Developing,Asia_High income
Bahrain,2006,Asia,Middle East,High income,Developing,Asia_High income
Bahrain,2005,Asia,Middle East,High income,Developing,Asia_High income
Bahrain,2004,Asia,Middle East,High income,Developing,Asia_High income
Bahrain,2003,Asia,Middle East,High income,Developing,Asia_High income
Bahrain,2002,Asia,Middle East,High income,Developing,Asia_High income
Bahrain,2001,Asia,Middle East,High income,Developing,Asia_High income
Bahrain,2000,Asia,Middle East,High income,Developing,Asia_High income
Bahrain,1999,Asia,Middle East,High income,Developing,Asia_High income
Bahrain,1998,Asia,Middle East,High income,Developing,Asia_High income
Bahrain,1997,Asia,Middle East,High income,Developing,Asia_High income
Bahrain,1996,Asia,Middle East,High income,Developing,Asia_High income
Bahrain,1995,Asia,Middle East,High income,Developing,Asia_High income
Bahrain,1994,Asia,Middle East,High income,Developing,Asia_High income
Bahrain,1993,Asia,Middle East,High income,Developing,Asia_High income
Bahrain,1992,Asia,Middle East,High income,Developing,Asia_High income
Bahrain,1991,Asia,Middle East,High income,Developing,Asia_High income
Bahrain,1990,Asia,Middle East,High income,Developing,Asia_High income
Bahrain,1989,Asia,Middle East,High income,Developing,Asia_High income
Bahrain,1988,Asia,Middle East,High income,Developing,Asia_High income
Bahrain,1987,Asia,Middle East,High income,Developing,Asia_High income
Bahrain,1986,Asia,Middle East,High income,Developing,Asia_High income
Bahrain,1985,Asia,Middle East,High income,Developing,Asia_High income
Bahrain,1984,Asia,Middle East,High income,Developing,Asia_High income
Bahrain,1983,Asia,Middle East,High income,Developing,Asia_High income
Bahrain,1982,Asia,Middle East,High income,Developing,Asia_High income
Bahrain,1981,Asia,Middle East,High income,Developing,Asia_High income
Bahrain,1980,Asia,Middle East,High income,Developing,Asia_High income
Bahrain,1979,Asia,Middle East,High income,Developing,Asia_High income
Bahrain,1978,Asia,Middle East,High income,Developing,Asia_High income
Bahrain,1977,Asia,Middle East,High income,Developing,Asia_High income
Bahrain,1976,Asia,Middle East,High income,Developing,Asia_High income
Bahrain,1975,Asia,Middle East,High income,Developing,Asia_High income
Bahrain,1974,Asia,Middle East,High income,Developing,Asia_High income
Bangladesh,2024,Asia,South Asia,Lower middle income,Developing,Asia_Lower middle income
Bangladesh,2023,Asia,South Asia,Lower middle income,Developing,Asia_Lower middle income
Bangladesh,2022,Asia,South Asia,Lower middle income,Developing,Asia_Lower middle income
Bangladesh,2021,Asia,South Asia,Lower middle income,Developing,Asia_Lower middle income
Bangladesh,2020,Asia,South Asia,Lower middle income,Developing,Asia_Lower middle income
Bangladesh,2019,Asia,South Asia,Lower middle income,Developing,Asia_Lower middle income
Bangladesh,2018,Asia,South Asia,Lower middle income,Developing,Asia_Lower middle income
Bangladesh,2017,Asia,South Asia,Lower middle income,Developing,Asia_Lower middle income
Bangladesh,2016,Asia,South Asia,Lower middle income,Developing,Asia_Lower middle income
Bangladesh,2015,Asia,South Asia,Lower middle income,Developing,Asia_Lower middle income
Bangladesh,2014,Asia,South Asia,Lower middle income,Developing,Asia_Lower middle income
Bangladesh,2013,Asia,South Asia,Lower middle income,Developing,Asia_Lower middle income
Bangladesh,2012,Asia,South Asia,Lower middle income,Developing,Asia_Lower middle income
Bangladesh,2011,Asia,South Asia,Lower middle income,Developing,Asia_Lower middle income
Bangladesh,2010,Asia,South Asia,Lower middle income,Developing,Asia_Lower middle income
Bangladesh,2009,Asia,South Asia,Lower middle income,Developing,Asia_Lower middle income
Bangladesh,2008,Asia,South Asia,Lower middle income,Developing,Asia_Lower middle income
Bangladesh,2007,Asia,South Asia,Lower middle income,Developing,Asia_Lower middle income
Bangladesh,2006,Asia,South Asia,Lower middle income,Developing,Asia_Lower middle income
Bangladesh,2005,Asia,South Asia,Lower middle income,Developing,Asia_Lower middle income
Bangladesh,2004,Asia,South Asia,Lower middle income,Developing,Asia_Lower middle income
Bangladesh,2003,Asia,South Asia,Lower middle income,Developing,Asia_Lower middle income
Bangladesh,2002,Asia,South Asia,Lower middle income,Developing,Asia_Lower middle income
Bangladesh,2001,Asia,South Asia,Lower middle income,Developing,Asia_Lower middle income
Bangladesh,2000,Asia,South Asia,Lower middle income,Developing,Asia_Lower middle income
Bangladesh,1999,Asia,South Asia,Lower middle income,Developing,Asia_Lower middle income
Bangladesh,1998,Asia,South Asia,Lower middle income,Developing,Asia_Lower middle income
Bangladesh,1997,Asia,South Asia,Lower middle income,Developing,Asia_Lower middle income
Bangladesh,1996,Asia,South Asia,Lower middle income,Developing,Asia_Lower middle income
Bangladesh,1995,Asia,South Asia,Lower middle income,Developing,Asia_Lower middle income
Bangladesh,1994,Asia,South Asia,Lower middle income,Developing,Asia_Lower middle income
Bangladesh,1993,Asia,South Asia,Lower middle income,Developing,Asia_Lower middle income
Bangladesh,1992,Asia,South Asia,Lower middle income,Developing,Asia_Lower middle income
Bangladesh,1991,Asia,South Asia,Lower middle income,Developing,Asia_Lower middle income
Bangladesh,1990,Asia,South Asia,Lower middle income,Developing,Asia_Lower middle income
Bangladesh,1989,Asia,South Asia,Lower middle income,Developing,Asia_Lower middle income
Bangladesh,1988,Asia,South Asia,Lower middle income,Developing,Asia_Lower middle income
Bangladesh,1987,Asia,South Asia,Lower middle income,Developing,Asia_Lower middle income
Bangladesh,1986,Asia,South Asia,Lower middle income,Developing,Asia_Lower middle income
Bangladesh,1985,Asia,South Asia,Lower middle income,Developing,Asia_Lower middle income
Bangladesh,1984,Asia,South Asia,Lower middle income,Developing,Asia_Lower middle income
Bangladesh,1983,Asia,South Asia,Lower middle income,Developing,Asia_Lower middle income
Bangladesh,1982,Asia,South Asia,Lower middle income,Developing,Asia_Lower middle income
Bangladesh,1981,Asia,South Asia,Lower middle income,Developing,Asia_Lower middle income
Bangladesh,1980,Asia,South Asia,Lower middle income,Developing,Asia_Lower middle income
Bangladesh,1979,Asia,South Asia,Lower middle income,Developing,Asia_Lower middle income
Bangladesh,1978,Asia,South Asia,Lower middle income,Developing,Asia_Lower middle income
Bangladesh,1977,Asia,South Asia,Lower middle income,Developing,Asia_Lower middle income
Bangladesh,1976,Asia,South Asia,Lower middle income,Developing,Asia_Lower middle income
Bangladesh,1975,Asia,South Asia,Lower middle income,Developing,Asia_Lower middle income
Bangladesh,1974,Asia,South Asia,Lower middle income,Developing,Asia_Lower middle income
Barbados,2024,North America,Caribbean,High income,Developing,North America_High income
Barbados,2023,North America,Caribbean,High income,Developing,North America_High income
Barbados,2022,North America,Caribbean,High income,Developing,North America_High income
Barbados,2021,North America,Caribbean,High income,Developing,North America_High income
Barbados,2020,North America,Caribbean,High income,Developing,North America_High income
Barbados,2019,North America,Caribbean,High income,Developing,North America_High income
Barbados,2018,North America,Caribbean,High income,Developing,North America_High income
Barbados,2017,North America,Caribbean,High income,Developing,North America_High income
Barbados,2016,North America,Caribbean,High income,Developing,North America_High income
Barbados,2015,North America,Caribbean,High income,Developing,North America_High income
Barbados,2014,North America,Caribbean,High income,Developing,North America_High income
Barbados,2013,North America,Caribbean,High income,Developing,North America_High income
Barbados,2012,North America,Caribbean,High income,Developing,North America_High income
Barbados,2011,North America,Caribbean,High income,Developing,North America_High income
Barbados,2010,North America,Caribbean,High income,Developing,North America_High income
Barbados,2009,North America,Caribbean,High income,Developing,North America_High income
Barbados,2008,North America,Caribbean,High income,Developing,North America_High income
Barbados,2007,North America,Caribbean,High income,Developing,North America_High income
Barbados,2006,North America,Caribbean,High income,Developing,North America_High income
Barbados,2005,North America,Caribbean,High income,Developing,North America_High income
Barbados,2004,North America,Caribbean,High income,Developing,North America_High income
Barbados,2003,North America,Caribbean,High income,Developing,North America_High income
Barbados,2002,North America,Caribbean,High income,Developing,North America_High income
Barbados,2001,North America,Caribbean,High income,Developing,North America_High income
Barbados,2000,North America,Caribbean,High income,Developing,North America_High income
Barbados,1999,North America,Caribbean,High income,Developing,North America_High income
Barbados,1998,North America,Caribbean,High income,Developing,North America_High income
Barbados,1997,North America,Caribbean,High income,Developing,North America_High income
Barbados,1996,North America,Caribbean,High income,Developing,North America_High income
Barbados,1995,North America,Caribbean,High income,Developing,North America_High income
Barbados,1994,North America,Caribbean,High income,Developing,North America_High income
Barbados,1993,North America,Caribbean,High income,Developing,North America_High income
Barbados,1992,North America,Caribbean,High income,Developing,North America_High income
Barbados,1991,North America,Caribbean,High income,Developing,North America_High income
Barbados,1990,North America,Caribbean,High income,Developing,North America_High income
Barbados,1989,North America,Caribbean,High income,Developing,North America_High income
Barbados,1988,North America,Caribbean,High income,Developing,North America_High income
Barbados,1987,North America,Caribbean,High income,Developing,North America_High income
Barbados,1986,North America,Caribbean,High income,Developing,North America_High income
Barbados,1985,North America,Caribbean,High income,Developing,North America_High income
Barbados,1984,North America,Caribbean,High income,Developing,North America_High income
Barbados,1983,North America,Caribbean,High income,Developing,North America_High income
Barbados,1982,North America,Caribbean,High income,Developing,North America_High income
Barbados,1981,North America,Caribbean,High income,Developing,North America_High income
Barbados,1980,North America,Caribbean,High income,Developing,North America_High income
Barbados,1979,North America,Caribbean,High income,Developing,North America_High income
Barbados,1978,North America,Caribbean,High income,Developing,North America_High income
Barbados,1977,North America,Caribbean,High income,Developing,North America_High income
Barbados,1976,North America,Caribbean,High income,Developing,North America_High income
Barbados,1975,North America,Caribbean,High income,Developing,North America_High income
Barbados,1974,North America,Caribbean,High income,Developing,North America_High income
Belarus,2024,Europe,Eastern Europe,Upper middle income,Developing,Europe_Upper middle income
Belarus,2023,Europe,Eastern Europe,Upper middle income,Developing,Europe_Upper middle income
Belarus,2022,Europe,Eastern Europe,Upper middle income,Developing,Europe_Upper middle income
Belarus,2021,Europe,Eastern Europe,Upper middle income,Developing,Europe_Upper middle income
Belarus,2020,Europe,Eastern Europe,Upper middle income,Developing,Europe_Upper middle income
Belarus,2019,Europe,Eastern Europe,Upper middle income,Developing,Europe_Upper middle income
Belarus,2018,Europe,Eastern Europe,Upper middle income,Developing,Europe_Upper middle income
Belarus,2017,Europe,Eastern Europe,Upper middle income,Developing,Europe_Upper middle income
Belarus,2016,Europe,Eastern Europe,Upper middle income,Developing,Europe_Upper middle income
Belarus,2015,Europe,Eastern Europe,Upper middle income,Developing,Europe_Upper middle income
Belarus,2014,Europe,Eastern Europe,Upper middle income,Developing,Europe_Upper middle income
Belarus,2013,Europe,Eastern Europe,Upper middle income,Developing,Europe_Upper middle income
Belarus,2012,Europe,Eastern Europe,Upper middle income,Developing,Europe_Upper middle income
Belarus,2011,Europe,Eastern Europe,Upper middle income,Developing,Europe_Upper middle income
Belarus,2010,Europe,Eastern Europe,Upper middle income,Developing,Europe_Upper middle income
Belarus,2009,Europe,Eastern Europe,Upper middle income,Developing,Europe_Upper middle income
Belarus,2008,Europe,Eastern Europe,Upper middle income,Developing,Europe_Upper middle income
Belarus,2007,Europe,Eastern Europe,Upper middle income,Developing,Europe_Upper middle income
Belarus,2006,Europe,Eastern Europe,Upper middle income,Developing,Europe_Upper middle income
Belarus,2005,Europe,Eastern Europe,Upper middle income,Developing,Europe_Upper middle income
Belarus,2004,Europe,Eastern Europe,Upper middle income,Developing,Europe_Upper middle income
Belarus,2003,Europe,Eastern Europe,Upper middle income,Developing,Europe_Upper middle income
Belarus,2002,Europe,Eastern Europe,Upper middle income,Developing,Europe_Upper middle income
Belarus,2001,Europe,Eastern Europe,Upper middle income,Developing,Europe_Upper middle income
Belarus,2000,Europe,Eastern Europe,Upper middle income,Developing,Europe_Upper middle income
Belarus,1999,Europe,Eastern Europe,Upper middle income,Developing,Europe_Upper middle income
Belarus,1998,Europe,Eastern Europe,Upper middle income,Developing,Europe_Upper middle income
Belarus,1997,Europe,Eastern Europe,Upper middle income,Developing,Europe_Upper middle income
Belarus,1996,Europe,Eastern Europe,Upper middle income,Developing,Europe_Upper middle income
Belarus,1995,Europe,Eastern Europe,Upper middle income,Developing,Europe_Upper middle income
Belarus,1994,Europe,Eastern Europe,Upper middle income,Developing,Europe_Upper middle income
Belarus,1993,Europe,Eastern Europe,Upper middle income,Developing,Europe_Upper middle income
Belarus,1992,Europe,Eastern Europe,Upper middle income,Developing,Europe_Upper middle income
Belarus,1991,Europe,Eastern Europe,Upper middle income,Developing,Europe_Upper middle income
Belarus,1990,Europe,Eastern Europe,Upper middle income,Developing,Europe_Upper middle income
Belarus,1989,Europe,Eastern Europe,Upper middle income,Developing,Europe_Upper middle income
Belarus,1988,Europe,Eastern Europe,Upper middle income,Developing,Europe_Upper middle income
Belarus,1987,Europe,Eastern Europe,Upper middle income,Developing,Europe_Upper middle income
Belarus,1986,Europe,Eastern Europe,Upper middle income,Developing,Europe_Upper middle income
Belarus,1985,Europe,Eastern Europe,Upper middle income,Developing,Europe_Upper middle income
Belarus,1984,Europe,Eastern Europe,Upper middle income,Developing,Europe_Upper middle income
Belarus,1983,Europe,Eastern Europe,Upper middle income,Developing,Europe_Upper middle income
Belarus,1982,Europe,Eastern Europe,Upper middle income,Developing,Europe_Upper middle income
Belarus,1981,Europe,Eastern Europe,Upper middle income,Developing,Europe_Upper middle income
Belarus,1980,Europe,Eastern Europe,Upper middle income,Developing,Europe_Upper middle income
Belarus,1979,Europe,Eastern Europe,Upper middle income,Developing,Europe_Upper middle income
Belarus,1978,Europe,Eastern Europe,Upper middle income,Developing,Europe_Upper middle income
Belarus,1977,Europe,Eastern Europe,Upper middle income,Developing,Europe_Upper middle income
Belarus,1976,Europe,Eastern Europe,Upper middle income,Developing,Europe_Upper middle income
Belarus,1975,Europe,Eastern Europe,Upper middle income,Developing,Europe_Upper middle income
Belarus,1974,Europe,Eastern Europe,Upper middle income,Developing,Europe_Upper middle income
Belgium,2024,Europe,Western Europe,High income,Developed,Europe_High income
Belgium,2023,Europe,Western Europe,High income,Developed,Europe_High income
Belgium,2022,Europe,Western Europe,High income,Developed,Europe_High income
Belgium,2021,Europe,Western Europe,High income,Developed,Europe_High income
Belgium,2020,Europe,Western Europe,High income,Developed,Europe_High income
Belgium,2019,Europe,Western Europe,High income,Developed,Europe_High income
Belgium,2018,Europe,Western Europe,High income,Developed,Europe_High income
Belgium,2017,Europe,Western Europe,High income,Developed,Europe_High income
Belgium,2016,Europe,Western Europe,High income,Developed,Europe_High income
Belgium,2015,Europe,Western Europe,High income,Developed,Europe_High income
Belgium,2014,Europe,Western Europe,High income,Developed,Europe_High income
Belgium,2013,Europe,Western Europe,High income,Developed,Europe_High income
Belgium,2012,Europe,Western Europe,High income,Developed,Europe_High income
Belgium,2011,Europe,Western Europe,High income,Developed,Europe_High income
Belgium,2010,Europe,Western Europe,High income,Developed,Europe_High income
Belgium,2009,Europe,Western Europe,High income,Developed,Europe_High income
Belgium,2008,Europe,Western Europe,High income,Developed,Europe_High income
Belgium,2007,Europe,Western Europe,High income,Developed,Europe_High income
Belgium,2006,Europe,Western Europe,High income,Developed,Europe_High income
Belgium,2005,Europe,Western Europe,High income,Developed,Europe_High income
Belgium,2004,Europe,Western Europe,High income,Developed,Europe_High income
Belgium,2003,Europe,Western Europe,High income,Developed,Europe_High income
Belgium,2002,Europe,Western Europe,High income,Developed,Europe_High income
Belgium,2001,Europe,Western Europe,High income,Developed,Europe_High income
Belgium,2000,Europe,Western Europe,High income,Developed,Europe_High income
Belgium,1999,Europe,Western Europe,High income,Developed,Europe_High income
Belgium,1998,Europe,Western Europe,High income,Developed,Europe_High income
Belgium,1997,Europe,Western Europe,High income,Developed,Europe_High income
Belgium,1996,Europe,Western Europe,High income,Developed,Europe_High income
Belgium,1995,Europe,Western Europe,High income,Developed,Europe_High income
Belgium,1994,Europe,Western Europe,High income,Developed,Europe_High income
Belgium,1993,Europe,Western Europe,High income,Developed,Europe_High income
Belgium,1992,Europe,Western Europe,High income,Developed,Europe_High income
Belgium,1991,Europe,Western Europe,High income,Developed,Europe_High income
Belgium,1990,Europe,Western Europe,High income,Developed,Europe_High income
Belgium,1989,Europe,Western Europe,High income,Developed,Europe_High income
Belgium,1988,Europe,Western Europe,High income,Developed,Europe_High income
Belgium,1987,Europe,Western Europe,High income,Developed,Europe_High income
Belgium,1986,Europe,Western Europe,High income,Developed,Europe_High income
Belgium,1985,Europe,Western Europe,High income,Developed,Europe_High income
Belgium,1984,Europe,Western Europe,High income,Developed,Europe_High income
Belgium,1983,Europe,Western Europe,High income,Developed,Europe_High income
Belgium,1982,Europe,Western Europe,High income,Developed,Europe_High income
Belgium,1981,Europe,Western Europe,High income,Developed,Europe_High income
Belgium,1980,Europe,Western Europe,High income,Developed,Europe_High income
Belgium,1979,Europe,Western Europe,High income,Developed,Europe_High income
Belgium,1978,Europe,Western Europe,High income,Developed,Europe_High income
Belgium,1977,Europe,Western Europe,High income,Developed,Europe_High income
Belgium,1976,Europe,Western Europe,High income,Developed,Europe_High income
Belgium,1975,Europe,Western Europe,High income,Developed,Europe_High income
Belgium,1974,Europe,Western Europe,High income,Developed,Europe_High income
Belize,2024,North America,Central America,Upper middle income,Developing,North America_Upper middle income
Belize,2023,North America,Central America,Upper middle income,Developing,North America_Upper middle income
Belize,2022,North America,Central America,Upper middle income,Developing,North America_Upper middle income
Belize,2021,North America,Central America,Upper middle income,Developing,North America_Upper middle income
Belize,2020,North America,Central America,Upper middle income,Developing,North America_Upper middle income
Belize,2019,North America,Central America,Upper middle income,Developing,North America_Upper middle income
Belize,2018,North America,Central America,Upper middle income,Developing,North America_Upper middle income
Belize,2017,North America,Central America,Upper middle income,Developing,North America_Upper middle income
Belize,2016,North America,Central America,Upper middle income,Developing,North America_Upper middle income
Belize,2015,North America,Central America,Upper middle income,Developing,North America_Upper middle income
Belize,2014,North America,Central America,Upper middle income,Developing,North America_Upper middle income
Belize,2013,North America,Central America,Upper middle income,Developing,North America_Upper middle income
Belize,2012,North America,Central America,Upper middle income,Developing,North America_Upper middle income
Belize,2011,North America,Central America,Upper middle income,Developing,North America_Upper middle income
Belize,2010,North America,Central America,Upper middle income,Developing,North America_Upper middle income
Belize,2009,North America,Central America,Upper middle income,Developing,North America_Upper middle income
Belize,2008,North America,Central America,Upper middle income,Developing,North America_Upper middle income
Belize,2007,North America,Central America,Upper middle income,Developing,North America_Upper middle income
Belize,2006,North America,Central America,Upper middle income,Developing,North America_Upper middle income
Belize,2005,North America,Central America,Upper middle income,Developing,North America_Upper middle income
Belize,2004,North America,Central America,Upper middle income,Developing,North America_Upper middle income
Belize,2003,North America,Central America,Upper middle income,Developing,North America_Upper middle income
Belize,2002,North America,Central America,Upper middle income,Developing,North America_Upper middle income
Belize,2001,North America,Central America,Upper middle income,Developing,North America_Upper middle income
Belize,2000,North America,Central America,Upper middle income,Developing,North America_Upper middle income
Belize,1999,North America,Central America,Upper middle income,Developing,North America_Upper middle income
Belize,1998,North America,Central America,Upper middle income,Developing,North America_Upper middle income
Belize,1997,North America,Central America,Upper middle income,Developing,North America_Upper middle income
Belize,1996,North America,Central America,Upper middle income,Developing,North America_Upper middle income
Belize,1995,North America,Central America,Upper middle income,Developing,North America_Upper middle income
Belize,1994,North America,Central America,Upper middle income,Developing,North America_Upper middle income
Belize,1993,North America,Central America,Upper middle income,Developing,North America_Upper middle income
Belize,1992,North America,Central America,Upper middle income,Developing,North America_Upper middle income
Belize,1991,North America,Central America,Upper middle income,Developing,North America_Upper middle income
Belize,1990,North America,Central America,Upper middle income,Developing,North America_Upper middle income
Belize,1989,North America,Central America,Upper middle income,Developing,North America_Upper middle income
Belize,1988,North America,Central America,Upper middle income,Developing,North America_Upper middle income
Belize,1987,North America,Central America,Upper middle income,Developing,North America_Upper middle income
Belize,1986,North America,Central America,Upper middle income,Developing,North America_Upper middle income
Belize,1985,North America,Central America,Upper middle income,Developing,North America_Upper middle income
Belize,1984,North America,Central America,Upper middle income,Developing,North America_Upper middle income
Belize,1983,North America,Central America,Upper middle income,Developing,North America_Upper middle income
Belize,1982,North America,Central America,Upper middle income,Developing,North America_Upper middle income
Belize,1981,North America,Central America,Upper middle income,Developing,North America_Upper middle income
Belize,1980,North America,Central America,Upper middle income,Developing,North America_Upper middle income
Belize,1979,North America,Central America,Upper middle income,Developing,North America_Upper middle income
Belize,1978,North America,Central America,Upper middle income,Developing,North America_Upper middle income
Belize,1977,North America,Central America,Upper middle income,Developing,North America_Upper middle income
Belize,1976,North America,Central America,Upper middle income,Developing,North America_Upper middle income
Belize,1975,North America,Central America,Upper middle income,Developing,North America_Upper middle income
Belize,1974,North America,Central America,Upper middle income,Developing,North America_Upper middle income
Benin,2024,Africa,West Africa,Low income,Developing,Africa_Low income
Benin,2023,Africa,West Africa,Low income,Developing,Africa_Low income
Benin,2022,Africa,West Africa,Low income,Developing,Africa_Low income
Benin,2021,Africa,West Africa,Low income,Developing,Africa_Low income
Benin,2020,Africa,West Africa,Low income,Developing,Africa_Low income
Benin,2019,Africa,West Africa,Low income,Developing,Africa_Low income
Benin,2018,Africa,West Africa,Low income,Developing,Africa_Low income
Benin,2017,Africa,West Africa,Low income,Developing,Africa_Low income
Benin,2016,Africa,West Africa,Low income,Developing,Africa_Low income
Benin,2015,Africa,West Africa,Low income,Developing,Africa_Low income
Benin,2014,Africa,West Africa,Low income,Developing,Africa_Low income
Benin,2013,Africa,West Africa,Low income,Developing,Africa_Low income
Benin,2012,Africa,West Africa,Low income,Developing,Africa_Low income
Benin,2011,Africa,West Africa,Low income,Developing,Africa_Low income
Benin,2010,Africa,West Africa,Low income,Developing,Africa_Low income
Benin,2009,Africa,West Africa,Low income,Developing,Africa_Low income
Benin,2008,Africa,West Africa,Low income,Developing,Africa_Low income
Benin,2007,Africa,West Africa,Low income,Developing,Africa_Low income
Benin,2006,Africa,West Africa,Low income,Developing,Africa_Low income
Benin,2005,Africa,West Africa,Low income,Developing,Africa_Low income
Benin,2004,Africa,West Africa,Low income,Developing,Africa_Low income
Benin,2003,Africa,West Africa,Low income,Developing,Africa_Low income
Benin,2002,Africa,West Africa,Low income,Developing,Africa_Low income
Benin,2001,Africa,West Africa,Low income,Developing,Africa_Low income
Benin,2000,Africa,West Africa,Low income,Developing,Africa_Low income
Benin,1999,Africa,West Africa,Low income,Developing,Africa_Low income
Benin,1998,Africa,West Africa,Low income,Developing,Africa_Low income
Benin,1997,Africa,West Africa,Low income,Developing,Africa_Low income
Benin,1996,Africa,West Africa,Low income,Developing,Africa_Low income
Benin,1995,Africa,West Africa,Low income,Developing,Africa_Low income
Benin,1994,Africa,West Africa,Low income,Developing,Africa_Low income
Benin,1993,Africa,West Africa,Low income,Developing,Africa_Low income
Benin,1992,Africa,West Africa,Low income,Developing,Africa_Low income
Benin,1991,Africa,West Africa,Low income,Developing,Africa_Low income
Benin,1990,Africa,West Africa,Low income,Developing,Africa_Low income
Benin,1989,Africa,West Africa,Low income,Developing,Africa_Low income
Benin,1988,Africa,West Africa,Low income,Developing,Africa_Low income
Benin,1987,Africa,West Africa,Low income,Developing,Africa_Low income
Benin,1986,Africa,West Africa,Low income,Developing,Africa_Low income
Benin,1985,Africa,West Africa,Low income,Developing,Africa_Low income
Benin,1984,Africa,West Africa,Low income,Developing,Africa_Low income
Benin,1983,Africa,West Africa,Low income,Developing,Africa_Low income
Benin,1982,Africa,West Africa,Low income,Developing,Africa_Low income
Benin,1981,Africa,West Africa,Low income,Developing,Africa_Low income
Benin,1980,Africa,West Africa,Low income,Developing,Africa_Low income
Benin,1979,Africa,West Africa,Low income,Developing,Africa_Low income
Benin,1978,Africa,West Africa,Low income,Developing,Africa_Low income
Benin,1977,Africa,West Africa,Low income,Developing,Africa_Low income
Benin,1976,Africa,West Africa,Low income,Developing,Africa_Low income
Benin,1975,Africa,West Africa,Low income,Developing,Africa_Low income
Benin,1974,Africa,West Africa,Low income,Developing,Africa_Low income
Bermuda,2024,North America,Caribbean,High income,Developed,North America_High income
Bermuda,2023,North America,Caribbean,High income,Developed,North America_High income
Bermuda,2022,North America,Caribbean,High income,Developed,North America_High income
Bermuda,2021,North America,Caribbean,High income,Developed,North America_High income
Bermuda,2020,North America,Caribbean,High income,Developed,North America_High income
Bermuda,2019,North America,Caribbean,High income,Developed,North America_High income
Bermuda,2018,North America,Caribbean,High income,Developed,North America_High income
Bermuda,2017,North America,Caribbean,High income,Developed,North America_High income
Bermuda,2016,North America,Caribbean,High income,Developed,North America_High income
Bermuda,2015,North America,Caribbean,High income,Developed,North America_High income
Bermuda,2014,North America,Caribbean,High income,Developed,North America_High income
Bermuda,2013,North America,Caribbean,High income,Developed,North America_High income
Bermuda,2012,North America,Caribbean,High income,Developed,North America_High income
Bermuda,2011,North America,Caribbean,High income,Developed,North America_High income
Bermuda,2010,North America,Caribbean,High income,Developed,North America_High income
Bermuda,2009,North America,Caribbean,High income,Developed,North America_High income
Bermuda,2008,North America,Caribbean,High income,Developed,North America_High income
Bermuda,2007,North America,Caribbean,High income,Developed,North America_High income
Bermuda,2006,North America,Caribbean,High income,Developed,North America_High income
Bermuda,2005,North America,Caribbean,High income,Developed,North America_High income
Bermuda,2004,North America,Caribbean,High income,Developed,North America_High income
Bermuda,2003,North America,Caribbean,High income,Developed,North America_High income
Bermuda,2002,North America,Caribbean,High income,Developed,North America_High income
Bermuda,2001,North America,Caribbean,High income,Developed,North America_High income
Bermuda,2000,North America,Caribbean,High income,Developed,North America_High income
Bermuda,1999,North America,Caribbean,High income,Developed,North America_High income
Bermuda,1998,North America,Caribbean,High income,Developed,North America_High income
Bermuda,1997,North America,Caribbean,High income,Developed,North America_High income
Bermuda,1996,North America,Caribbean,High income,Developed,North America_High income
Bermuda,1995,North America,Caribbean,High income,Developed,North America_High income
Bermuda,1994,North America,Caribbean,High income,Developed,North America_High income
Bermuda,1993,North America,Caribbean,High income,Developed,North America_High income
Bermuda,1992,North America,Caribbean,High income,Developed,North America_High income
Bermuda,1991,North America,Caribbean,High income,Developed,North America_High income
Bermuda,1990,North America,Caribbean,High income,Developed,North America_High income
Bermuda,1989,North America,Caribbean,High income,Developed,North America_High income
Bermuda,1988,North America,Caribbean,High income,Developed,North America_High income
Bermuda,1987,North America,Caribbean,High income,Developed,North America_High income
Bermuda,1986,North America,Caribbean,High income,Developed,North America_High income
Bermuda,1985,North America,Caribbean,High income,Developed,North America_High income
Bermuda,1984,North America,Caribbean,High income,Developed,North America_High income
Bermuda,1983,North America,Caribbean,High income,Developed,North America_High income
Bermuda,1982,North America,Caribbean,High income,Developed,North America_High income
Bermuda,1981,North America,Caribbean,High income,Developed,North America_High income
Bermuda,1980,North America,Caribbean,High income,Developed,North America_High income
Bermuda,1979,North America,Caribbean,High income,Developed,North America_High income
Bermuda,1978,North America,Caribbean,High income,Developed,North America_High income
Bermuda,1977,North America,Caribbean,High income,Developed,North America_High income
Bermuda,1976,North America,Caribbean,High income,Developed,North America_High income
Bermuda,1975,North America,Caribbean,High income,Developed,North America_High income
Bermuda,1974,North America,Caribbean,High income,Developed,North America_High income
Bhutan,2024,Asia,South Asia,Lower middle income,Developing,Asia_Lower middle income
Bhutan,2023,Asia,South Asia,Lower middle income,Developing,Asia_Lower middle income
Bhutan,2022,Asia,South Asia,Lower middle income,Developing,Asia_Lower middle income
Bhutan,2021,Asia,South Asia,Lower middle income,Developing,Asia_Lower middle income
Bhutan,2020,Asia,South Asia,Lower middle income,Developing,Asia_Lower middle income
Bhutan,2019,Asia,South Asia,Lower middle income,Developing,Asia_Lower middle income
Bhutan,2018,Asia,South Asia,Lower middle income,Developing,Asia_Lower middle income
Bhutan,2017,Asia,South Asia,Lower middle income,Developing,Asia_Lower middle income
Bhutan,2016,Asia,South Asia,Lower middle income,Developing,Asia_Lower middle income
Bhutan,2015,Asia,South Asia,Lower middle income,Developing,Asia_Lower middle income
Bhutan,2014,Asia,South Asia,Lower middle income,Developing,Asia_Lower middle income
Bhutan,2013,Asia,South Asia,Lower middle income,Developing,Asia_Lower middle income
Bhutan,2012,Asia,South Asia,Lower middle income,Developing,Asia_Lower middle income
Bhutan,2011,Asia,South Asia,Lower middle income,Developing,Asia_Lower middle income
Bhutan,2010,Asia,South Asia,Lower middle income,Developing,Asia_Lower middle income
Bhutan,2009,Asia,South Asia,Lower middle income,Developing,Asia_Lower middle income
Bhutan,2008,Asia,South Asia,Lower middle income,Developing,Asia_Lower middle income
Bhutan,2007,Asia,South Asia,Lower middle income,Developing,Asia_Lower middle income
Bhutan,2006,Asia,South Asia,Lower middle income,Developing,Asia_Lower middle income
Bhutan,2005,Asia,South Asia,Lower middle income,Developing,Asia_Lower middle income
Bhutan,2004,Asia,South Asia,Lower middle income,Developing,Asia_Lower middle income
Bhutan,2003,Asia,South Asia,Lower middle income,Developing,Asia_Lower middle income
Bhutan,2002,Asia,South Asia,Lower middle income,Developing,Asia_Lower middle income
Bhutan,2001,Asia,South Asia,Lower middle income,Developing,Asia_Lower middle income
Bhutan,2000,Asia,South Asia,Lower middle income,Developing,Asia_Lower middle income
Bhutan,1999,Asia,South Asia,Lower middle income,Developing,Asia_Lower middle income
Bhutan,1998,Asia,South Asia,Lower middle income,Developing,Asia_Lower middle income
Bhutan,1997,Asia,South Asia,Lower middle income,Developing,Asia_Lower middle income
Bhutan,1996,Asia,South Asia,Lower middle income,Developing,Asia_Lower middle income
Bhutan,1995,Asia,South Asia,Lower middle income,Developing,Asia_Lower middle income
Bhutan,1994,Asia,South Asia,Lower middle income,Developing,Asia_Lower middle income
Bhutan,1993,Asia,South Asia,Lower middle income,Developing,Asia_Lower middle income
Bhutan,1992,Asia,South Asia,Lower middle income,Developing,Asia_Lower middle income
Bhutan,1991,Asia,South Asia,Lower middle income,Developing,Asia_Lower middle income
Bhutan,1990,Asia,South Asia,Lower middle income,Developing,Asia_Lower middle income
Bhutan,1989,Asia,South Asia,Lower middle income,Developing,Asia_Lower middle income
Bhutan,1988,Asia,South Asia,Lower middle income,Developing,Asia_Lower middle income
Bhutan,1987,Asia,South Asia,Lower middle income,Developing,Asia_Lower middle income
Bhutan,1986,Asia,South Asia,Lower middle income,Developing,Asia_Lower middle income
Bhutan,1985,Asia,South Asia,Lower middle income,Developing,Asia_Lower middle income
Bhutan,1984,Asia,South Asia,Lower middle income,Developing,Asia_Lower middle income
Bhutan,1983,Asia,South Asia,Lower middle income,Developing,Asia_Lower middle income
Bhutan,1982,Asia,South Asia,Lower middle income,Developing,Asia_Lower middle income
Bhutan,1981,Asia,South Asia,Lower middle income,Developing,Asia_Lower middle income
Bhutan,1980,Asia,South Asia,Lower middle income,Developing,Asia_Lower middle income
Bhutan,1979,Asia,South Asia,Lower middle income,Developing,Asia_Lower middle income
Bhutan,1978,Asia,South Asia,Lower middle income,Developing,Asia_Lower middle income
Bhutan,1977,Asia,South Asia,Lower middle income,Developing,Asia_Lower middle income
Bhutan,1976,Asia,South Asia,Lower middle income,Developing,Asia_Lower middle income
Bhutan,1975,Asia,South Asia,Lower middle income,Developing,Asia_Lower middle income
Bhutan,1974,Asia,South Asia,Lower middle income,Developing,Asia_Lower middle income
Bolivia,2024,South America,South America,Lower middle income,Developing,South America_Lower middle income
Bolivia,2023,South America,South America,Lower middle income,Developing,South America_Lower middle income
Bolivia,2022,South America,South America,Lower middle income,Developing,South America_Lower middle income
Bolivia,2021,South America,South America,Lower middle income,Developing,South America_Lower middle income
Bolivia,2020,South America,South America,Lower middle income,Developing,South America_Lower middle income
Bolivia,2019,South America,South America,Lower middle income,Developing,South America_Lower middle income
Bolivia,2018,South America,South America,Lower middle income,Developing,South America_Lower middle income
Bolivia,2017,South America,South America,Lower middle income,Developing,South America_Lower middle income
Bolivia,2016,South America,South America,Lower middle income,Developing,South America_Lower middle income
Bolivia,2015,South America,South America,Lower middle income,Developing,South America_Lower middle income
Bolivia,2014,South America,South America,Lower middle income,Developing,South America_Lower middle income
Bolivia,2013,South America,South America,Lower middle income,Developing,South America_Lower middle income
Bolivia,2012,South America,South America,Lower middle income,Developing,South America_Lower middle income
Bolivia,2011,South America,South America,Lower middle income,Developing,South America_Lower middle income
Bolivia,2010,South America,South America,Lower middle income,Developing,South America_Lower middle income
Bolivia,2009,South America,South America,Lower middle income,Developing,South America_Lower middle income
Bolivia,2008,South America,South America,Lower middle income,Developing,South America_Lower middle income
Bolivia,2007,South America,South America,Lower middle income,Developing,South America_Lower middle income
Bolivia,2006,South America,South America,Lower middle income,Developing,South America_Lower middle income
Bolivia,2005,South America,South America,Lower middle income,Developing,South America_Lower middle income
Bolivia,2004,South America,South America,Lower middle income,Developing,South America_Lower middle income
Bolivia,2003,South America,South America,Lower middle income,Developing,South America_Lower middle income
Bolivia,2002,South America,South America,Lower middle income,Developing,South America_Lower middle income
Bolivia,2001,South America,South America,Lower middle income,Developing,South America_Lower middle income
Bolivia,2000,South America,South America,Lower middle income,Developing,South America_Lower middle income
Bolivia,1999,South America,South America,Lower middle income,Developing,South America_Lower middle income
Bolivia,1998,South America,South America,Lower middle income,Developing,South America_Lower middle income
Bolivia,1997,South America,South America,Lower middle income,Developing,South America_Lower middle income
Bolivia,1996,South America,South America,Lower middle income,Developing,South America_Lower middle income
Bolivia,1995,South America,South America,Lower middle income,Developing,South America_Lower middle income
Bolivia,1994,South America,South America,Lower middle income,Developing,South America_Lower middle income
Bolivia,1993,South America,South America,Lower middle income,Developing,South America_Lower middle income
Bolivia,1992,South America,South America,Lower middle income,Developing,South America_Lower middle income
Bolivia,1991,South America,South America,Lower middle income,Developing,South America_Lower middle income
Bolivia,1990,South America,South America,Lower middle income,Developing,South America_Lower middle income
Bolivia,1989,South America,South America,Lower middle income,Developing,South America_Lower middle income
Bolivia,1988,South America,South America,Lower middle income,Developing,South America_Lower middle income
Bolivia,1987,South America,South America,Lower middle income,Developing,South America_Lower middle income
Bolivia,1986,South America,South America,Lower middle income,Developing,South America_Lower middle income
Bolivia,1985,South America,South America,Lower middle income,Developing,South America_Lower middle income
Bolivia,1984,South America,South America,Lower middle income,Developing,South America_Lower middle income
Bolivia,1983,South America,South America,Lower middle income,Developing,South America_Lower middle income
Bolivia,1982,South America,South America,Lower middle income,Developing,South America_Lower middle income
Bolivia,1981,South America,South America,Lower middle income,Developing,South America_Lower middle income
Bolivia,1980,South America,South America,Lower middle income,Developing,South America_Lower middle income
Bolivia,1979,South America,South America,Lower middle income,Developing,South America_Lower middle income
Bolivia,1978,South America,South America,Lower middle income,Developing,South America_Lower middle income
Bolivia,1977,South America,South America,Lower middle income,Developing,South America_Lower middle income
Bolivia,1976,South America,South America,Lower middle income,Developing,South America_Lower middle income
Bolivia,1975,South America,South America,Lower middle income,Developing,South America_Lower middle income
Bolivia,1974,South America,South America,Lower middle income,Developing,South America_Lower middle income
Bosnia and Herzegovina,2024,Europe,Southern Europe,Upper middle income,Developing,Europe_Upper middle income
Bosnia and Herzegovina,2023,Europe,Southern Europe,Upper middle income,Developing,Europe_Upper middle income
Bosnia and Herzegovina,2022,Europe,Southern Europe,Upper middle income,Developing,Europe_Upper middle income
Bosnia and Herzegovina,2021,Europe,Southern Europe,Upper middle income,Developing,Europe_Upper middle income
Bosnia and Herzegovina,2020,Europe,Southern Europe,Upper middle income,Developing,Europe_Upper middle income
Bosnia and Herzegovina,2019,Europe,Southern Europe,Upper middle income,Developing,Europe_Upper middle income
Bosnia and Herzegovina,2018,Europe,Southern Europe,Upper middle income,Developing,Europe_Upper middle income
Bosnia and Herzegovina,2017,Europe,Southern Europe,Upper middle income,Developing,Europe_Upper middle income
Bosnia and Herzegovina,2016,Europe,Southern Europe,Upper middle income,Developing,Europe_Upper middle income
Bosnia and Herzegovina,2015,Europe,Southern Europe,Upper middle income,Developing,Europe_Upper middle income
Bosnia and Herzegovina,2014,Europe,Southern Europe,Upper middle income,Developing,Europe_Upper middle income
Bosnia and Herzegovina,2013,Europe,Southern Europe,Upper middle income,Developing,Europe_Upper middle income
Bosnia and Herzegovina,2012,Europe,Southern Europe,Upper middle income,Developing,Europe_Upper middle income
Bosnia and Herzegovina,2011,Europe,Southern Europe,Upper middle income,Developing,Europe_Upper middle income
Bosnia and Herzegovina,2010,Europe,Southern Europe,Upper middle income,Developing,Europe_Upper middle income
Bosnia and Herzegovina,2009,Europe,Southern Europe,Upper middle income,Developing,Europe_Upper middle income
Bosnia and Herzegovina,2008,Europe,Southern Europe,Upper middle income,Developing,Europe_Upper middle income
Bosnia and Herzegovina,2007,Europe,Southern Europe,Upper middle income,Developing,Europe_Upper middle income
Bosnia and Herzegovina,2006,Europe,Southern Europe,Upper middle income,Developing,Europe_Upper middle income
Bosnia and Herzegovina,2005,Europe,Southern Europe,Upper middle income,Developing,Europe_Upper middle income
Bosnia and Herzegovina,2004,Europe,Southern Europe,Upper middle income,Developing,Europe_Upper middle income
Bosnia and Herzegovina,2003,Europe,Southern Europe,Upper middle income,Developing,Europe_Upper middle income
Bosnia and Herzegovina,2002,Europe,Southern Europe,Upper middle income,Developing,Europe_Upper middle income
Bosnia and Herzegovina,2001,Europe,Southern Europe,Upper middle income,Developing,Europe_Upper middle income
Bosnia and Herzegovina,2000,Europe,Southern Europe,Upper middle income,Developing,Europe_Upper middle income
Bosnia and Herzegovina,1999,Europe,Southern Europe,Upper middle income,Developing,Europe_Upper middle income
Bosnia and Herzegovina,1998,Europe,Southern Europe,Upper middle income,Developing,Europe_Upper middle income
Bosnia and Herzegovina,1997,Europe,Southern Europe,Upper middle income,Developing,Europe_Upper middle income
Bosnia and Herzegovina,1996,Europe,Southern Europe,Upper middle income,Developing,Europe_Upper middle income
Bosnia and Herzegovina,1995,Europe,Southern Europe,Upper middle income,Developing,Europe_Upper middle income
Bosnia and Herzegovina,1994,Europe,Southern Europe,Upper middle income,Developing,Europe_Upper middle income
Bosnia and Herzegovina,1993,Europe,Southern Europe,Upper middle income,Developing,Europe_Upper middle income
Bosnia and Herzegovina,1992,Europe,Southern Europe,Upper middle income,Developing,Europe_Upper middle income
Bosnia and Herzegovina,1991,Europe,Southern Europe,Upper middle income,Developing,Europe_Upper middle income
Bosnia and Herzegovina,1990,Europe,Southern Europe,Upper middle income,Developing,Europe_Upper middle income
Bosnia and Herzegovina,1989,Europe,Southern Europe,Upper middle income,Developing,Europe_Upper middle income
Bosnia and Herzegovina,1988,Europe,Southern Europe,Upper middle income,Developing,Europe_Upper middle income
Bosnia and Herzegovina,1987,Europe,Southern Europe,Upper middle income,Developing,Europe_Upper middle income
Bosnia and Herzegovina,1986,Europe,Southern Europe,Upper middle income,Developing,Europe_Upper middle income
Bosnia and Herzegovina,1985,Europe,Southern Europe,Upper middle income,Developing,Europe_Upper middle income
Bosnia and Herzegovina,1984,Europe,Southern Europe,Upper middle income,Developing,Europe_Upper middle income
Bosnia and Herzegovina,1983,Europe,Southern Europe,Upper middle income,Developing,Europe_Upper middle income
Bosnia and Herzegovina,1982,Europe,Southern Europe,Upper middle income,Developing,Europe_Upper middle income
Bosnia and Herzegovina,1981,Europe,Southern Europe,Upper middle income,Developing,Europe_Upper middle income
Bosnia and Herzegovina,1980,Europe,Southern Europe,Upper middle income,Developing,Europe_Upper middle income
Bosnia and Herzegovina,1979,Europe,Southern Europe,Upper middle income,Developing,Europe_Upper middle income
Bosnia and Herzegovina,1978,Europe,Southern Europe,Upper middle income,Developing,Europe_Upper middle income
Bosnia and Herzegovina,1977,Europe,Southern Europe,Upper middle income,Developing,Europe_Upper middle income
Bosnia and Herzegovina,1976,Europe,Southern Europe,Upper middle income,Developing,Europe_Upper middle income
Bosnia and Herzegovina,1975,Europe,Southern Europe,Upper middle income,Developing,Europe_Upper middle income
Bosnia and Herzegovina,1974,Europe,Southern Europe,Upper middle income,Developing,Europe_Upper middle income
Botswana,2024,Africa,Southern Africa,Upper middle income,Developing,Africa_Upper middle income
Botswana,2023,Africa,Southern Africa,Upper middle income,Developing,Africa_Upper middle income
Botswana,2022,Africa,Southern Africa,Upper middle income,Developing,Africa_Upper middle income
Botswana,2021,Africa,Southern Africa,Upper middle income,Developing,Africa_Upper middle income
Botswana,2020,Africa,Southern Africa,Upper middle income,Developing,Africa_Upper middle income
Botswana,2019,Africa,Southern Africa,Upper middle income,Developing,Africa_Upper middle income
Botswana,2018,Africa,Southern Africa,Upper middle income,Developing,Africa_Upper middle income
Botswana,2017,Africa,Southern Africa,Upper middle income,Developing,Africa_Upper middle income
Botswana,2016,Africa,Southern Africa,Upper middle income,Developing,Africa_Upper middle income
Botswana,2015,Africa,Southern Africa,Upper middle income,Developing,Africa_Upper middle income
Botswana,2014,Africa,Southern Africa,Upper middle income,Developing,Africa_Upper middle income
Botswana,2013,Africa,Southern Africa,Upper middle income,Developing,Africa_Upper middle income
Botswana,2012,Africa,Southern Africa,Upper middle income,Developing,Africa_Upper middle income
Botswana,2011,Africa,Southern Africa,Upper middle income,Developing,Africa_Upper middle income
Botswana,2010,Africa,Southern Africa,Upper middle income,Developing,Africa_Upper middle income
Botswana,2009,Africa,Southern Africa,Upper middle income,Developing,Africa_Upper middle income
Botswana,2008,Africa,Southern Africa,Upper middle income,Developing,Africa_Upper middle income
Botswana,2007,Africa,Southern Africa,Upper middle income,Developing,Africa_Upper middle income
Botswana,2006,Africa,Southern Africa,Upper middle income,Developing,Africa_Upper middle income
Botswana,2005,Africa,Southern Africa,Upper middle income,Developing,Africa_Upper middle income
Botswana,2004,Africa,Southern Africa,Upper middle income,Developing,Africa_Upper middle income
Botswana,2003,Africa,Southern Africa,Upper middle income,Developing,Africa_Upper middle income
Botswana,2002,Africa,Southern Africa,Upper middle income,Developing,Africa_Upper middle income
Botswana,2001,Africa,Southern Africa,Upper middle income,Developing,Africa_Upper middle income
Botswana,2000,Africa,Southern Africa,Upper middle income,Developing,Africa_Upper middle income
Botswana,1999,Africa,Southern Africa,Upper middle income,Developing,Africa_Upper middle income
Botswana,1998,Africa,Southern Africa,Upper middle income,Developing,Africa_Upper middle income
Botswana,1997,Africa,Southern Africa,Upper middle income,Developing,Africa_Upper middle income
Botswana,1996,Africa,Southern Africa,Upper middle income,Developing,Africa_Upper middle income
Botswana,1995,Africa,Southern Africa,Upper middle income,Developing,Africa_Upper middle income
Botswana,1994,Africa,Southern Africa,Upper middle income,Developing,Africa_Upper middle income
Botswana,1993,Africa,Southern Africa,Upper middle income,Developing,Africa_Upper middle income
Botswana,1992,Africa,Southern Africa,Upper middle income,Developing,Africa_Upper middle income
Botswana,1991,Africa,Southern Africa,Upper middle income,Developing,Africa_Upper middle income
Botswana,1990,Africa,Southern Africa,Upper middle income,Developing,Africa_Upper middle income
Botswana,1989,Africa,Southern Africa,Upper middle income,Developing,Africa_Upper middle income
Botswana,1988,Africa,Southern Africa,Upper middle income,Developing,Africa_Upper middle income
Botswana,1987,Africa,Southern Africa,Upper middle income,Developing,Africa_Upper middle income
Botswana,1986,Africa,Southern Africa,Upper middle income,Developing,Africa_Upper middle income
Botswana,1985,Africa,Southern Africa,Upper middle income,Developing,Africa_Upper middle income
Botswana,1984,Africa,Southern Africa,Upper middle income,Developing,Africa_Upper middle income
Botswana,1983,Africa,Southern Africa,Upper middle income,Developing,Africa_Upper middle income
Botswana,1982,Africa,Southern Africa,Upper middle income,Developing,Africa_Upper middle income
Botswana,1981,Africa,Southern Africa,Upper middle income,Developing,Africa_Upper middle income
Botswana,1980,Africa,Southern Africa,Upper middle income,Developing,Africa_Upper middle income
Botswana,1979,Africa,Southern Africa,Upper middle income,Developing,Africa_Upper middle income
Botswana,1978,Africa,Southern Africa,Upper middle income,Developing,Africa_Upper middle income
Botswana,1977,Africa,Southern Africa,Upper middle income,Developing,Africa_Upper middle income
Botswana,1976,Africa,Southern Africa,Upper middle income,Developing,Africa_Upper middle income
Botswana,1975,Africa,Southern Africa,Upper middle income,Developing,Africa_Upper middle income
Botswana,1974,Africa,Southern Africa,Upper middle income,Developing,Africa_Upper middle income
Brazil,2024,South America,South America,Upper middle income,Developing,South America_Upper middle income
Brazil,2023,South America,South America,Upper middle income,Developing,South America_Upper middle income
Brazil,2022,South America,South America,Upper middle income,Developing,South America_Upper middle income
Brazil,2021,South America,South America,Upper middle income,Developing,South America_Upper middle income
Brazil,2020,South America,South America,Upper middle income,Developing,South America_Upper middle income
Brazil,2019,South America,South America,Upper middle income,Developing,South America_Upper middle income
Brazil,2018,South America,South America,Upper middle income,Developing,South America_Upper middle income
Brazil,2017,South America,South America,Upper middle income,Developing,South America_Upper middle income
Brazil,2016,South America,South America,Upper middle income,Developing,South America_Upper middle income
Brazil,2015,South America,South America,Upper middle income,Developing,South America_Upper middle income
Brazil,2014,South America,South America,Upper middle income,Developing,South America_Upper middle income
Brazil,2013,South America,South America,Upper middle income,Developing,South America_Upper middle income
Brazil,2012,South America,South America,Upper middle income,Developing,South America_Upper middle income
Brazil,2011,South America,South America,Upper middle income,Developing,South America_Upper middle income
Brazil,2010,South America,South America,Upper middle income,Developing,South America_Upper middle income
Brazil,2009,South America,South America,Upper middle income,Developing,South America_Upper middle income
Brazil,2008,South America,South America,Upper middle income,Developing,South America_Upper middle income
Brazil,2007,South America,South America,Upper middle income,Developing,South America_Upper middle income
Brazil,2006,South America,South America,Upper middle income,Developing,South America_Upper middle income
Brazil,2005,South America,South America,Upper middle income,Developing,South America_Upper middle income
Brazil,2004,South America,South America,Upper middle income,Developing,South America_Upper middle income
Brazil,2003,South America,South America,Upper middle income,Developing,South America_Upper middle income
Brazil,2002,South America,South America,Upper middle income,Developing,South America_Upper middle income
Brazil,2001,South America,South America,Upper middle income,Developing,South America_Upper middle income
Brazil,2000,South America,South America,Upper middle income,Developing,South America_Upper middle income
Brazil,1999,South America,South America,Upper middle income,Developing,South America_Upper middle income
Brazil,1998,South America,South America,Upper middle income,Developing,South America_Upper middle income
Brazil,1997,South America,South America,Upper middle income,Developing,South America_Upper middle income
Brazil,1996,South America,South America,Upper middle income,Developing,South America_Upper middle income
Brazil,1995,South America,South America,Upper middle income,Developing,South America_Upper middle income
Brazil,1994,South America,South America,Upper middle income,Developing,South America_Upper middle income
Brazil,1993,South America,South America,Upper middle income,Developing,South America_Upper middle income
Brazil,1992,South America,South America,Upper middle income,Developing,South America_Upper middle income
Brazil,1991,South America,South America,Upper middle income,Developing,South America_Upper middle income
Brazil,1990,South America,South America,Upper middle income,Developing,South America_Upper middle income
Brazil,1989,South America,South America,Upper middle income,Developing,South America_Upper middle income
Brazil,1988,South America,South America,Upper middle income,Developing,South America_Upper middle income
Brazil,1987,South America,South America,Upper middle income,Developing,South America_Upper middle income
Brazil,1986,South America,South America,Upper middle income,Developing,South America_Upper middle income
Brazil,1985,South America,South America,Upper middle income,Developing,South America_Upper middle income
Brazil,1984,South America,South America,Upper middle income,Developing,South America_Upper middle income
Brazil,1983,South America,South America,Upper middle income,Developing,South America_Upper middle income
Brazil,1982,South America,South America,Upper middle income,Developing,South America_Upper middle income
Brazil,1981,South America,South America,Upper middle income,Developing,South America_Upper middle income
Brazil,1980,South America,South America,Upper middle income,Developing,South America_Upper middle income
Brazil,1979,South America,South America,Upper middle income,Developing,South America_Upper middle income
Brazil,1978,South America,South America,Upper middle income,Developing,South America_Upper middle income
Brazil,1977,South America,South America,Upper middle income,Developing,South America_Upper middle income
Brazil,1976,South America,South America,Upper middle income,Developing,South America_Upper middle income
Brazil,1975,South America,South America,Upper middle income,Developing,South America_Upper middle income
Brazil,1974,South America,South America,Upper middle income,Developing,South America_Upper middle income
British Virgin Islands,2024,North America,Caribbean,High income,Developing,North America_High income
British Virgin Islands,2023,North America,Caribbean,High income,Developing,North America_High income
British Virgin Islands,2022,North America,Caribbean,High income,Developing,North America_High income
British Virgin Islands,2021,North America,Caribbean,High income,Developing,North America_High income
British Virgin Islands,2020,North America,Caribbean,High income,Developing,North America_High income
British Virgin Islands,2019,North America,Caribbean,High income,Developing,North America_High income
British Virgin Islands,2018,North America,Caribbean,High income,Developing,North America_High income
British Virgin Islands,2017,North America,Caribbean,High income,Developing,North America_High income
British Virgin Islands,2016,North America,Caribbean,High income,Developing,North America_High income
British Virgin Islands,2015,North America,Caribbean,High income,Developing,North America_High income
British Virgin Islands,2014,North America,Caribbean,High income,Developing,North America_High income
British Virgin Islands,2013,North America,Caribbean,High income,Developing,North America_High income
British Virgin Islands,2012,North America,Caribbean,High income,Developing,North America_High income
British Virgin Islands,2011,North America,Caribbean,High income,Developing,North America_High income
British Virgin Islands,2010,North America,Caribbean,High income,Developing,North America_High income
British Virgin Islands,2009,North America,Caribbean,High income,Developing,North America_High income
British Virgin Islands,2008,North America,Caribbean,High income,Developing,North America_High income
British Virgin Islands,2007,North America,Caribbean,High income,Developing,North America_High income
British Virgin Islands,2006,North America,Caribbean,High income,Developing,North America_High income
British Virgin Islands,2005,North America,Caribbean,High income,Developing,North America_High income
British Virgin Islands,2004,North America,Caribbean,High income,Developing,North America_High income
British Virgin Islands,2003,North America,Caribbean,High income,Developing,North America_High income
British Virgin Islands,2002,North America,Caribbean,High income,Developing,North America_High income
British Virgin Islands,2001,North America,Caribbean,High income,Developing,North America_High income
British Virgin Islands,2000,North America,Caribbean,High income,Developing,North America_High income
British Virgin Islands,1999,North America,Caribbean,High income,Developing,North America_High income
British Virgin Islands,1998,North America,Caribbean,High income,Developing,North America_High income
British Virgin Islands,1997,North America,Caribbean,High income,Developing,North America_High income
British Virgin Islands,1996,North America,Caribbean,High income,Developing,North America_High income
British Virgin Islands,1995,North America,Caribbean,High income,Developing,North America_High income
British Virgin Islands,1994,North America,Caribbean,High income,Developing,North America_High income
British Virgin Islands,1993,North America,Caribbean,High income,Developing,North America_High income
British Virgin Islands,1992,North America,Caribbean,High income,Developing,North America_High income
British Virgin Islands,1991,North America,Caribbean,High income,Developing,North America_High income
British Virgin Islands,1990,North America,Caribbean,High income,Developing,North America_High income
British Virgin Islands,1989,North America,Caribbean,High income,Developing,North America_High income
British Virgin Islands,1988,North America,Caribbean,High income,Developing,North America_High income
British Virgin Islands,1987,North America,Caribbean,High income,Developing,North America_High income
British Virgin Islands,1986,North America,Caribbean,High income,Developing,North America_High income
British Virgin Islands,1985,North America,Caribbean,High income,Developing,North America_High income
British Virgin Islands,1984,North America,Caribbean,High income,Developing,North America_High income
British Virgin Islands,1983,North America,Caribbean,High income,Developing,North America_High income
British Virgin Islands,1982,North America,Caribbean,High income,Developing,North America_High income
British Virgin Islands,1981,North America,Caribbean,High income,Developing,North America_High income
British Virgin Islands,1980,North America,Caribbean,High income,Developing,North America_High income
British Virgin Islands,1979,North America,Caribbean,High income,Developing,North America_High income
British Virgin Islands,1978,North America,Caribbean,High income,Developing,North America_High income
British Virgin Islands,1977,North America,Caribbean,High income,Developing,North America_High income
British Virgin Islands,1976,North America,Caribbean,High income,Developing,North America_High income
British Virgin Islands,1975,North America,Caribbean,High income,Developing,North America_High income
British Virgin Islands,1974,North America,Caribbean,High income,Developing,North America_High income
Brunei Darussalam,2024,Asia,Southeast Asia,High income,Developing,Asia_High income
Brunei Darussalam,2023,Asia,Southeast Asia,High income,Developing,Asia_High income
Brunei Darussalam,2022,Asia,Southeast Asia,High income,Developing,Asia_High income
Brunei Darussalam,2021,Asia,Southeast Asia,High income,Developing,Asia_High income
Brunei Darussalam,2020,Asia,Southeast Asia,High income,Developing,Asia_High income
Brunei Darussalam,2019,Asia,Southeast Asia,High income,Developing,Asia_High income
Brunei Darussalam,2018,Asia,Southeast Asia,High income,Developing,Asia_High income
Brunei Darussalam,2017,Asia,Southeast Asia,High income,Developing,Asia_High income
Brunei Darussalam,2016,Asia,Southeast Asia,High income,Developing,Asia_High income
Brunei Darussalam,2015,Asia,Southeast Asia,High income,Developing,Asia_High income
Brunei Darussalam,2014,Asia,Southeast Asia,High income,Developing,Asia_High income
Brunei Darussalam,2013,Asia,Southeast Asia,High income,Developing,Asia_High income
Brunei Darussalam,2012,Asia,Southeast Asia,High income,Developing,Asia_High income
Brunei Darussalam,2011,Asia,Southeast Asia,High income,Developing,Asia_High income
Brunei Darussalam,2010,Asia,Southeast Asia,High income,Developing,Asia_High income
Brunei Darussalam,2009,Asia,Southeast Asia,High income,Developing,Asia_High income
Brunei Darussalam,2008,Asia,Southeast Asia,High income,Developing,Asia_High income
Brunei Darussalam,2007,Asia,Southeast Asia,High income,Developing,Asia_High income
Brunei Darussalam,2006,Asia,Southeast Asia,High income,Developing,Asia_High income
Brunei Darussalam,2005,Asia,Southeast Asia,High income,Developing,Asia_High income
Brunei Darussalam,2004,Asia,Southeast Asia,High income,Developing,Asia_High income
Brunei Darussalam,2003,Asia,Southeast Asia,High income,Developing,Asia_High income
Brunei Darussalam,2002,Asia,Southeast Asia,High income,Developing,Asia_High income
Brunei Darussalam,2001,Asia,Southeast Asia,High income,Developing,Asia_High income
Brunei Darussalam,2000,Asia,Southeast Asia,High income,Developing,Asia_High income
Brunei Darussalam,1999,Asia,Southeast Asia,High income,Developing,Asia_High income
Brunei Darussalam,1998,Asia,Southeast Asia,High income,Developing,Asia_High income
Brunei Darussalam,1997,Asia,Southeast Asia,High income,Developing,Asia_High income
Brunei Darussalam,1996,Asia,Southeast Asia,High income,Developing,Asia_High income
Brunei Darussalam,1995,Asia,Southeast Asia,High income,Developing,Asia_High income
Brunei Darussalam,1994,Asia,Southeast Asia,High income,Developing,Asia_High income
Brunei Darussalam,1993,Asia,Southeast Asia,High income,Developing,Asia_High income
Brunei Darussalam,1992,Asia,Southeast Asia,High income,Developing,Asia_High income
Brunei Darussalam,1991,Asia,Southeast Asia,High income,Developing,Asia_High income
Brunei Darussalam,1990,Asia,Southeast Asia,High income,Developing,Asia_High income
Brunei Darussalam,1989,Asia,Southeast Asia,High income,Developing,Asia_High income
Brunei Darussalam,1988,Asia,Southeast Asia,High income,Developing,Asia_High income
Brunei Darussalam,1987,Asia,Southeast Asia,High income,Developing,Asia_High income
Brunei Darussalam,1986,Asia,Southeast Asia,High income,Developing,Asia_High income
Brunei Darussalam,1985,Asia,Southeast Asia,High income,Developing,Asia_High income
Brunei Darussalam,1984,Asia,Southeast Asia,High income,Developing,Asia_High income
Brunei Darussalam,1983,Asia,Southeast Asia,High income,Developing,Asia_High income
Brunei Darussalam,1982,Asia,Southeast Asia,High income,Developing,Asia_High income
Brunei Darussalam,1981,Asia,Southeast Asia,High income,Developing,Asia_High income
Brunei Darussalam,1980,Asia,Southeast Asia,High income,Developing,Asia_High income
Brunei Darussalam,1979,Asia,Southeast Asia,High income,Developing,Asia_High income
Brunei Darussalam,1978,Asia,Southeast Asia,High income,Developing,Asia_High income
Brunei Darussalam,1977,Asia,Southeast Asia,High income,Developing,Asia_High income
Brunei Darussalam,1976,Asia,Southeast Asia,High income,Developing,Asia_High income
Brunei Darussalam,1975,Asia,Southeast Asia,High income,Developing,Asia_High income
Brunei Darussalam,1974,Asia,Southeast Asia,High income,Developing,Asia_High income
Bulgaria,2024,Europe,Eastern Europe,Upper middle income,Developing,Europe_Upper middle income
Bulgaria,2023,Europe,Eastern Europe,Upper middle income,Developing,Europe_Upper middle income
Bulgaria,2022,Europe,Eastern Europe,Upper middle income,Developing,Europe_Upper middle income
Bulgaria,2021,Europe,Eastern Europe,Upper middle income,Developing,Europe_Upper middle income
Bulgaria,2020,Europe,Eastern Europe,Upper middle income,Developing,Europe_Upper middle income
Bulgaria,2019,Europe,Eastern Europe,Upper middle income,Developing,Europe_Upper middle income
Bulgaria,2018,Europe,Eastern Europe,Upper middle income,Developing,Europe_Upper middle income
Bulgaria,2017,Europe,Eastern Europe,Upper middle income,Developing,Europe_Upper middle income
Bulgaria,2016,Europe,Eastern Europe,Upper middle income,Developing,Europe_Upper middle income
Bulgaria,2015,Europe,Eastern Europe,Upper middle income,Developing,Europe_Upper middle income
Bulgaria,2014,Europe,Eastern Europe,Upper middle income,Developing,Europe_Upper middle income
Bulgaria,2013,Europe,Eastern Europe,Upper middle income,Developing,Europe_Upper middle income
Bulgaria,2012,Europe,Eastern Europe,Upper middle income,Developing,Europe_Upper middle income
Bulgaria,2011,Europe,Eastern Europe,Upper middle income,Developing,Europe_Upper middle income
Bulgaria,2010,Europe,Eastern Europe,Upper middle income,Developing,Europe_Upper middle income
Bulgaria,2009,Europe,Eastern Europe,Upper middle income,Developing,Europe_Upper middle income
Bulgaria,2008,Europe,Eastern Europe,Upper middle income,Developing,Europe_Upper middle income
Bulgaria,2007,Europe,Eastern Europe,Upper middle income,Developing,Europe_Upper middle income
Bulgaria,2006,Europe,Eastern Europe,Upper middle income,Developing,Europe_Upper middle income
Bulgaria,2005,Europe,Eastern Europe,Upper middle income,Developing,Europe_Upper middle income
Bulgaria,2004,Europe,Eastern Europe,Upper middle income,Developing,Europe_Upper middle income
Bulgaria,2003,Europe,Eastern Europe,Upper middle income,Developing,Europe_Upper middle income
Bulgaria,2002,Europe,Eastern Europe,Upper middle income,Developing,Europe_Upper middle income
Bulgaria,2001,Europe,Eastern Europe,Upper middle income,Developing,Europe_Upper middle income
Bulgaria,2000,Europe,Eastern Europe,Upper middle income,Developing,Europe_Upper middle income
Bulgaria,1999,Europe,Eastern Europe,Upper middle income,Developing,Europe_Upper middle income
Bulgaria,1998,Europe,Eastern Europe,Upper middle income,Developing,Europe_Upper middle income
Bulgaria,1997,Europe,Eastern Europe,Upper middle income,Developing,Europe_Upper middle income
Bulgaria,1996,Europe,Eastern Europe,Upper middle income,Developing,Europe_Upper middle income
Bulgaria,1995,Europe,Eastern Europe,Upper middle income,Developing,Europe_Upper middle income
Bulgaria,1994,Europe,Eastern Europe,Upper middle income,Developing,Europe_Upper middle income
Bulgaria,1993,Europe,Eastern Europe,Upper middle income,Developing,Europe_Upper middle income
Bulgaria,1992,Europe,Eastern Europe,Upper middle income,Developing,Europe_Upper middle income
Bulgaria,1991,Europe,Eastern Europe,Upper middle income,Developing,Europe_Upper middle income
Bulgaria,1990,Europe,Eastern Europe,Upper middle income,Developing,Europe_Upper middle income
Bulgaria,1989,Europe,Eastern Europe,Upper middle income,Developing,Europe_Upper middle income
Bulgaria,1988,Europe,Eastern Europe,Upper middle income,Developing,Europe_Upper middle income
Bulgaria,1987,Europe,Eastern Europe,Upper middle income,Developing,Europe_Upper middle income
Bulgaria,1986,Europe,Eastern Europe,Upper middle income,Developing,Europe_Upper middle income
Bulgaria,1985,Europe,Eastern Europe,Upper middle income,Developing,Europe_Upper middle income
Bulgaria,1984,Europe,Eastern Europe,Upper middle income,Developing,Europe_Upper middle income
Bulgaria,1983,Europe,Eastern Europe,Upper middle income,Developing,Europe_Upper middle income
Bulgaria,1982,Europe,Eastern Europe,Upper middle income,Developing,Europe_Upper middle income
Bulgaria,1981,Europe,Eastern Europe,Upper middle income,Developing,Europe_Upper middle income
Bulgaria,1980,Europe,Eastern Europe,Upper middle income,Developing,Europe_Upper middle income
Bulgaria,1979,Europe,Eastern Europe,Upper middle income,Developing,Europe_Upper middle income
Bulgaria,1978,Europe,Eastern Europe,Upper middle income,Developing,Europe_Upper middle income
Bulgaria,1977,Europe,Eastern Europe,Upper middle income,Developing,Europe_Upper middle income
Bulgaria,1976,Europe,Eastern Europe,Upper middle income,Developing,Europe_Upper middle income
Bulgaria,1975,Europe,Eastern Europe,Upper middle income,Developing,Europe_Upper middle income
Bulgaria,1974,Europe,Eastern Europe,Upper middle income,Developing,Europe_Upper middle income
Burkina Faso,2024,Africa,West Africa,Low income,Developing,Africa_Low income
Burkina Faso,2023,Africa,West Africa,Low income,Developing,Africa_Low income
Burkina Faso,2022,Africa,West Africa,Low income,Developing,Africa_Low income
Burkina Faso,2021,Africa,West Africa,Low income,Developing,Africa_Low income
Burkina Faso,2020,Africa,West Africa,Low income,Developing,Africa_Low income
Burkina Faso,2019,Africa,West Africa,Low income,Developing,Africa_Low income
Burkina Faso,2018,Africa,West Africa,Low income,Developing,Africa_Low income
Burkina Faso,2017,Africa,West Africa,Low income,Developing,Africa_Low income
Burkina Faso,2016,Africa,West Africa,Low income,Developing,Africa_Low income
Burkina Faso,2015,Africa,West Africa,Low income,Developing,Africa_Low income
Burkina Faso,2014,Africa,West Africa,Low income,Developing,Africa_Low income
Burkina Faso,2013,Africa,West Africa,Low income,Developing,Africa_Low income
Burkina Faso,2012,Africa,West Africa,Low income,Developing,Africa_Low income
Burkina Faso,2011,Africa,West Africa,Low income,Developing,Africa_Low income
Burkina Faso,2010,Africa,West Africa,Low income,Developing,Africa_Low income
Burkina Faso,2009,Africa,West Africa,Low income,Developing,Africa_Low income
Burkina Faso,2008,Africa,West Africa,Low income,Developing,Africa_Low income
Burkina Faso,2007,Africa,West Africa,Low income,Developing,Africa_Low income
Burkina Faso,2006,Africa,West Africa,Low income,Developing,Africa_Low income
Burkina Faso,2005,Africa,West Africa,Low income,Developing,Africa_Low income
Burkina Faso,2004,Africa,West Africa,Low income,Developing,Africa_Low income
Burkina Faso,2003,Africa,West Africa,Low income,Developing,Africa_Low income
Burkina Faso,2002,Africa,West Africa,Low income,Developing,Africa_Low income
Burkina Faso,2001,Africa,West Africa,Low income,Developing,Africa_Low income
Burkina Faso,2000,Africa,West Africa,Low income,Developing,Africa_Low income
Burkina Faso,1999,Africa,West Africa,Low income,Developing,Africa_Low income
Burkina Faso,1998,Africa,West Africa,Low income,Developing,Africa_Low income
Burkina Faso,1997,Africa,West Africa,Low income,Developing,Africa_Low income
Burkina Faso,1996,Africa,West Africa,Low income,Developing,Africa_Low income
Burkina Faso,1995,Africa,West Africa,Low income,Developing,Africa_Low income
Burkina Faso,1994,Africa,West Africa,Low income,Developing,Africa_Low income
Burkina Faso,1993,Africa,West Africa,Low income,Developing,Africa_Low income
Burkina Faso,1992,Africa,West Africa,Low income,Developing,Africa_Low income
Burkina Faso,1991,Africa,West Africa,Low income,Developing,Africa_Low income
Burkina Faso,1990,Africa,West Africa,Low income,Developing,Africa_Low income
Burkina Faso,1989,Africa,West Africa,Low income,Developing,Africa_Low income
Burkina Faso,1988,Africa,West Africa,Low income,Developing,Africa_Low income
Burkina Faso,1987,Africa,West Africa,Low income,Developing,Africa_Low income
Burkina Faso,1986,Africa,West Africa,Low income,Developing,Africa_Low income
Burkina Faso,1985,Africa,West Africa,Low income,Developing,Africa_Low income
Burkina Faso,1984,Africa,West Africa,Low income,Developing,Africa_Low income
Burkina Faso,1983,Africa,West Africa,Low income,Developing,Africa_Low income
Burkina Faso,1982,Africa,West Africa,Low income,Developing,Africa_Low income
Burkina Faso,1981,Africa,West Africa,Low income,Developing,Africa_Low income
Burkina Faso,1980,Africa,West Africa,Low income,Developing,Africa_Low income
Burkina Faso,1979,Africa,West Africa,Low income,Developing,Africa_Low income
Burkina Faso,1978,Africa,West Africa,Low income,Developing,Africa_Low income
Burkina Faso,1977,Africa,West Africa,Low income,Developing,Africa_Low income
Burkina Faso,1976,Africa,West Africa,Low income,Developing,Africa_Low income
Burkina Faso,1975,Africa,West Africa,Low income,Developing,Africa_Low income
Burkina Faso,1974,Africa,West Africa,Low income,Developing,Africa_Low income
Burundi,2024,Africa,East Africa,Low income,Developing,Africa_Low income
Burundi,2023,Africa,East Africa,Low income,Developing,Africa_Low income
Burundi,2022,Africa,East Africa,Low income,Developing,Africa_Low income
Burundi,2021,Africa,East Africa,Low income,Developing,Africa_Low income
Burundi,2020,Africa,East Africa,Low income,Developing,Africa_Low income
Burundi,2019,Africa,East Africa,Low income,Developing,Africa_Low income
Burundi,2018,Africa,East Africa,Low income,Developing,Africa_Low income
Burundi,2017,Africa,East Africa,Low income,Developing,Africa_Low income
Burundi,2016,Africa,East Africa,Low income,Developing,Africa_Low income
Burundi,2015,Africa,East Africa,Low income,Developing,Africa_Low income
Burundi,2014,Africa,East Africa,Low income,Developing,Africa_Low income
Burundi,2013,Africa,East Africa,Low income,Developing,Africa_Low income
Burundi,2012,Africa,East Africa,Low income,Developing,Africa_Low income
Burundi,2011,Africa,East Africa,Low income,Developing,Africa_Low income
Burundi,2010,Africa,East Africa,Low income,Developing,Africa_Low income
Burundi,2009,Africa,East Africa,Low income,Developing,Africa_Low income
Burundi,2008,Africa,East Africa,Low income,Developing,Africa_Low income
Burundi,2007,Africa,East Africa,Low income,Developing,Africa_Low income
Burundi,2006,Africa,East Africa,Low income,Developing,Africa_Low income
Burundi,2005,Africa,East Africa,Low income,Developing,Africa_Low income
Burundi,2004,Africa,East Africa,Low income,Developing,Africa_Low income
Burundi,2003,Africa,East Africa,Low income,Developing,Africa_Low income
Burundi,2002,Africa,East Africa,Low income,Developing,Africa_Low income
Burundi,2001,Africa,East Africa,Low income,Developing,Africa_Low income
Burundi,2000,Africa,East Africa,Low income,Developing,Africa_Low income
Burundi,1999,Africa,East Africa,Low income,Developing,Africa_Low income
Burundi,1998,Africa,East Africa,Low income,Developing,Africa_Low income
Burundi,1997,Africa,East Africa,Low income,Developing,Africa_Low income
Burundi,1996,Africa,East Africa,Low income,Developing,Africa_Low income
Burundi,1995,Africa,East Africa,Low income,Developing,Africa_Low income
Burundi,1994,Africa,East Africa,Low income,Developing,Africa_Low income
Burundi,1993,Africa,East Africa,Low income,Developing,Africa_Low income
Burundi,1992,Africa,East Africa,Low income,Developing,Africa_Low income
Burundi,1991,Africa,East Africa,Low income,Developing,Africa_Low income
Burundi,1990,Africa,East Africa,Low income,Developing,Africa_Low income
Burundi,1989,Africa,East Africa,Low income,Developing,Africa_Low income
Burundi,1988,Africa,East Africa,Low income,Developing,Africa_Low income
Burundi,1987,Africa,East Africa,Low income,Developing,Africa_Low income
Burundi,1986,Africa,East Africa,Low income,Developing,Africa_Low income
Burundi,1985,Africa,East Africa,Low income,Developing,Africa_Low income
Burundi,1984,Africa,East Africa,Low income,Developing,Africa_Low income
Burundi,1983,Africa,East Africa,Low income,Developing,Africa_Low income
Burundi,1982,Africa,East Africa,Low income,Developing,Africa_Low income
Burundi,1981,Africa,East Africa,Low income,Developing,Africa_Low income
Burundi,1980,Africa,East Africa,Low income,Developing,Africa_Low income
Burundi,1979,Africa,East Africa,Low income,Developing,Africa_Low income
Burundi,1978,Africa,East Africa,Low income,Developing,Africa_Low income
Burundi,1977,Africa,East Africa,Low income,Developing,Africa_Low income
Burundi,1976,Africa,East Africa,Low income,Developing,Africa_Low income
Burundi,1975,Africa,East Africa,Low income,Developing,Africa_Low income
Burundi,1974,Africa,East Africa,Low income,Developing,Africa_Low income
Cabo Verde,2024,Africa,West Africa,Lower middle income,Developing,Africa_Lower middle income
Cabo Verde,2023,Africa,West Africa,Lower middle income,Developing,Africa_Lower middle income
Cabo Verde,2022,Africa,West Africa,Lower middle income,Developing,Africa_Lower middle income
Cabo Verde,2021,Africa,West Africa,Lower middle income,Developing,Africa_Lower middle income
Cabo Verde,2020,Africa,West Africa,Lower middle income,Developing,Africa_Lower middle income
Cabo Verde,2019,Africa,West Africa,Lower middle income,Developing,Africa_Lower middle income
Cabo Verde,2018,Africa,West Africa,Lower middle income,Developing,Africa_Lower middle income
Cabo Verde,2017,Africa,West Africa,Lower middle income,Developing,Africa_Lower middle income
Cabo Verde,2016,Africa,West Africa,Lower middle income,Developing,Africa_Lower middle income
Cabo Verde,2015,Africa,West Africa,Lower middle income,Developing,Africa_Lower middle income
Cabo Verde,2014,Africa,West Africa,Lower middle income,Developing,Africa_Lower middle income
Cabo Verde,2013,Africa,West Africa,Lower middle income,Developing,Africa_Lower middle income
Cabo Verde,2012,Africa,West Africa,Lower middle income,Developing,Africa_Lower middle income
Cabo Verde,2011,Africa,West Africa,Lower middle income,Developing,Africa_Lower middle income
Cabo Verde,2010,Africa,West Africa,Lower middle income,Developing,Africa_Lower middle income
Cabo Verde,2009,Africa,West Africa,Lower middle income,Developing,Africa_Lower middle income
Cabo Verde,2008,Africa,West Africa,Lower middle income,Developing,Africa_Lower middle income
Cabo Verde,2007,Africa,West Africa,Lower middle income,Developing,Africa_Lower middle income
Cabo Verde,2006,Africa,West Africa,Lower middle income,Developing,Africa_Lower middle income
Cabo Verde,2005,Africa,West Africa,Lower middle income,Developing,Africa_Lower middle income
Cabo Verde,2004,Africa,West Africa,Lower middle income,Developing,Africa_Lower middle income
Cabo Verde,2003,Africa,West Africa,Lower middle income,Developing,Africa_Lower middle income
Cabo Verde,2002,Africa,West Africa,Lower middle income,Developing,Africa_Lower middle income
Cabo Verde,2001,Africa,West Africa,Lower middle income,Developing,Africa_Lower middle income
Cabo Verde,2000,Africa,West Africa,Lower middle income,Developing,Africa_Lower middle income
Cabo Verde,1999,Africa,West Africa,Lower middle income,Developing,Africa_Lower middle income
Cabo Verde,1998,Africa,West Africa,Lower middle income,Developing,Africa_Lower middle income
Cabo Verde,1997,Africa,West Africa,Lower middle income,Developing,Africa_Lower middle income
Cabo Verde,1996,Africa,West Africa,Lower middle income,Developing,Africa_Lower middle income
Cabo Verde,1995,Africa,West Africa,Lower middle income,Developing,Africa_Lower middle income
Cabo Verde,1994,Africa,West Africa,Lower middle income,Developing,Africa_Lower middle income
Cabo Verde,1993,Africa,West Africa,Lower middle income,Developing,Africa_Lower middle income
Cabo Verde,1992,Africa,West Africa,Lower middle income,Developing,Africa_Lower middle income
Cabo Verde,1991,Africa,West Africa,Lower middle income,Developing,Africa_Lower middle income
Cabo Verde,1990,Africa,West Africa,Lower middle income,Developing,Africa_Lower middle income
Cabo Verde,1989,Africa,West Africa,Lower middle income,Developing,Africa_Lower middle income
Cabo Verde,1988,Africa,West Africa,Lower middle income,Developing,Africa_Lower middle income
Cabo Verde,1987,Africa,West Africa,Lower middle income,Developing,Africa_Lower middle income
Cabo Verde,1986,Africa,West Africa,Lower middle income,Developing,Africa_Lower middle income
Cabo Verde,1985,Africa,West Africa,Lower middle income,Developing,Africa_Lower middle income
Cabo Verde,1984,Africa,West Africa,Lower middle income,Developing,Africa_Lower middle income
Cabo Verde,1983,Africa,West Africa,Lower middle income,Developing,Africa_Lower middle income
Cabo Verde,1982,Africa,West Africa,Lower middle income,Developing,Africa_Lower middle income
Cabo Verde,1981,Africa,West Africa,Lower middle income,Developing,Africa_Lower middle income
Cabo Verde,1980,Africa,West Africa,Lower middle income,Developing,Africa_Lower middle income
Cabo Verde,1979,Africa,West Africa,Lower middle income,Developing,Africa_Lower middle income
Cabo Verde,1978,Africa,West Africa,Lower middle income,Developing,Africa_Lower middle income
Cabo Verde,1977,Africa,West Africa,Lower middle income,Developing,Africa_Lower middle income
Cabo Verde,1976,Africa,West Africa,Lower middle income,Developing,Africa_Lower middle income
Cabo Verde,1975,Africa,West Africa,Lower middle income,Developing,Africa_Lower middle income
Cabo Verde,1974,Africa,West Africa,Lower middle income,Developing,Africa_Lower middle income
Cambodia,2024,Asia,Southeast Asia,Lower middle income,Developing,Asia_Lower middle income
Cambodia,2023,Asia,Southeast Asia,Lower middle income,Developing,Asia_Lower middle income
Cambodia,2022,Asia,Southeast Asia,Lower middle income,Developing,Asia_Lower middle income
Cambodia,2021,Asia,Southeast Asia,Lower middle income,Developing,Asia_Lower middle income
Cambodia,2020,Asia,Southeast Asia,Lower middle income,Developing,Asia_Lower middle income
Cambodia,2019,Asia,Southeast Asia,Lower middle income,Developing,Asia_Lower middle income
Cambodia,2018,Asia,Southeast Asia,Lower middle income,Developing,Asia_Lower middle income
Cambodia,2017,Asia,Southeast Asia,Lower middle income,Developing,Asia_Lower middle income
Cambodia,2016,Asia,Southeast Asia,Lower middle income,Developing,Asia_Lower middle income
Cambodia,2015,Asia,Southeast Asia,Lower middle income,Developing,Asia_Lower middle income
Cambodia,2014,Asia,Southeast Asia,Lower middle income,Developing,Asia_Lower middle income
Cambodia,2013,Asia,Southeast Asia,Lower middle income,Developing,Asia_Lower middle income
Cambodia,2012,Asia,Southeast Asia,Lower middle income,Developing,Asia_Lower middle income
Cambodia,2011,Asia,Southeast Asia,Lower middle income,Developing,Asia_Lower middle income
Cambodia,2010,Asia,Southeast Asia,Lower middle income,Developing,Asia_Lower middle income
Cambodia,2009,Asia,Southeast Asia,Lower middle income,Developing,Asia_Lower middle income
Cambodia,2008,Asia,Southeast Asia,Lower middle income,Developing,Asia_Lower middle income
Cambodia,2007,Asia,Southeast Asia,Lower middle income,Developing,Asia_Lower middle income
Cambodia,2006,Asia,Southeast Asia,Lower middle income,Developing,Asia_Lower middle income
Cambodia,2005,Asia,Southeast Asia,Lower middle income,Developing,Asia_Lower middle income
Cambodia,2004,Asia,Southeast Asia,Lower middle income,Developing,Asia_Lower middle income
Cambodia,2003,Asia,Southeast Asia,Lower middle income,Developing,Asia_Lower middle income
Cambodia,2002,Asia,Southeast Asia,Lower middle income,Developing,Asia_Lower middle income
Cambodia,2001,Asia,Southeast Asia,Lower middle income,Developing,Asia_Lower middle income
Cambodia,2000,Asia,Southeast Asia,Lower middle income,Developing,Asia_Lower middle income
Cambodia,1999,Asia,Southeast Asia,Lower middle income,Developing,Asia_Lower middle income
Cambodia,1998,Asia,Southeast Asia,Lower middle income,Developing,Asia_Lower middle income
Cambodia,1997,Asia,Southeast Asia,Lower middle income,Developing,Asia_Lower middle income
Cambodia,1996,Asia,Southeast Asia,Lower middle income,Developing,Asia_Lower middle income
Cambodia,1995,Asia,Southeast Asia,Lower middle income,Developing,Asia_Lower middle income
Cambodia,1994,Asia,Southeast Asia,Lower middle income,Developing,Asia_Lower middle income
Cambodia,1993,Asia,Southeast Asia,Lower middle income,Developing,Asia_Lower middle income
Cambodia,1992,Asia,Southeast Asia,Lower middle income,Developing,Asia_Lower middle income
Cambodia,1991,Asia,Southeast Asia,Lower middle income,Developing,Asia_Lower middle income
Cambodia,1990,Asia,Southeast Asia,Lower middle income,Developing,Asia_Lower middle income
Cambodia,1989,Asia,Southeast Asia,Lower middle income,Developing,Asia_Lower middle income
Cambodia,1988,Asia,Southeast Asia,Lower middle income,Developing,Asia_Lower middle income
Cambodia,1987,Asia,Southeast Asia,Lower middle income,Developing,Asia_Lower middle income
Cambodia,1986,Asia,Southeast Asia,Lower middle income,Developing,Asia_Lower middle income
Cambodia,1985,Asia,Southeast Asia,Lower middle income,Developing,Asia_Lower middle income
Cambodia,1984,Asia,Southeast Asia,Lower middle income,Developing,Asia_Lower middle income
Cambodia,1983,Asia,Southeast Asia,Lower middle income,Developing,Asia_Lower middle income
Cambodia,1982,Asia,Southeast Asia,Lower middle income,Developing,Asia_Lower middle income
Cambodia,1981,Asia,Southeast Asia,Lower middle income,Developing,Asia_Lower middle income
Cambodia,1980,Asia,Southeast Asia,Lower middle income,Developing,Asia_Lower middle income
Cambodia,1979,Asia,Southeast Asia,Lower middle income,Developing,Asia_Lower middle income
Cambodia,1978,Asia,Southeast Asia,Lower middle income,Developing,Asia_Lower middle income
Cambodia,1977,Asia,Southeast Asia,Lower middle income,Developing,Asia_Lower middle income
Cambodia,1976,Asia,Southeast Asia,Lower middle income,Developing,Asia_Lower middle income
Cambodia,1975,Asia,Southeast Asia,Lower middle income,Developing,Asia_Lower middle income
Cambodia,1974,Asia,Southeast Asia,Lower middle income,Developing,Asia_Lower middle income
Cameroon,2024,Africa,Central Africa,Lower middle income,Developing,Africa_Lower middle income
Cameroon,2023,Africa,Central Africa,Lower middle income,Developing,Africa_Lower middle income
Cameroon,2022,Africa,Central Africa,Lower middle income,Developing,Africa_Lower middle income
Cameroon,2021,Africa,Central Africa,Lower middle income,Developing,Africa_Lower middle income
Cameroon,2020,Africa,Central Africa,Lower middle income,Developing,Africa_Lower middle income
Cameroon,2019,Africa,Central Africa,Lower middle income,Developing,Africa_Lower middle income
Cameroon,2018,Africa,Central Africa,Lower middle income,Developing,Africa_Lower middle income
Cameroon,2017,Africa,Central Africa,Lower middle income,Developing,Africa_Lower middle income
Cameroon,2016,Africa,Central Africa,Lower middle income,Developing,Africa_Lower middle income
Cameroon,2015,Africa,Central Africa,Lower middle income,Developing,Africa_Lower middle income
Cameroon,2014,Africa,Central Africa,Lower middle income,Developing,Africa_Lower middle income
Cameroon,2013,Africa,Central Africa,Lower middle income,Developing,Africa_Lower middle income
Cameroon,2012,Africa,Central Africa,Lower middle income,Developing,Africa_Lower middle income
Cameroon,2011,Africa,Central Africa,Lower middle income,Developing,Africa_Lower middle income
Cameroon,2010,Africa,Central Africa,Lower middle income,Developing,Africa_Lower middle income
Cameroon,2009,Africa,Central Africa,Lower middle income,Developing,Africa_Lower middle income
Cameroon,2008,Africa,Central Africa,Lower middle income,Developing,Africa_Lower middle income
Cameroon,2007,Africa,Central Africa,Lower middle income,Developing,Africa_Lower middle income
Cameroon,2006,Africa,Central Africa,Lower middle income,Developing,Africa_Lower middle income
Cameroon,2005,Africa,Central Africa,Lower middle income,Developing,Africa_Lower middle income
Cameroon,2004,Africa,Central Africa,Lower middle income,Developing,Africa_Lower middle income
Cameroon,2003,Africa,Central Africa,Lower middle income,Developing,Africa_Lower middle income
Cameroon,2002,Africa,Central Africa,Lower middle income,Developing,Africa_Lower middle income
Cameroon,2001,Africa,Central Africa,Lower middle income,Developing,Africa_Lower middle income
Cameroon,2000,Africa,Central Africa,Lower middle income,Developing,Africa_Lower middle income
Cameroon,1999,Africa,Central Africa,Lower middle income,Developing,Africa_Lower middle income
Cameroon,1998,Africa,Central Africa,Lower middle income,Developing,Africa_Lower middle income
Cameroon,1997,Africa,Central Africa,Lower middle income,Developing,Africa_Lower middle income
Cameroon,1996,Africa,Central Africa,Lower middle income,Developing,Africa_Lower middle income
Cameroon,1995,Africa,Central Africa,Lower middle income,Developing,Africa_Lower middle income
Cameroon,1994,Africa,Central Africa,Lower middle income,Developing,Africa_Lower middle income
Cameroon,1993,Africa,Central Africa,Lower middle income,Developing,Africa_Lower middle income
Cameroon,1992,Africa,Central Africa,Lower middle income,Developing,Africa_Lower middle income
Cameroon,1991,Africa,Central Africa,Lower middle income,Developing,Africa_Lower middle income
Cameroon,1990,Africa,Central Africa,Lower middle income,Developing,Africa_Lower middle income
Cameroon,1989,Africa,Central Africa,Lower middle income,Developing,Africa_Lower middle income
Cameroon,1988,Africa,Central Africa,Lower middle income,Developing,Africa_Lower middle income
Cameroon,1987,Africa,Central Africa,Lower middle income,Developing,Africa_Lower middle income
Cameroon,1986,Africa,Central Africa,Lower middle income,Developing,Africa_Lower middle income
Cameroon,1985,Africa,Central Africa,Lower middle income,Developing,Africa_Lower middle income
Cameroon,1984,Africa,Central Africa,Lower middle income,Developing,Africa_Lower middle income
Cameroon,1983,Africa,Central Africa,Lower middle income,Developing,Africa_Lower middle income
Cameroon,1982,Africa,Central Africa,Lower middle income,Developing,Africa_Lower middle income
Cameroon,1981,Africa,Central Africa,Lower middle income,Developing,Africa_Lower middle income
Cameroon,1980,Africa,Central Africa,Lower middle income,Developing,Africa_Lower middle income
Cameroon,1979,Africa,Central Africa,Lower middle income,Developing,Africa_Lower middle income
Cameroon,1978,Africa,Central Africa,Lower middle income,Developing,Africa_Lower middle income
Cameroon,1977,Africa,Central Africa,Lower middle income,Developing,Africa_Lower middle income
Cameroon,1976,Africa,Central Africa,Lower middle income,Developing,Africa_Lower middle income
Cameroon,1975,Africa,Central Africa,Lower middle income,Developing,Africa_Lower middle income
Cameroon,1974,Africa,Central Africa,Lower middle income,Developing,Africa_Lower middle income
Canada,2024,North America,North America,High income,Developed,North America_High income
Canada,2023,North America,North America,High income,Developed,North America_High income
Canada,2022,North America,North America,High income,Developed,North America_High income
Canada,2021,North America,North America,High income,Developed,North America_High income
Canada,2020,North America,North America,High income,Developed,North America_High income
Canada,2019,North America,North America,High income,Developed,North America_High income
Canada,2018,North America,North America,High income,Developed,North America_High income
Canada,2017,North America,North America,High income,Developed,North America_High income
Canada,2016,North America,North America,High income,Developed,North America_High income
Canada,2015,North America,North America,High income,Developed,North America_High income
Canada,2014,North America,North America,High income,Developed,North America_High income
Canada,2013,North America,North America,High income,Developed,North America_High income
Canada,2012,North America,North America,High income,Developed,North America_High income
Canada,2011,North America,North America,High income,Developed,North America_High income
Canada,2010,North America,North America,High income,Developed,North America_High income
Canada,2009,North America,North America,High income,Developed,North America_High income
Canada,2008,North America,North America,High income,Developed,North America_High income
Canada,2007,North America,North America,High income,Developed,North America_High income
Canada,2006,North America,North America,High income,Developed,North America_High income
Canada,2005,North America,North America,High income,Developed,North America_High income
Canada,2004,North America,North America,High income,Developed,North America_High income
Canada,2003,North America,North America,High income,Developed,North America_High income
Canada,2002,North America,North America,High income,Developed,North America_High income
Canada,2001,North America,North America,High income,Developed,North America_High income
Canada,2000,North America,North America,High income,Developed,North America_High income
Canada,1999,North America,North America,High income,Developed,North America_High income
Canada,1998,North America,North America,High income,Developed,North America_High income
Canada,1997,North America,North America,High income,Developed,North America_High income
Canada,1996,North America,North America,High income,Developed,North America_High income
Canada,1995,North America,North America,High income,Developed,North America_High income
Canada,1994,North America,North America,High income,Developed,North America_High income
Canada,1993,North America,North America,High income,Developed,North America_High income
Canada,1992,North America,North America,High income,Developed,North America_High income
Canada,1991,North America,North America,High income,Developed,North America_High income
Canada,1990,North America,North America,High income,Developed,North America_High income
Canada,1989,North America,North America,High income,Developed,North America_High income
Canada,1988,North America,North America,High income,Developed,North America_High income
Canada,1987,North America,North America,High income,Developed,North America_High income
Canada,1986,North America,North America,High income,Developed,North America_High income
Canada,1985,North America,North America,High income,Developed,North America_High income
Canada,1984,North America,North America,High income,Developed,North America_High income
Canada,1983,North America,North America,High income,Developed,North America_High income
Canada,1982,North America,North America,High income,Developed,North America_High income
Canada,1981,North America,North America,High income,Developed,North America_High income
Canada,1980,North America,North America,High income,Developed,North America_High income
Canada,1979,North America,North America,High income,Developed,North America_High income
Canada,1978,North America,North America,High income,Developed,North America_High income
Canada,1977,North America,North America,High income,Developed,North America_High income
Canada,1976,North America,North America,High income,Developed,North America_High income
Canada,1975,North America,North America,High income,Developed,North America_High income
Canada,1974,North America,North America,High income,Developed,North America_High income
Cayman Islands,2024,North America,Caribbean,High income,Developed,North America_High income
Cayman Islands,2023,North America,Caribbean,High income,Developed,North America_High income
Cayman Islands,2022,North America,Caribbean,High income,Developed,North America_High income
Cayman Islands,2021,North America,Caribbean,High income,Developed,North America_High income
Cayman Islands,2020,North America,Caribbean,High income,Developed,North America_High income
Cayman Islands,2019,North America,Caribbean,High income,Developed,North America_High income
Cayman Islands,2018,North America,Caribbean,High income,Developed,North America_High income
Cayman Islands,2017,North America,Caribbean,High income,Developed,North America_High income
Cayman Islands,2016,North America,Caribbean,High income,Developed,North America_High income
Cayman Islands,2015,North America,Caribbean,High income,Developed,North America_High income
Cayman Islands,2014,North America,Caribbean,High income,Developed,North America_High income
Cayman Islands,2013,North America,Caribbean,High income,Developed,North America_High income
Cayman Islands,2012,North America,Caribbean,High income,Developed,North America_High income
Cayman Islands,2011,North America,Caribbean,High income,Developed,North America_High income
Cayman Islands,2010,North America,Caribbean,High income,Developed,North America_High income
Cayman Islands,2009,North America,Caribbean,High income,Developed,North America_High income
Cayman Islands,2008,North America,Caribbean,High income,Developed,North America_High income
Cayman Islands,2007,North America,Caribbean,High income,Developed,North America_High income
Cayman Islands,2006,North America,Caribbean,High income,Developed,North America_High income
Cayman Islands,2005,North America,Caribbean,High income,Developed,North America_High income
Cayman Islands,2004,North America,Caribbean,High income,Developed,North America_High income
Cayman Islands,2003,North America,Caribbean,High income,Developed,North America_High income
Cayman Islands,2002,North America,Caribbean,High income,Developed,North America_High income
Cayman Islands,2001,North America,Caribbean,High income,Developed,North America_High income
Cayman Islands,2000,North America,Caribbean,High income,Developed,North America_High income
Cayman Islands,1999,North America,Caribbean,High income,Developed,North America_High income
Cayman Islands,1998,North America,Caribbean,High income,Developed,North America_High income
Cayman Islands,1997,North America,Caribbean,High income,Developed,North America_High income
Cayman Islands,1996,North America,Caribbean,High income,Developed,North America_High income
Cayman Islands,1995,North America,Caribbean,High income,Developed,North America_High income
Cayman Islands,1994,North America,Caribbean,High income,Developed,North America_High income
Cayman Islands,1993,North America,Caribbean,High income,Developed,North America_High income
Cayman Islands,1992,North America,Caribbean,High income,Developed,North America_High income
Cayman Islands,1991,North America,Caribbean,High income,Developed,North America_High income
Cayman Islands,1990,North America,Caribbean,High income,Developed,North America_High income
Cayman Islands,1989,North America,Caribbean,High income,Developed,North America_High income
Cayman Islands,1988,North America,Caribbean,High income,Developed,North America_High income
Cayman Islands,1987,North America,Caribbean,High income,Developed,North America_High income
Cayman Islands,1986,North America,Caribbean,High income,Developed,North America_High income
Cayman Islands,1985,North America,Caribbean,High income,Developed,North America_High income
Cayman Islands,1984,North America,Caribbean,High income,Developed,North America_High income
Cayman Islands,1983,North America,Caribbean,High income,Developed,North America_High income
Cayman Islands,1982,North America,Caribbean,High income,Developed,North America_High income
Cayman Islands,1981,North America,Caribbean,High income,Developed,North America_High income
Cayman Islands,1980,North America,Caribbean,High income,Developed,North America_High income
Cayman Islands,1979,North America,Caribbean,High income,Developed,North America_High income
Cayman Islands,1978,North America,Caribbean,High income,Developed,North America_High income
Cayman Islands,1977,North America,Caribbean,High income,Developed,North America_High income
Cayman Islands,1976,North America,Caribbean,High income,Developed,North America_High income
Cayman Islands,1975,North America,Caribbean,High income,Developed,North America_High income
Cayman Islands,1974,North America,Caribbean,High income,Developed,North America_High income
Central African Republic,2024,Africa,Central Africa,Low income,Developing,Africa_Low income
Central African Republic,2023,Africa,Central Africa,Low income,Developing,Africa_Low income
Central African Republic,2022,Africa,Central Africa,Low income,Developing,Africa_Low income
Central African Republic,2021,Africa,Central Africa,Low income,Developing,Africa_Low income
Central African Republic,2020,Africa,Central Africa,Low income,Developing,Africa_Low income
Central African Republic,2019,Africa,Central Africa,Low income,Developing,Africa_Low income
Central African Republic,2018,Africa,Central Africa,Low income,Developing,Africa_Low income
Central African Republic,2017,Africa,Central Africa,Low income,Developing,Africa_Low income
Central African Republic,2016,Africa,Central Africa,Low income,Developing,Africa_Low income
Central African Republic,2015,Africa,Central Africa,Low income,Developing,Africa_Low income
Central African Republic,2014,Africa,Central Africa,Low income,Developing,Africa_Low income
Central African Republic,2013,Africa,Central Africa,Low income,Developing,Africa_Low income
Central African Republic,2012,Africa,Central Africa,Low income,Developing,Africa_Low income
Central African Republic,2011,Africa,Central Africa,Low income,Developing,Africa_Low income
Central African Republic,2010,Africa,Central Africa,Low income,Developing,Africa_Low income
Central African Republic,2009,Africa,Central Africa,Low income,Developing,Africa_Low income
Central African Republic,2008,Africa,Central Africa,Low income,Developing,Africa_Low income
Central African Republic,2007,Africa,Central Africa,Low income,Developing,Africa_Low income
Central African Republic,2006,Africa,Central Africa,Low income,Developing,Africa_Low income
Central African Republic,2005,Africa,Central Africa,Low income,Developing,Africa_Low income
Central African Republic,2004,Africa,Central Africa,Low income,Developing,Africa_Low income
Central African Republic,2003,Africa,Central Africa,Low income,Developing,Africa_Low income
Central African Republic,2002,Africa,Central Africa,Low income,Developing,Africa_Low income
Central African Republic,2001,Africa,Central Africa,Low income,Developing,Africa_Low income
Central African Republic,2000,Africa,Central Africa,Low income,Developing,Africa_Low income
Central African Republic,1999,Africa,Central Africa,Low income,Developing,Africa_Low income
Central African Republic,1998,Africa,Central Africa,Low income,Developing,Africa_Low income
Central African Republic,1997,Africa,Central Africa,Low income,Developing,Africa_Low income
Central African Republic,1996,Africa,Central Africa,Low income,Developing,Africa_Low income
Central African Republic,1995,Africa,Central Africa,Low income,Developing,Africa_Low income
Central African Republic,1994,Africa,Central Africa,Low income,Developing,Africa_Low income
Central African Republic,1993,Africa,Central Africa,Low income,Developing,Africa_Low income
Central African Republic,1992,Africa,Central Africa,Low income,Developing,Africa_Low income
Central African Republic,1991,Africa,Central Africa,Low income,Developing,Africa_Low income
Central African Republic,1990,Africa,Central Africa,Low income,Developing,Africa_Low income
Central African Republic,1989,Africa,Central Africa,Low income,Developing,Africa_Low income
Central African Republic,1988,Africa,Central Africa,Low income,Developing,Africa_Low income
Central African Republic,1987,Africa,Central Africa,Low income,Developing,Africa_Low income
Central African Republic,1986,Africa,Central Africa,Low income,Developing,Africa_Low income
Central African Republic,1985,Africa,Central Africa,Low income,Developing,Africa_Low income
Central African Republic,1984,Africa,Central Africa,Low income,Developing,Africa_Low income
Central African Republic,1983,Africa,Central Africa,Low income,Developing,Africa_Low income
Central African Republic,1982,Africa,Central Africa,Low income,Developing,Africa_Low income
Central African Republic,1981,Africa,Central Africa,Low income,Developing,Africa_Low income
Central African Republic,1980,Africa,Central Africa,Low income,Developing,Africa_Low income
Central African Republic,1979,Africa,Central Africa,Low income,Developing,Africa_Low income
Central African Republic,1978,Africa,Central Africa,Low income,Developing,Africa_Low income
Central African Republic,1977,Africa,Central Africa,Low income,Developing,Africa_Low income
Central African Republic,1976,Africa,Central Africa,Low income,Developing,Africa_Low income
Central African Republic,1975,Africa,Central Africa,Low income,Developing,Africa_Low income
Central African Republic,1974,Africa,Central Africa,Low income,Developing,Africa_Low income
Chad,2024,Africa,Central Africa,Low income,Developing,Africa_Low income
Chad,2023,Africa,Central Africa,Low income,Developing,Africa_Low income
Chad,2022,Africa,Central Africa,Low income,Developing,Africa_Low income
Chad,2021,Africa,Central Africa,Low income,Developing,Africa_Low income
Chad,2020,Africa,Central Africa,Low income,Developing,Africa_Low income
Chad,2019,Africa,Central Africa,Low income,Developing,Africa_Low income
Chad,2018,Africa,Central Africa,Low income,Developing,Africa_Low income
Chad,2017,Africa,Central Africa,Low income,Developing,Africa_Low income
Chad,2016,Africa,Central Africa,Low income,Developing,Africa_Low income
Chad,2015,Africa,Central Africa,Low income,Developing,Africa_Low income
Chad,2014,Africa,Central Africa,Low income,Developing,Africa_Low income
Chad,2013,Africa,Central Africa,Low income,Developing,Africa_Low income
Chad,2012,Africa,Central Africa,Low income,Developing,Africa_Low income
Chad,2011,Africa,Central Africa,Low income,Developing,Africa_Low income
Chad,2010,Africa,Central Africa,Low income,Developing,Africa_Low income
Chad,2009,Africa,Central Africa,Low income,Developing,Africa_Low income
Chad,2008,Africa,Central Africa,Low income,Developing,Africa_Low income
Chad,2007,Africa,Central Africa,Low income,Developing,Africa_Low income
Chad,2006,Africa,Central Africa,Low income,Developing,Africa_Low income
Chad,2005,Africa,Central Africa,Low income,Developing,Africa_Low income
Chad,2004,Africa,Central Africa,Low income,Developing,Africa_Low income
Chad,2003,Africa,Central Africa,Low income,Developing,Africa_Low income
Chad,2002,Africa,Central Africa,Low income,Developing,Africa_Low income
Chad,2001,Africa,Central Africa,Low income,Developing,Africa_Low income
Chad,2000,Africa,Central Africa,Low income,Developing,Africa_Low income
Chad,1999,Africa,Central Africa,Low income,Developing,Africa_Low income
Chad,1998,Africa,Central Africa,Low income,Developing,Africa_Low income
Chad,1997,Africa,Central Africa,Low income,Developing,Africa_Low income
Chad,1996,Africa,Central Africa,Low income,Developing,Africa_Low income
Chad,1995,Africa,Central Africa,Low income,Developing,Africa_Low income
Chad,1994,Africa,Central Africa,Low income,Developing,Africa_Low income
Chad,1993,Africa,Central Africa,Low income,Developing,Africa_Low income
Chad,1992,Africa,Central Africa,Low income,Developing,Africa_Low income
Chad,1991,Africa,Central Africa,Low income,Developing,Africa_Low income
Chad,1990,Africa,Central Africa,Low income,Developing,Africa_Low income
Chad,1989,Africa,Central Africa,Low income,Developing,Africa_Low income
Chad,1988,Africa,Central Africa,Low income,Developing,Africa_Low income
Chad,1987,Africa,Central Africa,Low income,Developing,Africa_Low income
Chad,1986,Africa,Central Africa,Low income,Developing,Africa_Low income
Chad,1985,Africa,Central Africa,Low income,Developing,Africa_Low income
Chad,1984,Africa,Central Africa,Low income,Developing,Africa_Low income
Chad,1983,Africa,Central Africa,Low income,Developing,Africa_Low income
Chad,1982,Africa,Central Africa,Low income,Developing,Africa_Low income
Chad,1981,Africa,Central Africa,Low income,Developing,Africa_Low income
Chad,1980,Africa,Central Africa,Low income,Developing,Africa_Low income
Chad,1979,Africa,Central Africa,Low income,Developing,Africa_Low income
Chad,1978,Africa,Central Africa,Low income,Developing,Africa_Low income
Chad,1977,Africa,Central Africa,Low income,Developing,Africa_Low income
Chad,1976,Africa,Central Africa,Low income,Developing,Africa_Low income
Chad,1975,Africa,Central Africa,Low income,Developing,Africa_Low income
Chad,1974,Africa,Central Africa,Low income,Developing,Africa_Low income
Channel Islands,2024,Europe,Western Europe,High income,Developed,Europe_High income
Channel Islands,2023,Europe,Western Europe,High income,Developed,Europe_High income
Channel Islands,2022,Europe,Western Europe,High income,Developed,Europe_High income
Channel Islands,2021,Europe,Western Europe,High income,Developed,Europe_High income
Channel Islands,2020,Europe,Western Europe,High income,Developed,Europe_High income
Channel Islands,2019,Europe,Western Europe,High income,Developed,Europe_High income
Channel Islands,2018,Europe,Western Europe,High income,Developed,Europe_High income
Channel Islands,2017,Europe,Western Europe,High income,Developed,Europe_High income
Channel Islands,2016,Europe,Western Europe,High income,Developed,Europe_High income
Channel Islands,2015,Europe,Western Europe,High income,Developed,Europe_High income
Channel Islands,2014,Europe,Western Europe,High income,Developed,Europe_High income
Channel Islands,2013,Europe,Western Europe,High income,Developed,Europe_High income
Channel Islands,2012,Europe,Western Europe,High income,Developed,Europe_High income
Channel Islands,2011,Europe,Western Europe,High income,Developed,Europe_High income
Channel Islands,2010,Europe,Western Europe,High income,Developed,Europe_High income
Channel Islands,2009,Europe,Western Europe,High income,Developed,Europe_High income
Channel Islands,2008,Europe,Western Europe,High income,Developed,Europe_High income
Channel Islands,2007,Europe,Western Europe,High income,Developed,Europe_High income
Channel Islands,2006,Europe,Western Europe,High income,Developed,Europe_High income
Channel Islands,2005,Europe,Western Europe,High income,Developed,Europe_High income
Channel Islands,2004,Europe,Western Europe,High income,Developed,Europe_High income
Channel Islands,2003,Europe,Western Europe,High income,Developed,Europe_High income
Channel Islands,2002,Europe,Western Europe,High income,Developed,Europe_High income
Channel Islands,2001,Europe,Western Europe,High income,Developed,Europe_High income
Channel Islands,2000,Europe,Western Europe,High income,Developed,Europe_High income
Channel Islands,1999,Europe,Western Europe,High income,Developed,Europe_High income
Channel Islands,1998,Europe,Western Europe,High income,Developed,Europe_High income
Channel Islands,1997,Europe,Western Europe,High income,Developed,Europe_High income
Channel Islands,1996,Europe,Western Europe,High income,Developed,Europe_High income
Channel Islands,1995,Europe,Western Europe,High income,Developed,Europe_High income
Channel Islands,1994,Europe,Western Europe,High income,Developed,Europe_High income
Channel Islands,1993,Europe,Western Europe,High income,Developed,Europe_High income
Channel Islands,1992,Europe,Western Europe,High income,Developed,Europe_High income
Channel Islands,1991,Europe,Western Europe,High income,Developed,Europe_High income
Channel Islands,1990,Europe,Western Europe,High income,Developed,Europe_High income
Channel Islands,1989,Europe,Western Europe,High income,Developed,Europe_High income
Channel Islands,1988,Europe,Western Europe,High income,Developed,Europe_High income
Channel Islands,1987,Europe,Western Europe,High income,Developed,Europe_High income
Channel Islands,1986,Europe,Western Europe,High income,Developed,Europe_High income
Channel Islands,1985,Europe,Western Europe,High income,Developed,Europe_High income
Channel Islands,1984,Europe,Western Europe,High income,Developed,Europe_High income
Channel Islands,1983,Europe,Western Europe,High income,Developed,Europe_High income
Channel Islands,1982,Europe,Western Europe,High income,Developed,Europe_High income
Channel Islands,1981,Europe,Western Europe,High income,Developed,Europe_High income
Channel Islands,1980,Europe,Western Europe,High income,Developed,Europe_High income
Channel Islands,1979,Europe,Western Europe,High income,Developed,Europe_High income
Channel Islands,1978,Europe,Western Europe,High income,Developed,Europe_High income
Channel Islands,1977,Europe,Western Europe,High income,Developed,Europe_High income
Channel Islands,1976,Europe,Western Europe,High income,Developed,Europe_High income
Channel Islands,1975,Europe,Western Europe,High income,Developed,Europe_High income
Channel Islands,1974,Europe,Western Europe,High income,Developed,Europe_High income
Chile,2024,South America,South America,High income,Developing,South America_High income
Chile,2023,South America,South America,High income,Developing,South America_High income
Chile,2022,South America,South America,High income,Developing,South America_High income
Chile,2021,South America,South America,High income,Developing,South America_High income
Chile,2020,South America,South America,High income,Developing,South America_High income
Chile,2019,South America,South America,High income,Developing,South America_High income
Chile,2018,South America,South America,High income,Developing,South America_High income
Chile,2017,South America,South America,High income,Developing,South America_High income
Chile,2016,South America,South America,High income,Developing,South America_High income
Chile,2015,South America,South America,High income,Developing,South America_High income
Chile,2014,South America,South America,High income,Developing,South America_High income
Chile,2013,South America,South America,High income,Developing,South America_High income
Chile,2012,South America,South America,High income,Developing,South America_High income
Chile,2011,South America,South America,High income,Developing,South America_High income
Chile,2010,South America,South America,High income,Developing,South America_High income
Chile,2009,South America,South America,High income,Developing,South America_High income
Chile,2008,South America,South America,High income,Developing,South America_High income
Chile,2007,South America,South America,High income,Developing,South America_High income
Chile,2006,South America,South America,High income,Developing,South America_High income
Chile,2005,South America,South America,High income,Developing,South America_High income
Chile,2004,South America,South America,High income,Developing,South America_High income
Chile,2003,South America,South America,High income,Developing,South America_High income
Chile,2002,South America,South America,High income,Developing,South America_High income
Chile,2001,South America,South America,High income,Developing,South America_High income
Chile,2000,South America,South America,High income,Developing,South America_High income
Chile,1999,South America,South America,High income,Developing,South America_High income
Chile,1998,South America,South America,High income,Developing,South America_High income
Chile,1997,South America,South America,High income,Developing,South America_High income
Chile,1996,South America,South America,High income,Developing,South America_High income
Chile,1995,South America,South America,High income,Developing,South America_High income
Chile,1994,South America,South America,High income,Developing,South America_High income
Chile,1993,South America,South America,High income,Developing,South America_High income
Chile,1992,South America,South America,High income,Developing,South America_High income
Chile,1991,South America,South America,High income,Developing,South America_High income
Chile,1990,South America,South America,High income,Developing,South America_High income
Chile,1989,South America,South America,High income,Developing,South America_High income
Chile,1988,South America,South America,High income,Developing,South America_High income
Chile,1987,South America,South America,High income,Developing,South America_High income
Chile,1986,South America,South America,High income,Developing,South America_High income
Chile,1985,South America,South America,High income,Developing,South America_High income
Chile,1984,South America,South America,High income,Developing,South America_High income
Chile,1983,South America,South America,High income,Developing,South America_High income
Chile,1982,South America,South America,High income,Developing,South America_High income
Chile,1981,South America,South America,High income,Developing,South America_High income
Chile,1980,South America,South America,High income,Developing,South America_High income
Chile,1979,South America,South America,High income,Developing,South America_High income
Chile,1978,South America,South America,High income,Developing,South America_High income
Chile,1977,South America,South America,High income,Developing,South America_High income
Chile,1976,South America,South America,High income,Developing,South America_High income
Chile,1975,South America,South America,High income,Developing,South America_High income
Chile,1974,South America,South America,High income,Developing,South America_High income
China,2024,Asia,East Asia,Upper middle income,Developing,Asia_Upper middle income
China,2023,Asia,East Asia,Upper middle income,Developing,Asia_Upper middle income
China,2022,Asia,East Asia,Upper middle income,Developing,Asia_Upper middle income
China,2021,Asia,East Asia,Upper middle income,Developing,Asia_Upper middle income
China,2020,Asia,East Asia,Upper middle income,Developing,Asia_Upper middle income
China,2019,Asia,East Asia,Upper middle income,Developing,Asia_Upper middle income
China,2018,Asia,East Asia,Upper middle income,Developing,Asia_Upper middle income
China,2017,Asia,East Asia,Upper middle income,Developing,Asia_Upper middle income
China,2016,Asia,East Asia,Upper middle income,Developing,Asia_Upper middle income
China,2015,Asia,East Asia,Upper middle income,Developing,Asia_Upper middle income
China,2014,Asia,East Asia,Upper middle income,Developing,Asia_Upper middle income
China,2013,Asia,East Asia,Upper middle income,Developing,Asia_Upper middle income
China,2012,Asia,East Asia,Upper middle income,Developing,Asia_Upper middle income
China,2011,Asia,East Asia,Upper middle income,Developing,Asia_Upper middle income
China,2010,Asia,East Asia,Upper middle income,Developing,Asia_Upper middle income
China,2009,Asia,East Asia,Upper middle income,Developing,Asia_Upper middle income
China,2008,Asia,East Asia,Upper middle income,Developing,Asia_Upper middle income
China,2007,Asia,East Asia,Upper middle income,Developing,Asia_Upper middle income
China,2006,Asia,East Asia,Upper middle income,Developing,Asia_Upper middle income
China,2005,Asia,East Asia,Upper middle income,Developing,Asia_Upper middle income
China,2004,Asia,East Asia,Upper middle income,Developing,Asia_Upper middle income
China,2003,Asia,East Asia,Upper middle income,Developing,Asia_Upper middle income
China,2002,Asia,East Asia,Upper middle income,Developing,Asia_Upper middle income
China,2001,Asia,East Asia,Upper middle income,Developing,Asia_Upper middle income
China,2000,Asia,East Asia,Upper middle income,Developing,Asia_Upper middle income
China,1999,Asia,East Asia,Upper middle income,Developing,Asia_Upper middle income
China,1998,Asia,East Asia,Upper middle income,Developing,Asia_Upper middle income
China,1997,Asia,East Asia,Upper middle income,Developing,Asia_Upper middle income
China,1996,Asia,East Asia,Upper middle income,Developing,Asia_Upper middle income
China,1995,Asia,East Asia,Upper middle income,Developing,Asia_Upper middle income
China,1994,Asia,East Asia,Upper middle income,Developing,Asia_Upper middle income
China,1993,Asia,East Asia,Upper middle income,Developing,Asia_Upper middle income
China,1992,Asia,East Asia,Upper middle income,Developing,Asia_Upper middle income
China,1991,Asia,East Asia,Upper middle income,Developing,Asia_Upper middle income
China,1990,Asia,East Asia,Upper middle income,Developing,Asia_Upper middle income
China,1989,Asia,East Asia,Upper middle income,Developing,Asia_Upper middle income
China,1988,Asia,East Asia,Upper middle income,Developing,Asia_Upper middle income
China,1987,Asia,East Asia,Upper middle income,Developing,Asia_Upper middle income
China,1986,Asia,East Asia,Upper middle income,Developing,Asia_Upper middle income
China,1985,Asia,East Asia,Upper middle income,Developing,Asia_Upper middle income
China,1984,Asia,East Asia,Upper middle income,Developing,Asia_Upper middle income
China,1983,Asia,East Asia,Upper middle income,Developing,Asia_Upper middle income
China,1982,Asia,East Asia,Upper middle income,Developing,Asia_Upper middle income
China,1981,Asia,East Asia,Upper middle income,Developing,Asia_Upper middle income
China,1980,Asia,East Asia,Upper middle income,Developing,Asia_Upper middle income
China,1979,Asia,East Asia,Upper middle income,Developing,Asia_Upper middle income
China,1978,Asia,East Asia,Upper middle income,Developing,Asia_Upper middle income
China,1977,Asia,East Asia,Upper middle income,Developing,Asia_Upper middle income
China,1976,Asia,East Asia,Upper middle income,Developing,Asia_Upper middle income
China,1975,Asia,East Asia,Upper middle income,Developing,Asia_Upper middle income
China,1974,Asia,East Asia,Upper middle income,Developing,Asia_Upper middle income
Colombia,2024,South America,South America,Upper middle income,Developing,South America_Upper middle income
Colombia,2023,South America,South America,Upper middle income,Developing,South America_Upper middle income
Colombia,2022,South America,South America,Upper middle income,Developing,South America_Upper middle income
Colombia,2021,South America,South America,Upper middle income,Developing,South America_Upper middle income
Colombia,2020,South America,South America,Upper middle income,Developing,South America_Upper middle income
Colombia,2019,South America,South America,Upper middle income,Developing,South America_Upper middle income
Colombia,2018,South America,South America,Upper middle income,Developing,South America_Upper middle income
Colombia,2017,South America,South America,Upper middle income,Developing,South America_Upper middle income
Colombia,2016,South America,South America,Upper middle income,Developing,South America_Upper middle income
Colombia,2015,South America,South America,Upper middle income,Developing,South America_Upper middle income
Colombia,2014,South America,South America,Upper middle income,Developing,South America_Upper middle income
Colombia,2013,South America,South America,Upper middle income,Developing,South America_Upper middle income
Colombia,2012,South America,South America,Upper middle income,Developing,South America_Upper middle income
Colombia,2011,South America,South America,Upper middle income,Developing,South America_Upper middle income
Colombia,2010,South America,South America,Upper middle income,Developing,South America_Upper middle income
Colombia,2009,South America,South America,Upper middle income,Developing,South America_Upper middle income
Colombia,2008,South America,South America,Upper middle income,Developing,South America_Upper middle income
Colombia,2007,South America,South America,Upper middle income,Developing,South America_Upper middle income
Colombia,2006,South America,South America,Upper middle income,Developing,South America_Upper middle income
Colombia,2005,South America,South America,Upper middle income,Developing,South America_Upper middle income
Colombia,2004,South America,South America,Upper middle income,Developing,South America_Upper middle income
Colombia,2003,South America,South America,Upper middle income,Developing,South America_Upper middle income
Colombia,2002,South America,South America,Upper middle income,Developing,South America_Upper middle income
Colombia,2001,South America,South America,Upper middle income,Developing,South America_Upper middle income
Colombia,2000,South America,South America,Upper middle income,Developing,South America_Upper middle income
Colombia,1999,South America,South America,Upper middle income,Developing,South America_Upper middle income
Colombia,1998,South America,South America,Upper middle income,Developing,South America_Upper middle income
Colombia,1997,South America,South America,Upper middle income,Developing,South America_Upper middle income
Colombia,1996,South America,South America,Upper middle income,Developing,South America_Upper middle income
Colombia,1995,South America,South America,Upper middle income,Developing,South America_Upper middle income
Colombia,1994,South America,South America,Upper middle income,Developing,South America_Upper middle income
Colombia,1993,South America,South America,Upper middle income,Developing,South America_Upper middle income
Colombia,1992,South America,South America,Upper middle income,Developing,South America_Upper middle income
Colombia,1991,South America,South America,Upper middle income,Developing,South America_Upper middle income
Colombia,1990,South America,South America,Upper middle income,Developing,South America_Upper middle income
Colombia,1989,South America,South America,Upper middle income,Developing,South America_Upper middle income
Colombia,1988,South America,South America,Upper middle income,Developing,South America_Upper middle income
Colombia,1987,South America,South America,Upper middle income,Developing,South America_Upper middle income
Colombia,1986,South America,South America,Upper middle income,Developing,South America_Upper middle income
Colombia,1985,South America,South America,Upper middle income,Developing,South America_Upper middle income
Colombia,1984,South America,South America,Upper middle income,Developing,South America_Upper middle income
Colombia,1983,South America,South America,Upper middle income,Developing,South America_Upper middle income
Colombia,1982,South America,South America,Upper middle income,Developing,South America_Upper middle income
Colombia,1981,South America,South America,Upper middle income,Developing,South America_Upper middle income
Colombia,1980,South America,South America,Upper middle income,Developing,South America_Upper middle income
Colombia,1979,South America,South America,Upper middle income,Developing,South America_Upper middle income
Colombia,1978,South America,South America,Upper middle income,Developing,South America_Upper middle income
Colombia,1977,South America,South America,Upper middle income,Developing,South America_Upper middle income
Colombia,1976,South America,South America,Upper middle income,Developing,South America_Upper middle income
Colombia,1975,South America,South America,Upper middle income,Developing,South America_Upper middle income
Colombia,1974,South America,South America,Upper middle income,Developing,South America_Upper middle income
Comoros,2024,Africa,East Africa,Lower middle income,Developing,Africa_Lower middle income
Comoros,2023,Africa,East Africa,Lower middle income,Developing,Africa_Lower middle income
Comoros,2022,Africa,East Africa,Lower middle income,Developing,Africa_Lower middle income
Comoros,2021,Africa,East Africa,Lower middle income,Developing,Africa_Lower middle income
Comoros,2020,Africa,East Africa,Lower middle income,Developing,Africa_Lower middle income
Comoros,2019,Africa,East Africa,Lower middle income,Developing,Africa_Lower middle income
Comoros,2018,Africa,East Africa,Lower middle income,Developing,Africa_Lower middle income
Comoros,2017,Africa,East Africa,Lower middle income,Developing,Africa_Lower middle income
Comoros,2016,Africa,East Africa,Lower middle income,Developing,Africa_Lower middle income
Comoros,2015,Africa,East Africa,Lower middle income,Developing,Africa_Lower middle income
Comoros,2014,Africa,East Africa,Lower middle income,Developing,Africa_Lower middle income
Comoros,2013,Africa,East Africa,Lower middle income,Developing,Africa_Lower middle income
Comoros,2012,Africa,East Africa,Lower middle income,Developing,Africa_Lower middle income
Comoros,2011,Africa,East Africa,Lower middle income,Developing,Africa_Lower middle income
Comoros,2010,Africa,East Africa,Lower middle income,Developing,Africa_Lower middle income
Comoros,2009,Africa,East Africa,Lower middle income,Developing,Africa_Lower middle income
Comoros,2008,Africa,East Africa,Lower middle income,Developing,Africa_Lower middle income
Comoros,2007,Africa,East Africa,Lower middle income,Developing,Africa_Lower middle income
Comoros,2006,Africa,East Africa,Lower middle income,Developing,Africa_Lower middle income
Comoros,2005,Africa,East Africa,Lower middle income,Developing,Africa_Lower middle income
Comoros,2004,Africa,East Africa,Lower middle income,Developing,Africa_Lower middle income
Comoros,2003,Africa,East Africa,Lower middle income,Developing,Africa_Lower middle income
Comoros,2002,Africa,East Africa,Lower middle income,Developing,Africa_Lower middle income
Comoros,2001,Africa,East Africa,Lower middle income,Developing,Africa_Lower middle income
Comoros,2000,Africa,East Africa,Lower middle income,Developing,Africa_Lower middle income
Comoros,1999,Africa,East Africa,Lower middle income,Developing,Africa_Lower middle income
Comoros,1998,Africa,East Africa,Lower middle income,Developing,Africa_Lower middle income
Comoros,1997,Africa,East Africa,Lower middle income,Developing,Africa_Lower middle income
Comoros,1996,Africa,East Africa,Lower middle income,Developing,Africa_Lower middle income
Comoros,1995,Africa,East Africa,Lower middle income,Developing,Africa_Lower middle income
Comoros,1994,Africa,East Africa,Lower middle income,Developing,Africa_Lower middle income
Comoros,1993,Africa,East Africa,Lower middle income,Developing,Africa_Lower middle income
Comoros,1992,Africa,East Africa,Lower middle income,Developing,Africa_Lower middle income
Comoros,1991,Africa,East Africa,Lower middle income,Developing,Africa_Lower middle income
Comoros,1990,Africa,East Africa,Lower middle income,Developing,Africa_Lower middle income
Comoros,1989,Africa,East Africa,Lower middle income,Developing,Africa_Lower middle income
Comoros,1988,Africa,East Africa,Lower middle income,Developing,Africa_Lower middle income
Comoros,1987,Africa,East Africa,Lower middle income,Developing,Africa_Lower middle income
Comoros,1986,Africa,East Africa,Lower middle income,Developing,Africa_Lower middle income
Comoros,1985,Africa,East Africa,Lower middle income,Developing,Africa_Lower middle income
Comoros,1984,Africa,East Africa,Lower middle income,Developing,Africa_Lower middle income
Comoros,1983,Africa,East Africa,Lower middle income,Developing,Africa_Lower middle income
Comoros,1982,Africa,East Africa,Lower middle income,Developing,Africa_Lower middle income
Comoros,1981,Africa,East Africa,Lower middle income,Developing,Africa_Lower middle income
Comoros,1980,Africa,East Africa,Lower middle income,Developing,Africa_Lower middle income
Comoros,1979,Africa,East Africa,Lower middle income,Developing,Africa_Lower middle income
Comoros,1978,Africa,East Africa,Lower middle income,Developing,Africa_Lower middle income
Comoros,1977,Africa,East Africa,Lower middle income,Developing,Africa_Lower middle income
Comoros,1976,Africa,East Africa,Lower middle income,Developing,Africa_Lower middle income
Comoros,1975,Africa,East Africa,Lower middle income,Developing,Africa_Lower middle income
Comoros,1974,Africa,East Africa,Lower middle income,Developing,Africa_Lower middle income
"Congo, Dem. Rep.",2024,Africa,Central Africa,Low income,Developing,Africa_Low income
"Congo, Dem. Rep.",2023,Africa,Central Africa,Low income,Developing,Africa_Low income
"Congo, Dem. Rep.",2022,Africa,Central Africa,Low income,Developing,Africa_Low income
"Congo, Dem. Rep.",2021,Africa,Central Africa,Low income,Developing,Africa_Low income
"Congo, Dem. Rep.",2020,Africa,Central Africa,Low income,Developing,Africa_Low income
"Congo, Dem. Rep.",2019,Africa,Central Africa,Low income,Developing,Africa_Low income
"Congo, Dem. Rep.",2018,Africa,Central Africa,Low income,Developing,Africa_Low income
"Congo, Dem. Rep.",2017,Africa,Central Africa,Low income,Developing,Africa_Low income
"Congo, Dem. Rep.",2016,Africa,Central Africa,Low income,Developing,Africa_Low income
"Congo, Dem. Rep.",2015,Africa,Central Africa,Low income,Developing,Africa_Low income
"Congo, Dem. Rep.",2014,Africa,Central Africa,Low income,Developing,Africa_Low income
"Congo, Dem. Rep.",2013,Africa,Central Africa,Low income,Developing,Africa_Low income
"Congo, Dem. Rep.",2012,Africa,Central Africa,Low income,Developing,Africa_Low income
"Congo, Dem. Rep.",2011,Africa,Central Africa,Low income,Developing,Africa_Low income
"Congo, Dem. Rep.",2010,Africa,Central Africa,Low income,Developing,Africa_Low income
"Congo, Dem. Rep.",2009,Africa,Central Africa,Low income,Developing,Africa_Low income
"Congo, Dem. Rep.",2008,Africa,Central Africa,Low income,Developing,Africa_Low income
"Congo, Dem. Rep.",2007,Africa,Central Africa,Low income,Developing,Africa_Low income
"Congo, Dem. Rep.",2006,Africa,Central Africa,Low income,Developing,Africa_Low income
"Congo, Dem. Rep.",2005,Africa,Central Africa,Low income,Developing,Africa_Low income
"Congo, Dem. Rep.",2004,Africa,Central Africa,Low income,Developing,Africa_Low income
"Congo, Dem. Rep.",2003,Africa,Central Africa,Low income,Developing,Africa_Low income
"Congo, Dem. Rep.",2002,Africa,Central Africa,Low income,Developing,Africa_Low income
"Congo, Dem. Rep.",2001,Africa,Central Africa,Low income,Developing,Africa_Low income
"Congo, Dem. Rep.",2000,Africa,Central Africa,Low income,Developing,Africa_Low income
"Congo, Dem. Rep.",1999,Africa,Central Africa,Low income,Developing,Africa_Low income
"Congo, Dem. Rep.",1998,Africa,Central Africa,Low income,Developing,Africa_Low income
"Congo, Dem. Rep.",1997,Africa,Central Africa,Low income,Developing,Africa_Low income
"Congo, Dem. Rep.",1996,Africa,Central Africa,Low income,Developing,Africa_Low income
"Congo, Dem. Rep.",1995,Africa,Central Africa,Low income,Developing,Africa_Low income
"Congo, Dem. Rep.",1994,Africa,Central Africa,Low income,Developing,Africa_Low income
"Congo, Dem. Rep.",1993,Africa,Central Africa,Low income,Developing,Africa_Low income
"Congo, Dem. Rep.",1992,Africa,Central Africa,Low income,Developing,Africa_Low income
"Congo, Dem. Rep.",1991,Africa,Central Africa,Low income,Developing,Africa_Low income
"Congo, Dem. Rep.",1990,Africa,Central Africa,Low income,Developing,Africa_Low income
"Congo, Dem. Rep.",1989,Africa,Central Africa,Low income,Developing,Africa_Low income
"Congo, Dem. Rep.",1988,Africa,Central Africa,Low income,Developing,Africa_Low income
"Congo, Dem. Rep.",1987,Africa,Central Africa,Low income,Developing,Africa_Low income
"Congo, Dem. Rep.",1986,Africa,Central Africa,Low income,Developing,Africa_Low income
"Congo, Dem. Rep.",1985,Africa,Central Africa,Low income,Developing,Africa_Low income
"Congo, Dem. Rep.",1984,Africa,Central Africa,Low income,Developing,Africa_Low income
"Congo, Dem. Rep.",1983,Africa,Central Africa,Low income,Developing,Africa_Low income
"Congo, Dem. Rep.",1982,Africa,Central Africa,Low income,Developing,Africa_Low income
"Congo, Dem. Rep.",1981,Africa,Central Africa,Low income,Developing,Africa_Low income
"Congo, Dem. Rep.",1980,Africa,Central Africa,Low income,Developing,Africa_Low income
"Congo, Dem. Rep.",1979,Africa,Central Africa,Low income,Developing,Africa_Low income
"Congo, Dem. Rep.",1978,Africa,Central Africa,Low income,Developing,Africa_Low income
"Congo, Dem. Rep.",1977,Africa,Central Africa,Low income,Developing,Africa_Low income
"Congo, Dem. Rep.",1976,Africa,Central Africa,Low income,Developing,Africa_Low income
"Congo, Dem. Rep.",1975,Africa,Central Africa,Low income,Developing,Africa_Low income
"Congo, Dem. Rep.",1974,Africa,Central Africa,Low income,Developing,Africa_Low income
"Congo, Rep.",2024,Africa,Central Africa,Lower middle income,Developing,Africa_Lower middle income
"Congo, Rep.",2023,Africa,Central Africa,Lower middle income,Developing,Africa_Lower middle income
"Congo, Rep.",2022,Africa,Central Africa,Lower middle income,Developing,Africa_Lower middle income
"Congo, Rep.",2021,Africa,Central Africa,Lower middle income,Developing,Africa_Lower middle income
"Congo, Rep.",2020,Africa,Central Africa,Lower middle income,Developing,Africa_Lower middle income
"Congo, Rep.",2019,Africa,Central Africa,Lower middle income,Developing,Africa_Lower middle income
"Congo, Rep.",2018,Africa,Central Africa,Lower middle income,Developing,Africa_Lower middle income
"Congo, Rep.",2017,Africa,Central Africa,Lower middle income,Developing,Africa_Lower middle income
"Congo, Rep.",2016,Africa,Central Africa,Lower middle income,Developing,Africa_Lower middle income
"Congo, Rep.",2015,Africa,Central Africa,Lower middle income,Developing,Africa_Lower middle income
"Congo, Rep.",2014,Africa,Central Africa,Lower middle income,Developing,Africa_Lower middle income
"Congo, Rep.",2013,Africa,Central Africa,Lower middle income,Developing,Africa_Lower middle income
"Congo, Rep.",2012,Africa,Central Africa,Lower middle income,Developing,Africa_Lower middle income
"Congo, Rep.",2011,Africa,Central Africa,Lower middle income,Developing,Africa_Lower middle income
"Congo, Rep.",2010,Africa,Central Africa,Lower middle income,Developing,Africa_Lower middle income
"Congo, Rep.",2009,Africa,Central Africa,Lower middle income,Developing,Africa_Lower middle income
"Congo, Rep.",2008,Africa,Central Africa,Lower middle income,Developing,Africa_Lower middle income
"Congo, Rep.",2007,Africa,Central Africa,Lower middle income,Developing,Africa_Lower middle income
"Congo, Rep.",2006,Africa,Central Africa,Lower middle income,Developing,Africa_Lower middle income
"Congo, Rep.",2005,Africa,Central Africa,Lower middle income,Developing,Africa_Lower middle income
"Congo, Rep.",2004,Africa,Central Africa,Lower middle income,Developing,Africa_Lower middle income
"Congo, Rep.",2003,Africa,Central Africa,Lower middle income,Developing,Africa_Lower middle income
"Congo, Rep.",2002,Africa,Central Africa,Lower middle income,Developing,Africa_Lower middle income
"Congo, Rep.",2001,Africa,Central Africa,Lower middle income,Developing,Africa_Lower middle income
"Congo, Rep.",2000,Africa,Central Africa,Lower middle income,Developing,Africa_Lower middle income
"Congo, Rep.",1999,Africa,Central Africa,Lower middle income,Developing,Africa_Lower middle income
"Congo, Rep.",1998,Africa,Central Africa,Lower middle income,Developing,Africa_Lower middle income
"Congo, Rep.",1997,Africa,Central Africa,Lower middle income,Developing,Africa_Lower middle income
"Congo, Rep.",1996,Africa,Central Africa,Lower middle income,Developing,Africa_Lower middle income
"Congo, Rep.",1995,Africa,Central Africa,Lower middle income,Developing,Africa_Lower middle income
"Congo, Rep.",1994,Africa,Central Africa,Lower middle income,Developing,Africa_Lower middle income
"Congo, Rep.",1993,Africa,Central Africa,Lower middle income,Developing,Africa_Lower middle income
"Congo, Rep.",1992,Africa,Central Africa,Lower middle income,Developing,Africa_Lower middle income
"Congo, Rep.",1991,Africa,Central Africa,Lower middle income,Developing,Africa_Lower middle income
"Congo, Rep.",1990,Africa,Central Africa,Lower middle income,Developing,Africa_Lower middle income
"Congo, Rep.",1989,Africa,Central Africa,Lower middle income,Developing,Africa_Lower middle income
"Congo, Rep.",1988,Africa,Central Africa,Lower middle income,Developing,Africa_Lower middle income
"Congo, Rep.",1987,Africa,Central Africa,Lower middle income,Developing,Africa_Lower middle income
"Congo, Rep.",1986,Africa,Central Africa,Lower middle income,Developing,Africa_Lower middle income
"Congo, Rep.",1985,Africa,Central Africa,Lower middle income,Developing,Africa_Lower middle income
"Congo, Rep.",1984,Africa,Central Africa,Lower middle income,Developing,Africa_Lower middle income
"Congo, Rep.",1983,Africa,Central Africa,Lower middle income,Developing,Africa_Lower middle income
"Congo, Rep.",1982,Africa,Central Africa,Lower middle income,Developing,Africa_Lower middle income
"Congo, Rep.",1981,Africa,Central Africa,Lower middle income,Developing,Africa_Lower middle income
"Congo, Rep.",1980,Africa,Central Africa,Lower middle income,Developing,Africa_Lower middle income
"Congo, Rep.",1979,Africa,Central Africa,Lower middle income,Developing,Africa_Lower middle income
"Congo, Rep.",1978,Africa,Central Africa,Lower middle income,Developing,Africa_Lower middle income
"Congo, Rep.",1977,Africa,Central Africa,Lower middle income,Developing,Africa_Lower middle income
"Congo, Rep.",1976,Africa,Central Africa,Lower middle income,Developing,Africa_Lower middle income
"Congo, Rep.",1975,Africa,Central Africa,Lower middle income,Developing,Africa_Lower middle income
"Congo, Rep.",1974,Africa,Central Africa,Lower middle income,Developing,Africa_Lower middle income
Costa Rica,2024,North America,Central America,Upper middle income,Developing,North America_Upper middle income
Costa Rica,2023,North America,Central America,Upper middle income,Developing,North America_Upper middle income
Costa Rica,2022,North America,Central America,Upper middle income,Developing,North America_Upper middle income
Costa Rica,2021,North America,Central America,Upper middle income,Developing,North America_Upper middle income
Costa Rica,2020,North America,Central America,Upper middle income,Developing,North America_Upper middle income
Costa Rica,2019,North America,Central America,Upper middle income,Developing,North America_Upper middle income
Costa Rica,2018,North America,Central America,Upper middle income,Developing,North America_Upper middle income
Costa Rica,2017,North America,Central America,Upper middle income,Developing,North America_Upper middle income
Costa Rica,2016,North America,Central America,Upper middle income,Developing,North America_Upper middle income
Costa Rica,2015,North America,Central America,Upper middle income,Developing,North America_Upper middle income
Costa Rica,2014,North America,Central America,Upper middle income,Developing,North America_Upper middle income
Costa Rica,2013,North America,Central America,Upper middle income,Developing,North America_Upper middle income
Costa Rica,2012,North America,Central America,Upper middle income,Developing,North America_Upper middle income
Costa Rica,2011,North America,Central America,Upper middle income,Developing,North America_Upper middle income
Costa Rica,2010,North America,Central America,Upper middle income,Developing,North America_Upper middle income
Costa Rica,2009,North America,Central America,Upper middle income,Developing,North America_Upper middle income
Costa Rica,2008,North America,Central America,Upper middle income,Developing,North America_Upper middle income
Costa Rica,2007,North America,Central America,Upper middle income,Developing,North America_Upper middle income
Costa Rica,2006,North America,Central America,Upper middle income,Developing,North America_Upper middle income
Costa Rica,2005,North America,Central America,Upper middle income,Developing,North America_Upper middle income
Costa Rica,2004,North America,Central America,Upper middle income,Developing,North America_Upper middle income
Costa Rica,2003,North America,Central America,Upper middle income,Developing,North America_Upper middle income
Costa Rica,2002,North America,Central America,Upper middle income,Developing,North America_Upper middle income
Costa Rica,2001,North America,Central America,Upper middle income,Developing,North America_Upper middle income
Costa Rica,2000,North America,Central America,Upper middle income,Developing,North America_Upper middle income
Costa Rica,1999,North America,Central America,Upper middle income,Developing,North America_Upper middle income
Costa Rica,1998,North America,Central America,Upper middle income,Developing,North America_Upper middle income
Costa Rica,1997,North America,Central America,Upper middle income,Developing,North America_Upper middle income
Costa Rica,1996,North America,Central America,Upper middle income,Developing,North America_Upper middle income
Costa Rica,1995,North America,Central America,Upper middle income,Developing,North America_Upper middle income
Costa Rica,1994,North America,Central America,Upper middle income,Developing,North America_Upper middle income
Costa Rica,1993,North America,Central America,Upper middle income,Developing,North America_Upper middle income
Costa Rica,1992,North America,Central America,Upper middle income,Developing,North America_Upper middle income
Costa Rica,1991,North America,Central America,Upper middle income,Developing,North America_Upper middle income
Costa Rica,1990,North America,Central America,Upper middle income,Developing,North America_Upper middle income
Costa Rica,1989,North America,Central America,Upper middle income,Developing,North America_Upper middle income
Costa Rica,1988,North America,Central America,Upper middle income,Developing,North America_Upper middle income
Costa Rica,1987,North America,Central America,Upper middle income,Developing,North America_Upper middle income
Costa Rica,1986,North America,Central America,Upper middle income,Developing,North America_Upper middle income
Costa Rica,1985,North America,Central America,Upper middle income,Developing,North America_Upper middle income
Costa Rica,1984,North America,Central America,Upper middle income,Developing,North America_Upper middle income
Costa Rica,1983,North America,Central America,Upper middle income,Developing,North America_Upper middle income
Costa Rica,1982,North America,Central America,Upper middle income,Developing,North America_Upper middle income
Costa Rica,1981,North America,Central America,Upper middle income,Developing,North America_Upper middle income
Costa Rica,1980,North America,Central America,Upper middle income,Developing,North America_Upper middle income
Costa Rica,1979,North America,Central America,Upper middle income,Developing,North America_Upper middle income
Costa Rica,1978,North America,Central America,Upper middle income,Developing,North America_Upper middle income
Costa Rica,1977,North America,Central America,Upper middle income,Developing,North America_Upper middle income
Costa Rica,1976,North America,Central America,Upper middle income,Developing,North America_Upper middle income
Costa Rica,1975,North America,Central America,Upper middle income,Developing,North America_Upper middle income
Costa Rica,1974,North America,Central America,Upper middle income,Developing,North America_Upper middle income
Cote d'Ivoire,2024,Africa,West Africa,Lower middle income,Developing,Africa_Lower middle income
Cote d'Ivoire,2023,Africa,West Africa,Lower middle income,Developing,Africa_Lower middle income
Cote d'Ivoire,2022,Africa,West Africa,Lower middle income,Developing,Africa_Lower middle income
Cote d'Ivoire,2021,Africa,West Africa,Lower middle income,Developing,Africa_Lower middle income
Cote d'Ivoire,2020,Africa,West Africa,Lower middle income,Developing,Africa_Lower middle income
Cote d'Ivoire,2019,Africa,West Africa,Lower middle income,Developing,Africa_Lower middle income
Cote d'Ivoire,2018,Africa,West Africa,Lower middle income,Developing,Africa_Lower middle income
Cote d'Ivoire,2017,Africa,West Africa,Lower middle income,Developing,Africa_Lower middle income
Cote d'Ivoire,2016,Africa,West Africa,Lower middle income,Developing,Africa_Lower middle income
Cote d'Ivoire,2015,Africa,West Africa,Lower middle income,Developing,Africa_Lower middle income
Cote d'Ivoire,2014,Africa,West Africa,Lower middle income,Developing,Africa_Lower middle income
Cote d'Ivoire,2013,Africa,West Africa,Lower middle income,Developing,Africa_Lower middle income
Cote d'Ivoire,2012,Africa,West Africa,Lower middle income,Developing,Africa_Lower middle income
Cote d'Ivoire,2011,Africa,West Africa,Lower middle income,Developing,Africa_Lower middle income
Cote d'Ivoire,2010,Africa,West Africa,Lower middle income,Developing,Africa_Lower middle income
Cote d'Ivoire,2009,Africa,West Africa,Lower middle income,Developing,Africa_Lower middle income
Cote d'Ivoire,2008,Africa,West Africa,Lower middle income,Developing,Africa_Lower middle income
Cote d'Ivoire,2007,Africa,West Africa,Lower middle income,Developing,Africa_Lower middle income
Cote d'Ivoire,2006,Africa,West Africa,Lower middle income,Developing,Africa_Lower middle income
Cote d'Ivoire,2005,Africa,West Africa,Lower middle income,Developing,Africa_Lower middle income
Cote d'Ivoire,2004,Africa,West Africa,Lower middle income,Developing,Africa_Lower middle income
Cote d'Ivoire,2003,Africa,West Africa,Lower middle income,Developing,Africa_Lower middle income
Cote d'Ivoire,2002,Africa,West Africa,Lower middle income,Developing,Africa_Lower middle income
Cote d'Ivoire,2001,Africa,West Africa,Lower middle income,Developing,Africa_Lower middle income
Cote d'Ivoire,2000,Africa,West Africa,Lower middle income,Developing,Africa_Lower middle income
Cote d'Ivoire,1999,Africa,West Africa,Lower middle income,Developing,Africa_Lower middle income
Cote d'Ivoire,1998,Africa,West Africa,Lower middle income,Developing,Africa_Lower middle income
Cote d'Ivoire,1997,Africa,West Africa,Lower middle income,Developing,Africa_Lower middle income
Cote d'Ivoire,1996,Africa,West Africa,Lower middle income,Developing,Africa_Lower middle income
Cote d'Ivoire,1995,Africa,West Africa,Lower middle income,Developing,Africa_Lower middle income
Cote d'Ivoire,1994,Africa,West Africa,Lower middle income,Developing,Africa_Lower middle income
Cote d'Ivoire,1993,Africa,West Africa,Lower middle income,Developing,Africa_Lower middle income
Cote d'Ivoire,1992,Africa,West Africa,Lower middle income,Developing,Africa_Lower middle income
Cote d'Ivoire,1991,Africa,West Africa,Lower middle income,Developing,Africa_Lower middle income
Cote d'Ivoire,1990,Africa,West Africa,Lower middle income,Developing,Africa_Lower middle income
Cote d'Ivoire,1989,Africa,West Africa,Lower middle income,Developing,Africa_Lower middle income
Cote d'Ivoire,1988,Africa,West Africa,Lower middle income,Developing,Africa_Lower middle income
Cote d'Ivoire,1987,Africa,West Africa,Lower middle income,Developing,Africa_Lower middle income
Cote d'Ivoire,1986,Africa,West Africa,Lower middle income,Developing,Africa_Lower middle income
Cote d'Ivoire,1985,Africa,West Africa,Lower middle income,Developing,Africa_Lower middle income
Cote d'Ivoire,1984,Africa,West Africa,Lower middle income,Developing,Africa_Lower middle income
Cote d'Ivoire,1983,Africa,West Africa,Lower middle income,Developing,Africa_Lower middle income
Cote d'Ivoire,1982,Africa,West Africa,Lower middle income,Developing,Africa_Lower middle income
Cote d'Ivoire,1981,Africa,West Africa,Lower middle income,Developing,Africa_Lower middle income
Cote d'Ivoire,1980,Africa,West Africa,Lower middle income,Developing,Africa_Lower middle income
Cote d'Ivoire,1979,Africa,West Africa,Lower middle income,Developing,Africa_Lower middle income
Cote d'Ivoire,1978,Africa,West Africa,Lower middle income,Developing,Africa_Lower middle income
Cote d'Ivoire,1977,Africa,West Africa,Lower middle income,Developing,Africa_Lower middle income
Cote d'Ivoire,1976,Africa,West Africa,Lower middle income,Developing,Africa_Lower middle income
Cote d'Ivoire,1975,Africa,West Africa,Lower middle income,Developing,Africa_Lower middle income
Cote d'Ivoire,1974,Africa,West Africa,Lower middle income,Developing,Africa_Lower middle income
Croatia,2024,Europe,Southern Europe,High income,Developed,Europe_High income
Croatia,2023,Europe,Southern Europe,High income,Developed,Europe_High income
Croatia,2022,Europe,Southern Europe,High income,Developed,Europe_High income
Croatia,2021,Europe,Southern Europe,High income,Developed,Europe_High income
Croatia,2020,Europe,Southern Europe,High income,Developed,Europe_High income
Croatia,2019,Europe,Southern Europe,High income,Developed,Europe_High income
Croatia,2018,Europe,Southern Europe,High income,Developed,Europe_High income
Croatia,2017,Europe,Southern Europe,High income,Developed,Europe_High income
Croatia,2016,Europe,Southern Europe,High income,Developed,Europe_High income
Croatia,2015,Europe,Southern Europe,High income,Developed,Europe_High income
Croatia,2014,Europe,Southern Europe,High income,Developed,Europe_High income
Croatia,2013,Europe,Southern Europe,High income,Developed,Europe_High income
Croatia,2012,Europe,Southern Europe,High income,Developed,Europe_High income
Croatia,2011,Europe,Southern Europe,High income,Developed,Europe_High income
Croatia,2010,Europe,Southern Europe,High income,Developed,Europe_High income
Croatia,2009,Europe,Southern Europe,High income,Developed,Europe_High income
Croatia,2008,Europe,Southern Europe,High income,Developed,Europe_High income
Croatia,2007,Europe,Southern Europe,High income,Developed,Europe_High income
Croatia,2006,Europe,Southern Europe,High income,Developed,Europe_High income
Croatia,2005,Europe,Southern Europe,High income,Developed,Europe_High income
Croatia,2004,Europe,Southern Europe,High income,Developed,Europe_High income
Croatia,2003,Europe,Southern Europe,High income,Developed,Europe_High income
Croatia,2002,Europe,Southern Europe,High income,Developed,Europe_High income
Croatia,2001,Europe,Southern Europe,High income,Developed,Europe_High income
Croatia,2000,Europe,Southern Europe,High income,Developed,Europe_High income
Croatia,1999,Europe,Southern Europe,High income,Developed,Europe_High income
Croatia,1998,Europe,Southern Europe,High income,Developed,Europe_High income
Croatia,1997,Europe,Southern Europe,High income,Developed,Europe_High income
Croatia,1996,Europe,Southern Europe,High income,Developed,Europe_High income
Croatia,1995,Europe,Southern Europe,High income,Developed,Europe_High income
Croatia,1994,Europe,Southern Europe,High income,Developed,Europe_High income
Croatia,1993,Europe,Southern Europe,High income,Developed,Europe_High income
Croatia,1992,Europe,Southern Europe,High income,Developed,Europe_High income
Croatia,1991,Europe,Southern Europe,High income,Developed,Europe_High income
Croatia,1990,Europe,Southern Europe,High income,Developed,Europe_High income
Croatia,1989,Europe,Southern Europe,High income,Developed,Europe_High income
Croatia,1988,Europe,Southern Europe,High income,Developed,Europe_High income
Croatia,1987,Europe,Southern Europe,High income,Developed,Europe_High income
Croatia,1986,Europe,Southern Europe,High income,Developed,Europe_High income
Croatia,1985,Europe,Southern Europe,High income,Developed,Europe_High income
Croatia,1984,Europe,Southern Europe,High income,Developed,Europe_High income
Croatia,1983,Europe,Southern Europe,High income,Developed,Europe_High income
Croatia,1982,Europe,Southern Europe,High income,Developed,Europe_High income
Croatia,1981,Europe,Southern Europe,High income,Developed,Europe_High income
Croatia,1980,Europe,Southern Europe,High income,Developed,Europe_High income
Croatia,1979,Europe,Southern Europe,High income,Developed,Europe_High income
Croatia,1978,Europe,Southern Europe,High income,Developed,Europe_High income
Croatia,1977,Europe,Southern Europe,High income,Developed,Europe_High income
Croatia,1976,Europe,Southern Europe,High income,Developed,Europe_High income
Croatia,1975,Europe,Southern Europe,High income,Developed,Europe_High income
Croatia,1974,Europe,Southern Europe,High income,Developed,Europe_High income
Cuba,2024,North America,Caribbean,Upper middle income,Developing,North America_Upper middle income
Cuba,2023,North America,Caribbean,Upper middle income,Developing,North America_Upper middle income
Cuba,2022,North America,Caribbean,Upper middle income,Developing,North America_Upper middle income
Cuba,2021,North America,Caribbean,Upper middle income,Developing,North America_Upper middle income
Cuba,2020,North America,Caribbean,Upper middle income,Developing,North America_Upper middle income
Cuba,2019,North America,Caribbean,Upper middle income,Developing,North America_Upper middle income
Cuba,2018,North America,Caribbean,Upper middle income,Developing,North America_Upper middle income
Cuba,2017,North America,Caribbean,Upper middle income,Developing,North America_Upper middle income
Cuba,2016,North America,Caribbean,Upper middle income,Developing,North America_Upper middle income
Cuba,2015,North America,Caribbean,Upper middle income,Developing,North America_Upper middle income
Cuba,2014,North America,Caribbean,Upper middle income,Developing,North America_Upper middle income
Cuba,2013,North America,Caribbean,Upper middle income,Developing,North America_Upper middle income
Cuba,2012,North America,Caribbean,Upper middle income,Developing,North America_Upper middle income
Cuba,2011,North America,Caribbean,Upper middle income,Developing,North America_Upper middle income
Cuba,2010,North America,Caribbean,Upper middle income,Developing,North America_Upper middle income
Cuba,2009,North America,Caribbean,Upper middle income,Developing,North America_Upper middle income
Cuba,2008,North America,Caribbean,Upper middle income,Developing,North America_Upper middle income
Cuba,2007,North America,Caribbean,Upper middle income,Developing,North America_Upper middle income
Cuba,2006,North America,Caribbean,Upper middle income,Developing,North America_Upper middle income
Cuba,2005,North America,Caribbean,Upper middle income,Developing,North America_Upper middle income
Cuba,2004,North America,Caribbean,Upper middle income,Developing,North America_Upper middle income
Cuba,2003,North America,Caribbean,Upper middle income,Developing,North America_Upper middle income
Cuba,2002,North America,Caribbean,Upper middle income,Developing,North America_Upper middle income
Cuba,2001,North America,Caribbean,Upper middle income,Developing,North America_Upper middle income
Cuba,2000,North America,Caribbean,Upper middle income,Developing,North America_Upper middle income
Cuba,1999,North America,Caribbean,Upper middle income,Developing,North America_Upper middle income
Cuba,1998,North America,Caribbean,Upper middle income,Developing,North America_Upper middle income
Cuba,1997,North America,Caribbean,Upper middle income,Developing,North America_Upper middle income
Cuba,1996,North America,Caribbean,Upper middle income,Developing,North America_Upper middle income
Cuba,1995,North America,Caribbean,Upper middle income,Developing,North America_Upper middle income
Cuba,1994,North America,Caribbean,Upper middle income,Developing,North America_Upper middle income
Cuba,1993,North America,Caribbean,Upper middle income,Developing,North America_Upper middle income
Cuba,1992,North America,Caribbean,Upper middle income,Developing,North America_Upper middle income
Cuba,1991,North America,Caribbean,Upper middle income,Developing,North America_Upper middle income
Cuba,1990,North America,Caribbean,Upper middle income,Developing,North America_Upper middle income
Cuba,1989,North America,Caribbean,Upper middle income,Developing,North America_Upper middle income
Cuba,1988,North America,Caribbean,Upper middle income,Developing,North America_Upper middle income
Cuba,1987,North America,Caribbean,Upper middle income,Developing,North America_Upper middle income
Cuba,1986,North America,Caribbean,Upper middle income,Developing,North America_Upper middle income
Cuba,1985,North America,Caribbean,Upper middle income,Developing,North America_Upper middle income
Cuba,1984,North America,Caribbean,Upper middle income,Developing,North America_Upper middle income
Cuba,1983,North America,Caribbean,Upper middle income,Developing,North America_Upper middle income
Cuba,1982,North America,Caribbean,Upper middle income,Developing,North America_Upper middle income
Cuba,1981,North America,Caribbean,Upper middle income,Developing,North America_Upper middle income
Cuba,1980,North America,Caribbean,Upper middle income,Developing,North America_Upper middle income
Cuba,1979,North America,Caribbean,Upper middle income,Developing,North America_Upper middle income
Cuba,1978,North America,Caribbean,Upper middle income,Developing,North America_Upper middle income
Cuba,1977,North America,Caribbean,Upper middle income,Developing,North America_Upper middle income
Cuba,1976,North America,Caribbean,Upper middle income,Developing,North America_Upper middle income
Cuba,1975,North America,Caribbean,Upper middle income,Developing,North America_Upper middle income
Cuba,1974,North America,Caribbean,Upper middle income,Developing,North America_Upper middle income
Curacao,2024,North America,Caribbean,High income,Developing,North America_High income
Curacao,2023,North America,Caribbean,High income,Developing,North America_High income
Curacao,2022,North America,Caribbean,High income,Developing,North America_High income
Curacao,2021,North America,Caribbean,High income,Developing,North America_High income
Curacao,2020,North America,Caribbean,High income,Developing,North America_High income
Curacao,2019,North America,Caribbean,High income,Developing,North America_High income
Curacao,2018,North America,Caribbean,High income,Developing,North America_High income
Curacao,2017,North America,Caribbean,High income,Developing,North America_High income
Curacao,2016,North America,Caribbean,High income,Developing,North America_High income
Curacao,2015,North America,Caribbean,High income,Developing,North America_High income
Curacao,2014,North America,Caribbean,High income,Developing,North America_High income
Curacao,2013,North America,Caribbean,High income,Developing,North America_High income
Curacao,2012,North America,Caribbean,High income,Developing,North America_High income
Curacao,2011,North America,Caribbean,High income,Developing,North America_High income
Curacao,2010,North America,Caribbean,High income,Developing,North America_High income
Curacao,2009,North America,Caribbean,High income,Developing,North America_High income
Curacao,2008,North America,Caribbean,High income,Developing,North America_High income
Curacao,2007,North America,Caribbean,High income,Developing,North America_High income
Curacao,2006,North America,Caribbean,High income,Developing,North America_High income
Curacao,2005,North America,Caribbean,High income,Developing,North America_High income
Curacao,2004,North America,Caribbean,High income,Developing,North America_High income
Curacao,2003,North America,Caribbean,High income,Developing,North America_High income
Curacao,2002,North America,Caribbean,High income,Developing,North America_High income
Curacao,2001,North America,Caribbean,High income,Developing,North America_High income
Curacao,2000,North America,Caribbean,High income,Developing,North America_High income
Curacao,1999,North America,Caribbean,High income,Developing,North America_High income
Curacao,1998,North America,Caribbean,High income,Developing,North America_High income
Curacao,1997,North America,Caribbean,High income,Developing,North America_High income
Curacao,1996,North America,Caribbean,High income,Developing,North America_High income
Curacao,1995,North America,Caribbean,High income,Developing,North America_High income
Curacao,1994,North America,Caribbean,High income,Developing,North America_High income
Curacao,1993,North America,Caribbean,High income,Developing,North America_High income
Curacao,1992,North America,Caribbean,High income,Developing,North America_High income
Curacao,1991,North America,Caribbean,High income,Developing,North America_High income
Curacao,1990,North America,Caribbean,High income,Developing,North America_High income
Curacao,1989,North America,Caribbean,High income,Developing,North America_High income
Curacao,1988,North America,Caribbean,High income,Developing,North America_High income
Curacao,1987,North America,Caribbean,High income,Developing,North America_High income
Curacao,1986,North America,Caribbean,High income,Developing,North America_High income
Curacao,1985,North America,Caribbean,High income,Developing,North America_High income
Curacao,1984,North America,Caribbean,High income,Developing,North America_High income
Curacao,1983,North America,Caribbean,High income,Developing,North America_High income
Curacao,1982,North America,Caribbean,High income,Developing,North America_High income
Curacao,1981,North America,Caribbean,High income,Developing,North America_High income
Curacao,1980,North America,Caribbean,High income,Developing,North America_High income
Curacao,1979,North America,Caribbean,High income,Developing,North America_High income
Curacao,1978,North America,Caribbean,High income,Developing,North America_High income
Curacao,1977,North America,Caribbean,High income,Developing,North America_High income
Curacao,1976,North America,Caribbean,High income,Developing,North America_High income
Curacao,1975,North America,Caribbean,High income,Developing,North America_High income
Curacao,1974,North America,Caribbean,High income,Developing,North America_High income
Cyprus,2024,Europe,Southern Europe,High income,Developed,Europe_High income
Cyprus,2023,Europe,Southern Europe,High income,Developed,Europe_High income
Cyprus,2022,Europe,Southern Europe,High income,Developed,Europe_High income
Cyprus,2021,Europe,Southern Europe,High income,Developed,Europe_High income
Cyprus,2020,Europe,Southern Europe,High income,Developed,Europe_High income
Cyprus,2019,Europe,Southern Europe,High income,Developed,Europe_High income
Cyprus,2018,Europe,Southern Europe,High income,Developed,Europe_High income
Cyprus,2017,Europe,Southern Europe,High income,Developed,Europe_High income
Cyprus,2016,Europe,Southern Europe,High income,Developed,Europe_High income
Cyprus,2015,Europe,Southern Europe,High income,Developed,Europe_High income
Cyprus,2014,Europe,Southern Europe,High income,Developed,Europe_High income
Cyprus,2013,Europe,Southern Europe,High income,Developed,Europe_High income
Cyprus,2012,Europe,Southern Europe,High income,Developed,Europe_High income
Cyprus,2011,Europe,Southern Europe,High income,Developed,Europe_High income
Cyprus,2010,Europe,Southern Europe,High income,Developed,Europe_High income
Cyprus,2009,Europe,Southern Europe,High income,Developed,Europe_High income
Cyprus,2008,Europe,Southern Europe,High income,Developed,Europe_High income
Cyprus,2007,Europe,Southern Europe,High income,Developed,Europe_High income
Cyprus,2006,Europe,Southern Europe,High income,Developed,Europe_High income
Cyprus,2005,Europe,Southern Europe,High income,Developed,Europe_High income
Cyprus,2004,Europe,Southern Europe,High income,Developed,Europe_High income
Cyprus,2003,Europe,Southern Europe,High income,Developed,Europe_High income
Cyprus,2002,Europe,Southern Europe,High income,Developed,Europe_High income
Cyprus,2001,Europe,Southern Europe,High income,Developed,Europe_High income
Cyprus,2000,Europe,Southern Europe,High income,Developed,Europe_High income
Cyprus,1999,Europe,Southern Europe,High income,Developed,Europe_High income
Cyprus,1998,Europe,Southern Europe,High income,Developed,Europe_High income
Cyprus,1997,Europe,Southern Europe,High income,Developed,Europe_High income
Cyprus,1996,Europe,Southern Europe,High income,Developed,Europe_High income
Cyprus,1995,Europe,Southern Europe,High income,Developed,Europe_High income
Cyprus,1994,Europe,Southern Europe,High income,Developed,Europe_High income
Cyprus,1993,Europe,Southern Europe,High income,Developed,Europe_High income
Cyprus,1992,Europe,Southern Europe,High income,Developed,Europe_High income
Cyprus,1991,Europe,Southern Europe,High income,Developed,Europe_High income
Cyprus,1990,Europe,Southern Europe,High income,Developed,Europe_High income
Cyprus,1989,Europe,Southern Europe,High income,Developed,Europe_High income
Cyprus,1988,Europe,Southern Europe,High income,Developed,Europe_High income
Cyprus,1987,Europe,Southern Europe,High income,Developed,Europe_High income
Cyprus,1986,Europe,Southern Europe,High income,Developed,Europe_High income
Cyprus,1985,Europe,Southern Europe,High income,Developed,Europe_High income
Cyprus,1984,Europe,Southern Europe,High income,Developed,Europe_High income
Cyprus,1983,Europe,Southern Europe,High income,Developed,Europe_High income
Cyprus,1982,Europe,Southern Europe,High income,Developed,Europe_High income
Cyprus,1981,Europe,Southern Europe,High income,Developed,Europe_High income
Cyprus,1980,Europe,Southern Europe,High income,Developed,Europe_High income
Cyprus,1979,Europe,Southern Europe,High income,Developed,Europe_High income
Cyprus,1978,Europe,Southern Europe,High income,Developed,Europe_High income
Cyprus,1977,Europe,Southern Europe,High income,Developed,Europe_High income
Cyprus,1976,Europe,Southern Europe,High income,Developed,Europe_High income
Cyprus,1975,Europe,Southern Europe,High income,Developed,Europe_High income
Cyprus,1974,Europe,Southern Europe,High income,Developed,Europe_High income
Czechia,2024,Europe,Eastern Europe,High income,Developed,Europe_High income
Czechia,2023,Europe,Eastern Europe,High income,Developed,Europe_High income
Czechia,2022,Europe,Eastern Europe,High income,Developed,Europe_High income
Czechia,2021,Europe,Eastern Europe,High income,Developed,Europe_High income
Czechia,2020,Europe,Eastern Europe,High income,Developed,Europe_High income
Czechia,2019,Europe,Eastern Europe,High income,Developed,Europe_High income
Czechia,2018,Europe,Eastern Europe,High income,Developed,Europe_High income
Czechia,2017,Europe,Eastern Europe,High income,Developed,Europe_High income
Czechia,2016,Europe,Eastern Europe,High income,Developed,Europe_High income
Czechia,2015,Europe,Eastern Europe,High income,Developed,Europe_High income
Czechia,2014,Europe,Eastern Europe,High income,Developed,Europe_High income
Czechia,2013,Europe,Eastern Europe,High income,Developed,Europe_High income
Czechia,2012,Europe,Eastern Europe,High income,Developed,Europe_High income
Czechia,2011,Europe,Eastern Europe,High income,Developed,Europe_High income
Czechia,2010,Europe,Eastern Europe,High income,Developed,Europe_High income
Czechia,2009,Europe,Eastern Europe,High income,Developed,Europe_High income
Czechia,2008,Europe,Eastern Europe,High income,Developed,Europe_High income
Czechia,2007,Europe,Eastern Europe,High income,Developed,Europe_High income
Czechia,2006,Europe,Eastern Europe,High income,Developed,Europe_High income
Czechia,2005,Europe,Eastern Europe,High income,Developed,Europe_High income
Czechia,2004,Europe,Eastern Europe,High income,Developed,Europe_High income
Czechia,2003,Europe,Eastern Europe,High income,Developed,Europe_High income
Czechia,2002,Europe,Eastern Europe,High income,Developed,Europe_High income
Czechia,2001,Europe,Eastern Europe,High income,Developed,Europe_High income
Czechia,2000,Europe,Eastern Europe,High income,Developed,Europe_High income
Czechia,1999,Europe,Eastern Europe,High income,Developed,Europe_High income
Czechia,1998,Europe,Eastern Europe,High income,Developed,Europe_High income
Czechia,1997,Europe,Eastern Europe,High income,Developed,Europe_High income
Czechia,1996,Europe,Eastern Europe,High income,Developed,Europe_High income
Czechia,1995,Europe,Eastern Europe,High income,Developed,Europe_High income
Czechia,1994,Europe,Eastern Europe,High income,Developed,Europe_High income
Czechia,1993,Europe,Eastern Europe,High income,Developed,Europe_High income
Czechia,1992,Europe,Eastern Europe,High income,Developed,Europe_High income
Czechia,1991,Europe,Eastern Europe,High income,Developed,Europe_High income
Czechia,1990,Europe,Eastern Europe,High income,Developed,Europe_High income
Czechia,1989,Europe,Eastern Europe,High income,Developed,Europe_High income
Czechia,1988,Europe,Eastern Europe,High income,Developed,Europe_High income
Czechia,1987,Europe,Eastern Europe,High income,Developed,Europe_High income
Czechia,1986,Europe,Eastern Europe,High income,Developed,Europe_High income
Czechia,1985,Europe,Eastern Europe,High income,Developed,Europe_High income
Czechia,1984,Europe,Eastern Europe,High income,Developed,Europe_High income
Czechia,1983,Europe,Eastern Europe,High income,Developed,Europe_High income
Czechia,1982,Europe,Eastern Europe,High income,Developed,Europe_High income
Czechia,1981,Europe,Eastern Europe,High income,Developed,Europe_High income
Czechia,1980,Europe,Eastern Europe,High income,Developed,Europe_High income
Czechia,1979,Europe,Eastern Europe,High income,Developed,Europe_High income
Czechia,1978,Europe,Eastern Europe,High income,Developed,Europe_High income
Czechia,1977,Europe,Eastern Europe,High income,Developed,Europe_High income
Czechia,1976,Europe,Eastern Europe,High income,Developed,Europe_High income
Czechia,1975,Europe,Eastern Europe,High income,Developed,Europe_High income
Czechia,1974,Europe,Eastern Europe,High income,Developed,Europe_High income
Denmark,2024,Europe,Northern Europe,High income,Developed,Europe_High income
Denmark,2023,Europe,Northern Europe,High income,Developed,Europe_High income
Denmark,2022,Europe,Northern Europe,High income,Developed,Europe_High income
Denmark,2021,Europe,Northern Europe,High income,Developed,Europe_High income
Denmark,2020,Europe,Northern Europe,High income,Developed,Europe_High income
Denmark,2019,Europe,Northern Europe,High income,Developed,Europe_High income
Denmark,2018,Europe,Northern Europe,High income,Developed,Europe_High income
Denmark,2017,Europe,Northern Europe,High income,Developed,Europe_High income
Denmark,2016,Europe,Northern Europe,High income,Developed,Europe_High income
Denmark,2015,Europe,Northern Europe,High income,Developed,Europe_High income
Denmark,2014,Europe,Northern Europe,High income,Developed,Europe_High income
Denmark,2013,Europe,Northern Europe,High income,Developed,Europe_High income
Denmark,2012,Europe,Northern Europe,High income,Developed,Europe_High income
Denmark,2011,Europe,Northern Europe,High income,Developed,Europe_High income
Denmark,2010,Europe,Northern Europe,High income,Developed,Europe_High income
Denmark,2009,Europe,Northern Europe,High income,Developed,Europe_High income
Denmark,2008,Europe,Northern Europe,High income,Developed,Europe_High income
Denmark,2007,Europe,Northern Europe,High income,Developed,Europe_High income
Denmark,2006,Europe,Northern Europe,High income,Developed,Europe_High income
Denmark,2005,Europe,Northern Europe,High income,Developed,Europe_High income
Denmark,2004,Europe,Northern Europe,High income,Developed,Europe_High income
Denmark,2003,Europe,Northern Europe,High income,Developed,Europe_High income
Denmark,2002,Europe,Northern Europe,High income,Developed,Europe_High income
Denmark,2001,Europe,Northern Europe,High income,Developed,Europe_High income
Denmark,2000,Europe,Northern Europe,High income,Developed,Europe_High income
Denmark,1999,Europe,Northern Europe,High income,Developed,Europe_High income
Denmark,1998,Europe,Northern Europe,High income,Developed,Europe_High income
Denmark,1997,Europe,Northern Europe,High income,Developed,Europe_High income
Denmark,1996,Europe,Northern Europe,High income,Developed,Europe_High income
Denmark,1995,Europe,Northern Europe,High income,Developed,Europe_High income
Denmark,1994,Europe,Northern Europe,High income,Developed,Europe_High income
Denmark,1993,Europe,Northern Europe,High income,Developed,Europe_High income
Denmark,1992,Europe,Northern Europe,High income,Developed,Europe_High income
Denmark,1991,Europe,Northern Europe,High income,Developed,Europe_High income
Denmark,1990,Europe,Northern Europe,High income,Developed,Europe_High income
Denmark,1989,Europe,Northern Europe,High income,Developed,Europe_High income
Denmark,1988,Europe,Northern Europe,High income,Developed,Europe_High income
Denmark,1987,Europe,Northern Europe,High income,Developed,Europe_High income
Denmark,1986,Europe,Northern Europe,High income,Developed,Europe_High income
Denmark,1985,Europe,Northern Europe,High income,Developed,Europe_High income
Denmark,1984,Europe,Northern Europe,High income,Developed,Europe_High income
Denmark,1983,Europe,Northern Europe,High income,Developed,Europe_High income
Denmark,1982,Europe,Northern Europe,High income,Developed,Europe_High income
Denmark,1981,Europe,Northern Europe,High income,Developed,Europe_High income
Denmark,1980,Europe,Northern Europe,High income,Developed,Europe_High income
Denmark,1979,Europe,Northern Europe,High income,Developed,Europe_High income
Denmark,1978,Europe,Northern Europe,High income,Developed,Europe_High income
Denmark,1977,Europe,Northern Europe,High income,Developed,Europe_High income
Denmark,1976,Europe,Northern Europe,High income,Developed,Europe_High income
Denmark,1975,Europe,Northern Europe,High income,Developed,Europe_High income
Denmark,1974,Europe,Northern Europe,High income,Developed,Europe_High income
Djibouti,2024,Africa,East Africa,Lower middle income,Developing,Africa_Lower middle income
Djibouti,2023,Africa,East Africa,Lower middle income,Developing,Africa_Lower middle income
Djibouti,2022,Africa,East Africa,Lower middle income,Developing,Africa_Lower middle income
Djibouti,2021,Africa,East Africa,Lower middle income,Developing,Africa_Lower middle income
Djibouti,2020,Africa,East Africa,Lower middle income,Developing,Africa_Lower middle income
Djibouti,2019,Africa,East Africa,Lower middle income,Developing,Africa_Lower middle income
Djibouti,2018,Africa,East Africa,Lower middle income,Developing,Africa_Lower middle income
Djibouti,2017,Africa,East Africa,Lower middle income,Developing,Africa_Lower middle income
Djibouti,2016,Africa,East Africa,Lower middle income,Developing,Africa_Lower middle income
Djibouti,2015,Africa,East Africa,Lower middle income,Developing,Africa_Lower middle income
Djibouti,2014,Africa,East Africa,Lower middle income,Developing,Africa_Lower middle income
Djibouti,2013,Africa,East Africa,Lower middle income,Developing,Africa_Lower middle income
Djibouti,2012,Africa,East Africa,Lower middle income,Developing,Africa_Lower middle income
Djibouti,2011,Africa,East Africa,Lower middle income,Developing,Africa_Lower middle income
Djibouti,2010,Africa,East Africa,Lower middle income,Developing,Africa_Lower middle income
Djibouti,2009,Africa,East Africa,Lower middle income,Developing,Africa_Lower middle income
Djibouti,2008,Africa,East Africa,Lower middle income,Developing,Africa_Lower middle income
Djibouti,2007,Africa,East Africa,Lower middle income,Developing,Africa_Lower middle income
Djibouti,2006,Africa,East Africa,Lower middle income,Developing,Africa_Lower middle income
Djibouti,2005,Africa,East Africa,Lower middle income,Developing,Africa_Lower middle income
Djibouti,2004,Africa,East Africa,Lower middle income,Developing,Africa_Lower middle income
Djibouti,2003,Africa,East Africa,Lower middle income,Developing,Africa_Lower middle income
Djibouti,2002,Africa,East Africa,Lower middle income,Developing,Africa_Lower middle income
Djibouti,2001,Africa,East Africa,Lower middle income,Developing,Africa_Lower middle income
Djibouti,2000,Africa,East Africa,Lower middle income,Developing,Africa_Lower middle income
Djibouti,1999,Africa,East Africa,Lower middle income,Developing,Africa_Lower middle income
Djibouti,1998,Africa,East Africa,Lower middle income,Developing,Africa_Lower middle income
Djibouti,1997,Africa,East Africa,Lower middle income,Developing,Africa_Lower middle income
Djibouti,1996,Africa,East Africa,Lower middle income,Developing,Africa_Lower middle income
Djibouti,1995,Africa,East Africa,Lower middle income,Developing,Africa_Lower middle income
Djibouti,1994,Africa,East Africa,Lower middle income,Developing,Africa_Lower middle income
Djibouti,1993,Africa,East Africa,Lower middle income,Developing,Africa_Lower middle income
Djibouti,1992,Africa,East Africa,Lower middle income,Developing,Africa_Lower middle income
Djibouti,1991,Africa,East Africa,Lower middle income,Developing,Africa_Lower middle income
Djibouti,1990,Africa,East Africa,Lower middle income,Developing,Africa_Lower middle income
Djibouti,1989,Africa,East Africa,Lower middle income,Developing,Africa_Lower middle income
Djibouti,1988,Africa,East Africa,Lower middle income,Developing,Africa_Lower middle income
Djibouti,1987,Africa,East Africa,Lower middle income,Developing,Africa_Lower middle income
Djibouti,1986,Africa,East Africa,Lower middle income,Developing,Africa_Lower middle income
Djibouti,1985,Africa,East Africa,Lower middle income,Developing,Africa_Lower middle income
Djibouti,1984,Africa,East Africa,Lower middle income,Developing,Africa_Lower middle income
Djibouti,1983,Africa,East Africa,Lower middle income,Developing,Africa_Lower middle income
Djibouti,1982,Africa,East Africa,Lower middle income,Developing,Africa_Lower middle income
Djibouti,1981,Africa,East Africa,Lower middle income,Developing,Africa_Lower middle income
Djibouti,1980,Africa,East Africa,Lower middle income,Developing,Africa_Lower middle income
Djibouti,1979,Africa,East Africa,Lower middle income,Developing,Africa_Lower middle income
Djibouti,1978,Africa,East Africa,Lower middle income,Developing,Africa_Lower middle income
Djibouti,1977,Africa,East Africa,Lower middle income,Developing,Africa_Lower middle income
Djibouti,1976,Africa,East Africa,Lower middle income,Developing,Africa_Lower middle income
Djibouti,1975,Africa,East Africa,Lower middle income,Developing,Africa_Lower middle income
Djibouti,1974,Africa,East Africa,Lower middle income,Developing,Africa_Lower middle income
Dominica,2024,North America,Caribbean,Upper middle income,Developing,North America_Upper middle income
Dominica,2023,North America,Caribbean,Upper middle income,Developing,North America_Upper middle income
Dominica,2022,North America,Caribbean,Upper middle income,Developing,North America_Upper middle income
Dominica,2021,North America,Caribbean,Upper middle income,Developing,North America_Upper middle income
Dominica,2020,North America,Caribbean,Upper middle income,Developing,North America_Upper middle income
Dominica,2019,North America,Caribbean,Upper middle income,Developing,North America_Upper middle income
Dominica,2018,North America,Caribbean,Upper middle income,Developing,North America_Upper middle income
Dominica,2017,North America,Caribbean,Upper middle income,Developing,North America_Upper middle income
Dominica,2016,North America,Caribbean,Upper middle income,Developing,North America_Upper middle income
Dominica,2015,North America,Caribbean,Upper middle income,Developing,North America_Upper middle income
Dominica,2014,North America,Caribbean,Upper middle income,Developing,North America_Upper middle income
Dominica,2013,North America,Caribbean,Upper middle income,Developing,North America_Upper middle income
Dominica,2012,North America,Caribbean,Upper middle income,Developing,North America_Upper middle income
Dominica,2011,North America,Caribbean,Upper middle income,Developing,North America_Upper middle income
Dominica,2010,North America,Caribbean,Upper middle income,Developing,North America_Upper middle income
Dominica,2009,North America,Caribbean,Upper middle income,Developing,North America_Upper middle income
Dominica,2008,North America,Caribbean,Upper middle income,Developing,North America_Upper middle income
Dominica,2007,North America,Caribbean,Upper middle income,Developing,North America_Upper middle income
Dominica,2006,North America,Caribbean,Upper middle income,Developing,North America_Upper middle income
Dominica,2005,North America,Caribbean,Upper middle income,Developing,North America_Upper middle income
Dominica,2004,North America,Caribbean,Upper middle income,Developing,North America_Upper middle income
Dominica,2003,North America,Caribbean,Upper middle income,Developing,North America_Upper middle income
Dominica,2002,North America,Caribbean,Upper middle income,Developing,North America_Upper middle income
Dominica,2001,North America,Caribbean,Upper middle income,Developing,North America_Upper middle income
Dominica,2000,North America,Caribbean,Upper middle income,Developing,North America_Upper middle income
Dominica,1999,North America,Caribbean,Upper middle income,Developing,North America_Upper middle income
Dominica,1998,North America,Caribbean,Upper middle income,Developing,North America_Upper middle income
Dominica,1997,North America,Caribbean,Upper middle income,Developing,North America_Upper middle income
Dominica,1996,North America,Caribbean,Upper middle income,Developing,North America_Upper middle income
Dominica,1995,North America,Caribbean,Upper middle income,Developing,North America_Upper middle income
Dominica,1994,North America,Caribbean,Upper middle income,Developing,North America_Upper middle income
Dominica,1993,North America,Caribbean,Upper middle income,Developing,North America_Upper middle income
Dominica,1992,North America,Caribbean,Upper middle income,Developing,North America_Upper middle income
Dominica,1991,North America,Caribbean,Upper middle income,Developing,North America_Upper middle income
Dominica,1990,North America,Caribbean,Upper middle income,Developing,North America_Upper middle income
Dominica,1989,North America,Caribbean,Upper middle income,Developing,North America_Upper middle income
Dominica,1988,North America,Caribbean,Upper middle income,Developing,North America_Upper middle income
Dominica,1987,North America,Caribbean,Upper middle income,Developing,North America_Upper middle income
Dominica,1986,North America,Caribbean,Upper middle income,Developing,North America_Upper middle income
Dominica,1985,North America,Caribbean,Upper middle income,Developing,North America_Upper middle income
Dominica,1984,North America,Caribbean,Upper middle income,Developing,North America_Upper middle income
Dominica,1983,North America,Caribbean,Upper middle income,Developing,North America_Upper middle income
Dominica,1982,North America,Caribbean,Upper middle income,Developing,North America_Upper middle income
Dominica,1981,North America,Caribbean,Upper middle income,Developing,North America_Upper middle income
Dominica,1980,North America,Caribbean,Upper middle income,Developing,North America_Upper middle income
Dominica,1979,North America,Caribbean,Upper middle income,Developing,North America_Upper middle income
Dominica,1978,North America,Caribbean,Upper middle income,Developing,North America_Upper middle income
Dominica,1977,North America,Caribbean,Upper middle income,Developing,North America_Upper middle income
Dominica,1976,North America,Caribbean,Upper middle income,Developing,North America_Upper middle income
Dominica,1975,North America,Caribbean,Upper middle income,Developing,North America_Upper middle income
Dominica,1974,North America,Caribbean,Upper middle income,Developing,North America_Upper middle income
Dominican Republic,2024,North America,Caribbean,Upper middle income,Developing,North America_Upper middle income
Dominican Republic,2023,North America,Caribbean,Upper middle income,Developing,North America_Upper middle income
Dominican Republic,2022,North America,Caribbean,Upper middle income,Developing,North America_Upper middle income
Dominican Republic,2021,North America,Caribbean,Upper middle income,Developing,North America_Upper middle income
Dominican Republic,2020,North America,Caribbean,Upper middle income,Developing,North America_Upper middle income
Dominican Republic,2019,North America,Caribbean,Upper middle income,Developing,North America_Upper middle income
Dominican Republic,2018,North America,Caribbean,Upper middle income,Developing,North America_Upper middle income
Dominican Republic,2017,North America,Caribbean,Upper middle income,Developing,North America_Upper middle income
Dominican Republic,2016,North America,Caribbean,Upper middle income,Developing,North America_Upper middle income
Dominican Republic,2015,North America,Caribbean,Upper middle income,Developing,North America_Upper middle income
Dominican Republic,2014,North America,Caribbean,Upper middle income,Developing,North America_Upper middle income
Dominican Republic,2013,North America,Caribbean,Upper middle income,Developing,North America_Upper middle income
Dominican Republic,2012,North America,Caribbean,Upper middle income,Developing,North America_Upper middle income
Dominican Republic,2011,North America,Caribbean,Upper middle income,Developing,North America_Upper middle income
Dominican Republic,2010,North America,Caribbean,Upper middle income,Developing,North America_Upper middle income
Dominican Republic,2009,North America,Caribbean,Upper middle income,Developing,North America_Upper middle income
Dominican Republic,2008,North America,Caribbean,Upper middle income,Developing,North America_Upper middle income
Dominican Republic,2007,North America,Caribbean,Upper middle income,Developing,North America_Upper middle income
Dominican Republic,2006,North America,Caribbean,Upper middle income,Developing,North America_Upper middle income
Dominican Republic,2005,North America,Caribbean,Upper middle income,Developing,North America_Upper middle income
Dominican Republic,2004,North America,Caribbean,Upper middle income,Developing,North America_Upper middle income
Dominican Republic,2003,North America,Caribbean,Upper middle income,Developing,North America_Upper middle income
Dominican Republic,2002,North America,Caribbean,Upper middle income,Developing,North America_Upper middle income
Dominican Republic,2001,North America,Caribbean,Upper middle income,Developing,North America_Upper middle income
Dominican Republic,2000,North America,Caribbean,Upper middle income,Developing,North America_Upper middle income
Dominican Republic,1999,North America,Caribbean,Upper middle income,Developing,North America_Upper middle income
Dominican Republic,1998,North America,Caribbean,Upper middle income,Developing,North America_Upper middle income
Dominican Republic,1997,North America,Caribbean,Upper middle income,Developing,North America_Upper middle income
Dominican Republic,1996,North America,Caribbean,Upper middle income,Developing,North America_Upper middle income
Dominican Republic,1995,North America,Caribbean,Upper middle income,Developing,North America_Upper middle income
Dominican Republic,1994,North America,Caribbean,Upper middle income,Developing,North America_Upper middle income
Dominican Republic,1993,North America,Caribbean,Upper middle income,Developing,North America_Upper middle income
Dominican Republic,1992,North America,Caribbean,Upper middle income,Developing,North America_Upper middle income
Dominican Republic,1991,North America,Caribbean,Upper middle income,Developing,North America_Upper middle income
Dominican Republic,1990,North America,Caribbean,Upper middle income,Developing,North America_Upper middle income
Dominican Republic,1989,North America,Caribbean,Upper middle income,Developing,North America_Upper middle income
Dominican Republic,1988,North America,Caribbean,Upper middle income,Developing,North America_Upper middle income
Dominican Republic,1987,North America,Caribbean,Upper middle income,Developing,North America_Upper middle income
Dominican Republic,1986,North America,Caribbean,Upper middle income,Developing,North America_Upper middle income
Dominican Republic,1985,North America,Caribbean,Upper middle income,Developing,North America_Upper middle income
Dominican Republic,1984,North America,Caribbean,Upper middle income,Developing,North America_Upper middle income
Dominican Republic,1983,North America,Caribbean,Upper middle income,Developing,North America_Upper middle income
Dominican Republic,1982,North America,Caribbean,Upper middle income,Developing,North America_Upper middle income
Dominican Republic,1981,North America,Caribbean,Upper middle income,Developing,North America_Upper middle income
Dominican Republic,1980,North America,Caribbean,Upper middle income,Developing,North America_Upper middle income
Dominican Republic,1979,North America,Caribbean,Upper middle income,Developing,North America_Upper middle income
Dominican Republic,1978,North America,Caribbean,Upper middle income,Developing,North America_Upper middle income
Dominican Republic,1977,North America,Caribbean,Upper middle income,Developing,North America_Upper middle income
Dominican Republic,1976,North America,Caribbean,Upper middle income,Developing,North America_Upper middle income
Dominican Republic,1975,North America,Caribbean,Upper middle income,Developing,North America_Upper middle income
Dominican Republic,1974,North America,Caribbean,Upper middle income,Developing,North America_Upper middle income
Ecuador,2024,South America,South America,Upper middle income,Developing,South America_Upper middle income
Ecuador,2023,South America,South America,Upper middle income,Developing,South America_Upper middle income
Ecuador,2022,South America,South America,Upper middle income,Developing,South America_Upper middle income
Ecuador,2021,South America,South America,Upper middle income,Developing,South America_Upper middle income
Ecuador,2020,South America,South America,Upper middle income,Developing,South America_Upper middle income
Ecuador,2019,South America,South America,Upper middle income,Developing,South America_Upper middle income
Ecuador,2018,South America,South America,Upper middle income,Developing,South America_Upper middle income
Ecuador,2017,South America,South America,Upper middle income,Developing,South America_Upper middle income
Ecuador,2016,South America,South America,Upper middle income,Developing,South America_Upper middle income
Ecuador,2015,South America,South America,Upper middle income,Developing,South America_Upper middle income
Ecuador,2014,South America,South America,Upper middle income,Developing,South America_Upper middle income
Ecuador,2013,South America,South America,Upper middle income,Developing,South America_Upper middle income
Ecuador,2012,South America,South America,Upper middle income,Developing,South America_Upper middle income
Ecuador,2011,South America,South America,Upper middle income,Developing,South America_Upper middle income
Ecuador,2010,South America,South America,Upper middle income,Developing,South America_Upper middle income
Ecuador,2009,South America,South America,Upper middle income,Developing,South America_Upper middle income
Ecuador,2008,South America,South America,Upper middle income,Developing,South America_Upper middle income
Ecuador,2007,South America,South America,Upper middle income,Developing,South America_Upper middle income
Ecuador,2006,South America,South America,Upper middle income,Developing,South America_Upper middle income
Ecuador,2005,South America,South America,Upper middle income,Developing,South America_Upper middle income
Ecuador,2004,South America,South America,Upper middle income,Developing,South America_Upper middle income
Ecuador,2003,South America,South America,Upper middle income,Developing,South America_Upper middle income
Ecuador,2002,South America,South America,Upper middle income,Developing,South America_Upper middle income
Ecuador,2001,South America,South America,Upper middle income,Developing,South America_Upper middle income
Ecuador,2000,South America,South America,Upper middle income,Developing,South America_Upper middle income
Ecuador,1999,South America,South America,Upper middle income,Developing,South America_Upper middle income
Ecuador,1998,South America,South America,Upper middle income,Developing,South America_Upper middle income
Ecuador,1997,South America,South America,Upper middle income,Developing,South America_Upper middle income
Ecuador,1996,South America,South America,Upper middle income,Developing,South America_Upper middle income
Ecuador,1995,South America,South America,Upper middle income,Developing,South America_Upper middle income
Ecuador,1994,South America,South America,Upper middle income,Developing,South America_Upper middle income
Ecuador,1993,South America,South America,Upper middle income,Developing,South America_Upper middle income
Ecuador,1992,South America,South America,Upper middle income,Developing,South America_Upper middle income
Ecuador,1991,South America,South America,Upper middle income,Developing,South America_Upper middle income
Ecuador,1990,South America,South America,Upper middle income,Developing,South America_Upper middle income
Ecuador,1989,South America,South America,Upper middle income,Developing,South America_Upper middle income
Ecuador,1988,South America,South America,Upper middle income,Developing,South America_Upper middle income
Ecuador,1987,South America,South America,Upper middle income,Developing,South America_Upper middle income
Ecuador,1986,South America,South America,Upper middle income,Developing,South America_Upper middle income
Ecuador,1985,South America,South America,Upper middle income,Developing,South America_Upper middle income
Ecuador,1984,South America,South America,Upper middle income,Developing,South America_Upper middle income
Ecuador,1983,South America,South America,Upper middle income,Developing,South America_Upper middle income
Ecuador,1982,South America,South America,Upper middle income,Developing,South America_Upper middle income
Ecuador,1981,South America,South America,Upper middle income,Developing,South America_Upper middle income
Ecuador,1980,South America,South America,Upper middle income,Developing,South America_Upper middle income
Ecuador,1979,South America,South America,Upper middle income,Developing,South America_Upper middle income
Ecuador,1978,South America,South America,Upper middle income,Developing,South America_Upper middle income
Ecuador,1977,South America,South America,Upper middle income,Developing,South America_Upper middle income
Ecuador,1976,South America,South America,Upper middle income,Developing,South America_Upper middle income
Ecuador,1975,South America,South America,Upper middle income,Developing,South America_Upper middle income
Ecuador,1974,South America,South America,Upper middle income,Developing,South America_Upper middle income
"Egypt, Arab Rep.",2024,Africa,North Africa,Lower middle income,Developing,Africa_Lower middle income
"Egypt, Arab Rep.",2023,Africa,North Africa,Lower middle income,Developing,Africa_Lower middle income
"Egypt, Arab Rep.",2022,Africa,North Africa,Lower middle income,Developing,Africa_Lower middle income
"Egypt, Arab Rep.",2021,Africa,North Africa,Lower middle income,Developing,Africa_Lower middle income
"Egypt, Arab Rep.",2020,Africa,North Africa,Lower middle income,Developing,Africa_Lower middle income
"Egypt, Arab Rep.",2019,Africa,North Africa,Lower middle income,Developing,Africa_Lower middle income
"Egypt, Arab Rep.",2018,Africa,North Africa,Lower middle income,Developing,Africa_Lower middle income
"Egypt, Arab Rep.",2017,Africa,North Africa,Lower middle income,Developing,Africa_Lower middle income
"Egypt, Arab Rep.",2016,Africa,North Africa,Lower middle income,Developing,Africa_Lower middle income
"Egypt, Arab Rep.",2015,Africa,North Africa,Lower middle income,Developing,Africa_Lower middle income
"Egypt, Arab Rep.",2014,Africa,North Africa,Lower middle income,Developing,Africa_Lower middle income
"Egypt, Arab Rep.",2013,Africa,North Africa,Lower middle income,Developing,Africa_Lower middle income
"Egypt, Arab Rep.",2012,Africa,North Africa,Lower middle income,Developing,Africa_Lower middle income
"Egypt, Arab Rep.",2011,Africa,North Africa,Lower middle income,Developing,Africa_Lower middle income
"Egypt, Arab Rep.",2010,Africa,North Africa,Lower middle income,Developing,Africa_Lower middle income
"Egypt, Arab Rep.",2009,Africa,North Africa,Lower middle income,Developing,Africa_Lower middle income
"Egypt, Arab Rep.",2008,Africa,North Africa,Lower middle income,Developing,Africa_Lower middle income
"Egypt, Arab Rep.",2007,Africa,North Africa,Lower middle income,Developing,Africa_Lower middle income
"Egypt, Arab Rep.",2006,Africa,North Africa,Lower middle income,Developing,Africa_Lower middle income
"Egypt, Arab Rep.",2005,Africa,North Africa,Lower middle income,Developing,Africa_Lower middle income
"Egypt, Arab Rep.",2004,Africa,North Africa,Lower middle income,Developing,Africa_Lower middle income
"Egypt, Arab Rep.",2003,Africa,North Africa,Lower middle income,Developing,Africa_Lower middle income
"Egypt, Arab Rep.",2002,Africa,North Africa,Lower middle income,Developing,Africa_Lower middle income
"Egypt, Arab Rep.",2001,Africa,North Africa,Lower middle income,Developing,Africa_Lower middle income
"Egypt, Arab Rep.",2000,Africa,North Africa,Lower middle income,Developing,Africa_Lower middle income
"Egypt, Arab Rep.",1999,Africa,North Africa,Lower middle income,Developing,Africa_Lower middle income
"Egypt, Arab Rep.",1998,Africa,North Africa,Lower middle income,Developing,Africa_Lower middle income
"Egypt, Arab Rep.",1997,Africa,North Africa,Lower middle income,Developing,Africa_Lower middle income
"Egypt, Arab Rep.",1996,Africa,North Africa,Lower middle income,Developing,Africa_Lower middle income
"Egypt, Arab Rep.",1995,Africa,North Africa,Lower middle income,Developing,Africa_Lower middle income
"Egypt, Arab Rep.",1994,Africa,North Africa,Lower middle income,Developing,Africa_Lower middle income
"Egypt, Arab Rep.",1993,Africa,North Africa,Lower middle income,Developing,Africa_Lower middle income
"Egypt, Arab Rep.",1992,Africa,North Africa,Lower middle income,Developing,Africa_Lower middle income
"Egypt, Arab Rep.",1991,Africa,North Africa,Lower middle income,Developing,Africa_Lower middle income
"Egypt, Arab Rep.",1990,Africa,North Africa,Lower middle income,Developing,Africa_Lower middle income
"Egypt, Arab Rep.",1989,Africa,North Africa,Lower middle income,Developing,Africa_Lower middle income
"Egypt, Arab Rep.",1988,Africa,North Africa,Lower middle income,Developing,Africa_Lower middle income
"Egypt, Arab Rep.",1987,Africa,North Africa,Lower middle income,Developing,Africa_Lower middle income
"Egypt, Arab Rep.",1986,Africa,North Africa,Lower middle income,Developing,Africa_Lower middle income
"Egypt, Arab Rep.",1985,Africa,North Africa,Lower middle income,Developing,Africa_Lower middle income
"Egypt, Arab Rep.",1984,Africa,North Africa,Lower middle income,Developing,Africa_Lower middle income
"Egypt, Arab Rep.",1983,Africa,North Africa,Lower middle income,Developing,Africa_Lower middle income
"Egypt, Arab Rep.",1982,Africa,North Africa,Lower middle income,Developing,Africa_Lower middle income
"Egypt, Arab Rep.",1981,Africa,North Africa,Lower middle income,Developing,Africa_Lower middle income
"Egypt, Arab Rep.",1980,Africa,North Africa,Lower middle income,Developing,Africa_Lower middle income
"Egypt, Arab Rep.",1979,Africa,North Africa,Lower middle income,Developing,Africa_Lower middle income
"Egypt, Arab Rep.",1978,Africa,North Africa,Lower middle income,Developing,Africa_Lower middle income
"Egypt, Arab Rep.",1977,Africa,North Africa,Lower middle income,Developing,Africa_Lower middle income
"Egypt, Arab Rep.",1976,Africa,North Africa,Lower middle income,Developing,Africa_Lower middle income
"Egypt, Arab Rep.",1975,Africa,North Africa,Lower middle income,Developing,Africa_Lower middle income
"Egypt, Arab Rep.",1974,Africa,North Africa,Lower middle income,Developing,Africa_Lower middle income
El Salvador,2024,North America,Central America,Lower middle income,Developing,North America_Lower middle income
El Salvador,2023,North America,Central America,Lower middle income,Developing,North America_Lower middle income
El Salvador,2022,North America,Central America,Lower middle income,Developing,North America_Lower middle income
El Salvador,2021,North America,Central America,Lower middle income,Developing,North America_Lower middle income
El Salvador,2020,North America,Central America,Lower middle income,Developing,North America_Lower middle income
El Salvador,2019,North America,Central America,Lower middle income,Developing,North America_Lower middle income
El Salvador,2018,North America,Central America,Lower middle income,Developing,North America_Lower middle income
El Salvador,2017,North America,Central America,Lower middle income,Developing,North America_Lower middle income
El Salvador,2016,North America,Central America,Lower middle income,Developing,North America_Lower middle income
El Salvador,2015,North America,Central America,Lower middle income,Developing,North America_Lower middle income
El Salvador,2014,North America,Central America,Lower middle income,Developing,North America_Lower middle income
El Salvador,2013,North America,Central America,Lower middle income,Developing,North America_Lower middle income
El Salvador,2012,North America,Central America,Lower middle income,Developing,North America_Lower middle income
El Salvador,2011,North America,Central America,Lower middle income,Developing,North America_Lower middle income
El Salvador,2010,North America,Central America,Lower middle income,Developing,North America_Lower middle income
El Salvador,2009,North America,Central America,Lower middle income,Developing,North America_Lower middle income
El Salvador,2008,North America,Central America,Lower middle income,Developing,North America_Lower middle income
El Salvador,2007,North America,Central America,Lower middle income,Developing,North America_Lower middle income
El Salvador,2006,North America,Central America,Lower middle income,Developing,North America_Lower middle income
El Salvador,2005,North America,Central America,Lower middle income,Developing,North America_Lower middle income
El Salvador,2004,North America,Central America,Lower middle income,Developing,North America_Lower middle income
El Salvador,2003,North America,Central America,Lower middle income,Developing,North America_Lower middle income
El Salvador,2002,North America,Central America,Lower middle income,Developing,North America_Lower middle income
El Salvador,2001,North America,Central America,Lower middle income,Developing,North America_Lower middle income
El Salvador,2000,North America,Central America,Lower middle income,Developing,North America_Lower middle income
El Salvador,1999,North America,Central America,Lower middle income,Developing,North America_Lower middle income
El Salvador,1998,North America,Central America,Lower middle income,Developing,North America_Lower middle income
El Salvador,1997,North America,Central America,Lower middle income,Developing,North America_Lower middle income
El Salvador,1996,North America,Central America,Lower middle income,Developing,North America_Lower middle income
El Salvador,1995,North America,Central America,Lower middle income,Developing,North America_Lower middle income
El Salvador,1994,North America,Central America,Lower middle income,Developing,North America_Lower middle income
El Salvador,1993,North America,Central America,Lower middle income,Developing,North America_Lower middle income
El Salvador,1992,North America,Central America,Lower middle income,Developing,North America_Lower middle income
El Salvador,1991,North America,Central America,Lower middle income,Developing,North America_Lower middle income
El Salvador,1990,North America,Central America,Lower middle income,Developing,North America_Lower middle income
El Salvador,1989,North America,Central America,Lower middle income,Developing,North America_Lower middle income
El Salvador,1988,North America,Central America,Lower middle income,Developing,North America_Lower middle income
El Salvador,1987,North America,Central America,Lower middle income,Developing,North America_Lower middle income
El Salvador,1986,North America,Central America,Lower middle income,Developing,North America_Lower middle income
El Salvador,1985,North America,Central America,Lower middle income,Developing,North America_Lower middle income
El Salvador,1984,North America,Central America,Lower middle income,Developing,North America_Lower middle income
El Salvador,1983,North America,Central America,Lower middle income,Developing,North America_Lower middle income
El Salvador,1982,North America,Central America,Lower middle income,Developing,North America_Lower middle income
El Salvador,1981,North America,Central America,Lower middle income,Developing,North America_Lower middle income
El Salvador,1980,North America,Central America,Lower middle income,Developing,North America_Lower middle income
El Salvador,1979,North America,Central America,Lower middle income,Developing,North America_Lower middle income
El Salvador,1978,North America,Central America,Lower middle income,Developing,North America_Lower middle income
El Salvador,1977,North America,Central America,Lower middle income,Developing,North America_Lower middle income
El Salvador,1976,North America,Central America,Lower middle income,Developing,North America_Lower middle income
El Salvador,1975,North America,Central America,Lower middle income,Developing,North America_Lower middle income
El Salvador,1974,North America,Central America,Lower middle income,Developing,North America_Lower middle income
Equatorial Guinea,2024,Africa,Central Africa,Upper middle income,Developing,Africa_Upper middle income
Equatorial Guinea,2023,Africa,Central Africa,Upper middle income,Developing,Africa_Upper middle income
Equatorial Guinea,2022,Africa,Central Africa,Upper middle income,Developing,Africa_Upper middle income
Equatorial Guinea,2021,Africa,Central Africa,Upper middle income,Developing,Africa_Upper middle income
Equatorial Guinea,2020,Africa,Central Africa,Upper middle income,Developing,Africa_Upper middle income
Equatorial Guinea,2019,Africa,Central Africa,Upper middle income,Developing,Africa_Upper middle income
Equatorial Guinea,2018,Africa,Central Africa,Upper middle income,Developing,Africa_Upper middle income
Equatorial Guinea,2017,Africa,Central Africa,Upper middle income,Developing,Africa_Upper middle income
Equatorial Guinea,2016,Africa,Central Africa,Upper middle income,Developing,Africa_Upper middle income
Equatorial Guinea,2015,Africa,Central Africa,Upper middle income,Developing,Africa_Upper middle income
Equatorial Guinea,2014,Africa,Central Africa,Upper middle income,Developing,Africa_Upper middle income
Equatorial Guinea,2013,Africa,Central Africa,Upper middle income,Developing,Africa_Upper middle income
Equatorial Guinea,2012,Africa,Central Africa,Upper middle income,Developing,Africa_Upper middle income
Equatorial Guinea,2011,Africa,Central Africa,Upper middle income,Developing,Africa_Upper middle income
Equatorial Guinea,2010,Africa,Central Africa,Upper middle income,Developing,Africa_Upper middle income
Equatorial Guinea,2009,Africa,Central Africa,Upper middle income,Developing,Africa_Upper middle income
Equatorial Guinea,2008,Africa,Central Africa,Upper middle income,Developing,Africa_Upper middle income
Equatorial Guinea,2007,Africa,Central Africa,Upper middle income,Developing,Africa_Upper middle income
Equatorial Guinea,2006,Africa,Central Africa,Upper middle income,Developing,Africa_Upper middle income
Equatorial Guinea,2005,Africa,Central Africa,Upper middle income,Developing,Africa_Upper middle income
Equatorial Guinea,2004,Africa,Central Africa,Upper middle income,Developing,Africa_Upper middle income
Equatorial Guinea,2003,Africa,Central Africa,Upper middle income,Developing,Africa_Upper middle income
Equatorial Guinea,2002,Africa,Central Africa,Upper middle income,Developing,Africa_Upper middle income
Equatorial Guinea,2001,Africa,Central Africa,Upper middle income,Developing,Africa_Upper middle income
Equatorial Guinea,2000,Africa,Central Africa,Upper middle income,Developing,Africa_Upper middle income
Equatorial Guinea,1999,Africa,Central Africa,Upper middle income,Developing,Africa_Upper middle income
Equatorial Guinea,1998,Africa,Central Africa,Upper middle income,Developing,Africa_Upper middle income
Equatorial Guinea,1997,Africa,Central Africa,Upper middle income,Developing,Africa_Upper middle income
Equatorial Guinea,1996,Africa,Central Africa,Upper middle income,Developing,Africa_Upper middle income
Equatorial Guinea,1995,Africa,Central Africa,Upper middle income,Developing,Africa_Upper middle income
Equatorial Guinea,1994,Africa,Central Africa,Upper middle income,Developing,Africa_Upper middle income
Equatorial Guinea,1993,Africa,Central Africa,Upper middle income,Developing,Africa_Upper middle income
Equatorial Guinea,1992,Africa,Central Africa,Upper middle income,Developing,Africa_Upper middle income
Equatorial Guinea,1991,Africa,Central Africa,Upper middle income,Developing,Africa_Upper middle income
Equatorial Guinea,1990,Africa,Central Africa,Upper middle income,Developing,Africa_Upper middle income
Equatorial Guinea,1989,Africa,Central Africa,Upper middle income,Developing,Africa_Upper middle income
Equatorial Guinea,1988,Africa,Central Africa,Upper middle income,Developing,Africa_Upper middle income
Equatorial Guinea,1987,Africa,Central Africa,Upper middle income,Developing,Africa_Upper middle income
Equatorial Guinea,1986,Africa,Central Africa,Upper middle income,Developing,Africa_Upper middle income
Equatorial Guinea,1985,Africa,Central Africa,Upper middle income,Developing,Africa_Upper middle income
Equatorial Guinea,1984,Africa,Central Africa,Upper middle income,Developing,Africa_Upper middle income
Equatorial Guinea,1983,Africa,Central Africa,Upper middle income,Developing,Africa_Upper middle income
Equatorial Guinea,1982,Africa,Central Africa,Upper middle income,Developing,Africa_Upper middle income
Equatorial Guinea,1981,Africa,Central Africa,Upper middle income,Developing,Africa_Upper middle income
Equatorial Guinea,1980,Africa,Central Africa,Upper middle income,Developing,Africa_Upper middle income
Equatorial Guinea,1979,Africa,Central Africa,Upper middle income,Developing,Africa_Upper middle income
Equatorial Guinea,1978,Africa,Central Africa,Upper middle income,Developing,Africa_Upper middle income
Equatorial Guinea,1977,Africa,Central Africa,Upper middle income,Developing,Africa_Upper middle income
Equatorial Guinea,1976,Africa,Central Africa,Upper middle income,Developing,Africa_Upper middle income
Equatorial Guinea,1975,Africa,Central Africa,Upper middle income,Developing,Africa_Upper middle income
Equatorial Guinea,1974,Africa,Central Africa,Upper middle income,Developing,Africa_Upper middle income
Eritrea,2024,Africa,East Africa,Low income,Developing,Africa_Low income
Eritrea,2023,Africa,East Africa,Low income,Developing,Africa_Low income
Eritrea,2022,Africa,East Africa,Low income,Developing,Africa_Low income
Eritrea,2021,Africa,East Africa,Low income,Developing,Africa_Low income
Eritrea,2020,Africa,East Africa,Low income,Developing,Africa_Low income
Eritrea,2019,Africa,East Africa,Low income,Developing,Africa_Low income
Eritrea,2018,Africa,East Africa,Low income,Developing,Africa_Low income
Eritrea,2017,Africa,East Africa,Low income,Developing,Africa_Low income
Eritrea,2016,Africa,East Africa,Low income,Developing,Africa_Low income
Eritrea,2015,Africa,East Africa,Low income,Developing,Africa_Low income
Eritrea,2014,Africa,East Africa,Low income,Developing,Africa_Low income
Eritrea,2013,Africa,East Africa,Low income,Developing,Africa_Low income
Eritrea,2012,Africa,East Africa,Low income,Developing,Africa_Low income
Eritrea,2011,Africa,East Africa,Low income,Developing,Africa_Low income
Eritrea,2010,Africa,East Africa,Low income,Developing,Africa_Low income
Eritrea,2009,Africa,East Africa,Low income,Developing,Africa_Low income
Eritrea,2008,Africa,East Africa,Low income,Developing,Africa_Low income
Eritrea,2007,Africa,East Africa,Low income,Developing,Africa_Low income
Eritrea,2006,Africa,East Africa,Low income,Developing,Africa_Low income
Eritrea,2005,Africa,East Africa,Low income,Developing,Africa_Low income
Eritrea,2004,Africa,East Africa,Low income,Developing,Africa_Low income
Eritrea,2003,Africa,East Africa,Low income,Developing,Africa_Low income
Eritrea,2002,Africa,East Africa,Low income,Developing,Africa_Low income
Eritrea,2001,Africa,East Africa,Low income,Developing,Africa_Low income
Eritrea,2000,Africa,East Africa,Low income,Developing,Africa_Low income
Eritrea,1999,Africa,East Africa,Low income,Developing,Africa_Low income
Eritrea,1998,Africa,East Africa,Low income,Developing,Africa_Low income
Eritrea,1997,Africa,East Africa,Low income,Developing,Africa_Low income
Eritrea,1996,Africa,East Africa,Low income,Developing,Africa_Low income
Eritrea,1995,Africa,East Africa,Low income,Developing,Africa_Low income
Eritrea,1994,Africa,East Africa,Low income,Developing,Africa_Low income
Eritrea,1993,Africa,East Africa,Low income,Developing,Africa_Low income
Eritrea,1992,Africa,East Africa,Low income,Developing,Africa_Low income
Eritrea,1991,Africa,East Africa,Low income,Developing,Africa_Low income
Eritrea,1990,Africa,East Africa,Low income,Developing,Africa_Low income
Eritrea,1989,Africa,East Africa,Low income,Developing,Africa_Low income
Eritrea,1988,Africa,East Africa,Low income,Developing,Africa_Low income
Eritrea,1987,Africa,East Africa,Low income,Developing,Africa_Low income
Eritrea,1986,Africa,East Africa,Low income,Developing,Africa_Low income
Eritrea,1985,Africa,East Africa,Low income,Developing,Africa_Low income
Eritrea,1984,Africa,East Africa,Low income,Developing,Africa_Low income
Eritrea,1983,Africa,East Africa,Low income,Developing,Africa_Low income
Eritrea,1982,Africa,East Africa,Low income,Developing,Africa_Low income
Eritrea,1981,Africa,East Africa,Low income,Developing,Africa_Low income
Eritrea,1980,Africa,East Africa,Low income,Developing,Africa_Low income
Eritrea,1979,Africa,East Africa,Low income,Developing,Africa_Low income
Eritrea,1978,Africa,East Africa,Low income,Developing,Africa_Low income
Eritrea,1977,Africa,East Africa,Low income,Developing,Africa_Low income
Eritrea,1976,Africa,East Africa,Low income,Developing,Africa_Low income
Eritrea,1975,Africa,East Africa,Low income,Developing,Africa_Low income
Eritrea,1974,Africa,East Africa,Low income,Developing,Africa_Low income
Estonia,2024,Europe,Northern Europe,High income,Developed,Europe_High income
Estonia,2023,Europe,Northern Europe,High income,Developed,Europe_High income
Estonia,2022,Europe,Northern Europe,High income,Developed,Europe_High income
Estonia,2021,Europe,Northern Europe,High income,Developed,Europe_High income
Estonia,2020,Europe,Northern Europe,High income,Developed,Europe_High income
Estonia,2019,Europe,Northern Europe,High income,Developed,Europe_High income
Estonia,2018,Europe,Northern Europe,High income,Developed,Europe_High income
Estonia,2017,Europe,Northern Europe,High income,Developed,Europe_High income
Estonia,2016,Europe,Northern Europe,High income,Developed,Europe_High income
Estonia,2015,Europe,Northern Europe,High income,Developed,Europe_High income
Estonia,2014,Europe,Northern Europe,High income,Developed,Europe_High income
Estonia,2013,Europe,Northern Europe,High income,Developed,Europe_High income
Estonia,2012,Europe,Northern Europe,High income,Developed,Europe_High income
Estonia,2011,Europe,Northern Europe,High income,Developed,Europe_High income
Estonia,2010,Europe,Northern Europe,High income,Developed,Europe_High income
Estonia,2009,Europe,Northern Europe,High income,Developed,Europe_High income
Estonia,2008,Europe,Northern Europe,High income,Developed,Europe_High income
Estonia,2007,Europe,Northern Europe,High income,Developed,Europe_High income
Estonia,2006,Europe,Northern Europe,High income,Developed,Europe_High income
Estonia,2005,Europe,Northern Europe,High income,Developed,Europe_High income
Estonia,2004,Europe,Northern Europe,High income,Developed,Europe_High income
Estonia,2003,Europe,Northern Europe,High income,Developed,Europe_High income
Estonia,2002,Europe,Northern Europe,High income,Developed,Europe_High income
Estonia,2001,Europe,Northern Europe,High income,Developed,Europe_High income
Estonia,2000,Europe,Northern Europe,High income,Developed,Europe_High income
Estonia,1999,Europe,Northern Europe,High income,Developed,Europe_High income
Estonia,1998,Europe,Northern Europe,High income,Developed,Europe_High income
Estonia,1997,Europe,Northern Europe,High income,Developed,Europe_High income
Estonia,1996,Europe,Northern Europe,High income,Developed,Europe_High income
Estonia,1995,Europe,Northern Europe,High income,Developed,Europe_High income
Estonia,1994,Europe,Northern Europe,High income,Developed,Europe_High income
Estonia,1993,Europe,Northern Europe,High income,Developed,Europe_High income
Estonia,1992,Europe,Northern Europe,High income,Developed,Europe_High income
Estonia,1991,Europe,Northern Europe,High income,Developed,Europe_High income
Estonia,1990,Europe,Northern Europe,High income,Developed,Europe_High income
Estonia,1989,Europe,Northern Europe,High income,Developed,Europe_High income
Estonia,1988,Europe,Northern Europe,High income,Developed,Europe_High income
Estonia,1987,Europe,Northern Europe,High income,Developed,Europe_High income
Estonia,1986,Europe,Northern Europe,High income,Developed,Europe_High income
Estonia,1985,Europe,Northern Europe,High income,Developed,Europe_High income
Estonia,1984,Europe,Northern Europe,High income,Developed,Europe_High income
Estonia,1983,Europe,Northern Europe,High income,Developed,Europe_High income
Estonia,1982,Europe,Northern Europe,High income,Developed,Europe_High income
Estonia,1981,Europe,Northern Europe,High income,Developed,Europe_High income
Estonia,1980,Europe,Northern Europe,High income,Developed,Europe_High income
Estonia,1979,Europe,Northern Europe,High income,Developed,Europe_High income
Estonia,1978,Europe,Northern Europe,High income,Developed,Europe_High income
Estonia,1977,Europe,Northern Europe,High income,Developed,Europe_High income
Estonia,1976,Europe,Northern Europe,High income,Developed,Europe_High income
Estonia,1975,Europe,Northern Europe,High income,Developed,Europe_High income
Estonia,1974,Europe,Northern Europe,High income,Developed,Europe_High income
Eswatini,2024,Africa,Southern Africa,Lower middle income,Developing,Africa_Lower middle income
Eswatini,2023,Africa,Southern Africa,Lower middle income,Developing,Africa_Lower middle income
Eswatini,2022,Africa,Southern Africa,Lower middle income,Developing,Africa_Lower middle income
Eswatini,2021,Africa,Southern Africa,Lower middle income,Developing,Africa_Lower middle income
Eswatini,2020,Africa,Southern Africa,Lower middle income,Developing,Africa_Lower middle income
Eswatini,2019,Africa,Southern Africa,Lower middle income,Developing,Africa_Lower middle income
Eswatini,2018,Africa,Southern Africa,Lower middle income,Developing,Africa_Lower middle income
Eswatini,2017,Africa,Southern Africa,Lower middle income,Developing,Africa_Lower middle income
Eswatini,2016,Africa,Southern Africa,Lower middle income,Developing,Africa_Lower middle income
Eswatini,2015,Africa,Southern Africa,Lower middle income,Developing,Africa_Lower middle income
Eswatini,2014,Africa,Southern Africa,Lower middle income,Developing,Africa_Lower middle income
Eswatini,2013,Africa,Southern Africa,Lower middle income,Developing,Africa_Lower middle income
Eswatini,2012,Africa,Southern Africa,Lower middle income,Developing,Africa_Lower middle income
Eswatini,2011,Africa,Southern Africa,Lower middle income,Developing,Africa_Lower middle income
Eswatini,2010,Africa,Southern Africa,Lower middle income,Developing,Africa_Lower middle income
Eswatini,2009,Africa,Southern Africa,Lower middle income,Developing,Africa_Lower middle income
Eswatini,2008,Africa,Southern Africa,Lower middle income,Developing,Africa_Lower middle income
Eswatini,2007,Africa,Southern Africa,Lower middle income,Developing,Africa_Lower middle income
Eswatini,2006,Africa,Southern Africa,Lower middle income,Developing,Africa_Lower middle income
Eswatini,2005,Africa,Southern Africa,Lower middle income,Developing,Africa_Lower middle income
Eswatini,2004,Africa,Southern Africa,Lower middle income,Developing,Africa_Lower middle income
Eswatini,2003,Africa,Southern Africa,Lower middle income,Developing,Africa_Lower middle income
Eswatini,2002,Africa,Southern Africa,Lower middle income,Developing,Africa_Lower middle income
Eswatini,2001,Africa,Southern Africa,Lower middle income,Developing,Africa_Lower middle income
Eswatini,2000,Africa,Southern Africa,Lower middle income,Developing,Africa_Lower middle income
Eswatini,1999,Africa,Southern Africa,Lower middle income,Developing,Africa_Lower middle income
Eswatini,1998,Africa,Southern Africa,Lower middle income,Developing,Africa_Lower middle income
Eswatini,1997,Africa,Southern Africa,Lower middle income,Developing,Africa_Lower middle income
Eswatini,1996,Africa,Southern Africa,Lower middle income,Developing,Africa_Lower middle income
Eswatini,1995,Africa,Southern Africa,Lower middle income,Developing,Africa_Lower middle income
Eswatini,1994,Africa,Southern Africa,Lower middle income,Developing,Africa_Lower middle income
Eswatini,1993,Africa,Southern Africa,Lower middle income,Developing,Africa_Lower middle income
Eswatini,1992,Africa,Southern Africa,Lower middle income,Developing,Africa_Lower middle income
Eswatini,1991,Africa,Southern Africa,Lower middle income,Developing,Africa_Lower middle income
Eswatini,1990,Africa,Southern Africa,Lower middle income,Developing,Africa_Lower middle income
Eswatini,1989,Africa,Southern Africa,Lower middle income,Developing,Africa_Lower middle income
Eswatini,1988,Africa,Southern Africa,Lower middle income,Developing,Africa_Lower middle income
Eswatini,1987,Africa,Southern Africa,Lower middle income,Developing,Africa_Lower middle income
Eswatini,1986,Africa,Southern Africa,Lower middle income,Developing,Africa_Lower middle income
Eswatini,1985,Africa,Southern Africa,Lower middle income,Developing,Africa_Lower middle income
Eswatini,1984,Africa,Southern Africa,Lower middle income,Developing,Africa_Lower middle income
Eswatini,1983,Africa,Southern Africa,Lower middle income,Developing,Africa_Lower middle income
Eswatini,1982,Africa,Southern Africa,Lower middle income,Developing,Africa_Lower middle income
Eswatini,1981,Africa,Southern Africa,Lower middle income,Developing,Africa_Lower middle income
Eswatini,1980,Africa,Southern Africa,Lower middle income,Developing,Africa_Lower middle income
Eswatini,1979,Africa,Southern Africa,Lower middle income,Developing,Africa_Lower middle income
Eswatini,1978,Africa,Southern Africa,Lower middle income,Developing,Africa_Lower middle income
Eswatini,1977,Africa,Southern Africa,Lower middle income,Developing,Africa_Lower middle income
Eswatini,1976,Africa,Southern Africa,Lower middle income,Developing,Africa_Lower middle income
Eswatini,1975,Africa,Southern Africa,Lower middle income,Developing,Africa_Lower middle income
Eswatini,1974,Africa,Southern Africa,Lower middle income,Developing,Africa_Lower middle income
Ethiopia,2024,Africa,East Africa,Low income,Developing,Africa_Low income
Ethiopia,2023,Africa,East Africa,Low income,Developing,Africa_Low income
Ethiopia,2022,Africa,East Africa,Low income,Developing,Africa_Low income
Ethiopia,2021,Africa,East Africa,Low income,Developing,Africa_Low income
Ethiopia,2020,Africa,East Africa,Low income,Developing,Africa_Low income
Ethiopia,2019,Africa,East Africa,Low income,Developing,Africa_Low income
Ethiopia,2018,Africa,East Africa,Low income,Developing,Africa_Low income
Ethiopia,2017,Africa,East Africa,Low income,Developing,Africa_Low income
Ethiopia,2016,Africa,East Africa,Low income,Developing,Africa_Low income
Ethiopia,2015,Africa,East Africa,Low income,Developing,Africa_Low income
Ethiopia,2014,Africa,East Africa,Low income,Developing,Africa_Low income
Ethiopia,2013,Africa,East Africa,Low income,Developing,Africa_Low income
Ethiopia,2012,Africa,East Africa,Low income,Developing,Africa_Low income
Ethiopia,2011,Africa,East Africa,Low income,Developing,Africa_Low income
Ethiopia,2010,Africa,East Africa,Low income,Developing,Africa_Low income
Ethiopia,2009,Africa,East Africa,Low income,Developing,Africa_Low income
Ethiopia,2008,Africa,East Africa,Low income,Developing,Africa_Low income
Ethiopia,2007,Africa,East Africa,Low income,Developing,Africa_Low income
Ethiopia,2006,Africa,East Africa,Low income,Developing,Africa_Low income
Ethiopia,2005,Africa,East Africa,Low income,Developing,Africa_Low income
Ethiopia,2004,Africa,East Africa,Low income,Developing,Africa_Low income
Ethiopia,2003,Africa,East Africa,Low income,Developing,Africa_Low income
Ethiopia,2002,Africa,East Africa,Low income,Developing,Africa_Low income
Ethiopia,2001,Africa,East Africa,Low income,Developing,Africa_Low income
Ethiopia,2000,Africa,East Africa,Low income,Developing,Africa_Low income
Ethiopia,1999,Africa,East Africa,Low income,Developing,Africa_Low income
Ethiopia,1998,Africa,East Africa,Low income,Developing,Africa_Low income
Ethiopia,1997,Africa,East Africa,Low income,Developing,Africa_Low income
Ethiopia,1996,Africa,East Africa,Low income,Developing,Africa_Low income
Ethiopia,1995,Africa,East Africa,Low income,Developing,Africa_Low income
Ethiopia,1994,Africa,East Africa,Low income,Developing,Africa_Low income
Ethiopia,1993,Africa,East Africa,Low income,Developing,Africa_Low income
Ethiopia,1992,Africa,East Africa,Low income,Developing,Africa_Low income
Ethiopia,1991,Africa,East Africa,Low income,Developing,Africa_Low income
Ethiopia,1990,Africa,East Africa,Low income,Developing,Africa_Low income
Ethiopia,1989,Africa,East Africa,Low income,Developing,Africa_Low income
Ethiopia,1988,Africa,East Africa,Low income,Developing,Africa_Low income
Ethiopia,1987,Africa,East Africa,Low income,Developing,Africa_Low income
Ethiopia,1986,Africa,East Africa,Low income,Developing,Africa_Low income
Ethiopia,1985,Africa,East Africa,Low income,Developing,Africa_Low income
Ethiopia,1984,Africa,East Africa,Low income,Developing,Africa_Low income
Ethiopia,1983,Africa,East Africa,Low income,Developing,Africa_Low income
Ethiopia,1982,Africa,East Africa,Low income,Developing,Africa_Low income
Ethiopia,1981,Africa,East Africa,Low income,Developing,Africa_Low income
Ethiopia,1980,Africa,East Africa,Low income,Developing,Africa_Low income
Ethiopia,1979,Africa,East Africa,Low income,Developing,Africa_Low income
Ethiopia,1978,Africa,East Africa,Low income,Developing,Africa_Low income
Ethiopia,1977,Africa,East Africa,Low income,Developing,Africa_Low income
Ethiopia,1976,Africa,East Africa,Low income,Developing,Africa_Low income
Ethiopia,1975,Africa,East Africa,Low income,Developing,Africa_Low income
Ethiopia,1974,Africa,East Africa,Low income,Developing,Africa_Low income
Faroe Islands,2024,Europe,Northern Europe,High income,Developed,Europe_High income
Faroe Islands,2023,Europe,Northern Europe,High income,Developed,Europe_High income
Faroe Islands,2022,Europe,Northern Europe,High income,Developed,Europe_High income
Faroe Islands,2021,Europe,Northern Europe,High income,Developed,Europe_High income
Faroe Islands,2020,Europe,Northern Europe,High income,Developed,Europe_High income
Faroe Islands,2019,Europe,Northern Europe,High income,Developed,Europe_High income
Faroe Islands,2018,Europe,Northern Europe,High income,Developed,Europe_High income
Faroe Islands,2017,Europe,Northern Europe,High income,Developed,Europe_High income
Faroe Islands,2016,Europe,Northern Europe,High income,Developed,Europe_High income
Faroe Islands,2015,Europe,Northern Europe,High income,Developed,Europe_High income
Faroe Islands,2014,Europe,Northern Europe,High income,Developed,Europe_High income
Faroe Islands,2013,Europe,Northern Europe,High income,Developed,Europe_High income
Faroe Islands,2012,Europe,Northern Europe,High income,Developed,Europe_High income
Faroe Islands,2011,Europe,Northern Europe,High income,Developed,Europe_High income
Faroe Islands,2010,Europe,Northern Europe,High income,Developed,Europe_High income
Faroe Islands,2009,Europe,Northern Europe,High income,Developed,Europe_High income
Faroe Islands,2008,Europe,Northern Europe,High income,Developed,Europe_High income
Faroe Islands,2007,Europe,Northern Europe,High income,Developed,Europe_High income
Faroe Islands,2006,Europe,Northern Europe,High income,Developed,Europe_High income
Faroe Islands,2005,Europe,Northern Europe,High income,Developed,Europe_High income
Faroe Islands,2004,Europe,Northern Europe,High income,Developed,Europe_High income
Faroe Islands,2003,Europe,Northern Europe,High income,Developed,Europe_High income
Faroe Islands,2002,Europe,Northern Europe,High income,Developed,Europe_High income
Faroe Islands,2001,Europe,Northern Europe,High income,Developed,Europe_High income
Faroe Islands,2000,Europe,Northern Europe,High income,Developed,Europe_High income
Faroe Islands,1999,Europe,Northern Europe,High income,Developed,Europe_High income
Faroe Islands,1998,Europe,Northern Europe,High income,Developed,Europe_High income
Faroe Islands,1997,Europe,Northern Europe,High income,Developed,Europe_High income
Faroe Islands,1996,Europe,Northern Europe,High income,Developed,Europe_High income
Faroe Islands,1995,Europe,Northern Europe,High income,Developed,Europe_High income
Faroe Islands,1994,Europe,Northern Europe,High income,Developed,Europe_High income
Faroe Islands,1993,Europe,Northern Europe,High income,Developed,Europe_High income
Faroe Islands,1992,Europe,Northern Europe,High income,Developed,Europe_High income
Faroe Islands,1991,Europe,Northern Europe,High income,Developed,Europe_High income
Faroe Islands,1990,Europe,Northern Europe,High income,Developed,Europe_High income
Faroe Islands,1989,Europe,Northern Europe,High income,Developed,Europe_High income
Faroe Islands,1988,Europe,Northern Europe,High income,Developed,Europe_High income
Faroe Islands,1987,Europe,Northern Europe,High income,Developed,Europe_High income
Faroe Islands,1986,Europe,Northern Europe,High income,Developed,Europe_High income
Faroe Islands,1985,Europe,Northern Europe,High income,Developed,Europe_High income
Faroe Islands,1984,Europe,Northern Europe,High income,Developed,Europe_High income
Faroe Islands,1983,Europe,Northern Europe,High income,Developed,Europe_High income
Faroe Islands,1982,Europe,Northern Europe,High income,Developed,Europe_High income
Faroe Islands,1981,Europe,Northern Europe,High income,Developed,Europe_High income
Faroe Islands,1980,Europe,Northern Europe,High income,Developed,Europe_High income
Faroe Islands,1979,Europe,Northern Europe,High income,Developed,Europe_High income
Faroe Islands,1978,Europe,Northern Europe,High income,Developed,Europe_High income
Faroe Islands,1977,Europe,Northern Europe,High income,Developed,Europe_High income
Faroe Islands,1976,Europe,Northern Europe,High income,Developed,Europe_High income
Faroe Islands,1975,Europe,Northern Europe,High income,Developed,Europe_High income
Faroe Islands,1974,Europe,Northern Europe,High income,Developed,Europe_High income
Fiji,2024,Oceania,Melanesia,Upper middle income,Developing,Oceania_Upper middle income
Fiji,2023,Oceania,Melanesia,Upper middle income,Developing,Oceania_Upper middle income
Fiji,2022,Oceania,Melanesia,Upper middle income,Developing,Oceania_Upper middle income
Fiji,2021,Oceania,Melanesia,Upper middle income,Developing,Oceania_Upper middle income
Fiji,2020,Oceania,Melanesia,Upper middle income,Developing,Oceania_Upper middle income
Fiji,2019,Oceania,Melanesia,Upper middle income,Developing,Oceania_Upper middle income
Fiji,2018,Oceania,Melanesia,Upper middle income,Developing,Oceania_Upper middle income
Fiji,2017,Oceania,Melanesia,Upper middle income,Developing,Oceania_Upper middle income
Fiji,2016,Oceania,Melanesia,Upper middle income,Developing,Oceania_Upper middle income
Fiji,2015,Oceania,Melanesia,Upper middle income,Developing,Oceania_Upper middle income
Fiji,2014,Oceania,Melanesia,Upper middle income,Developing,Oceania_Upper middle income
Fiji,2013,Oceania,Melanesia,Upper middle income,Developing,Oceania_Upper middle income
Fiji,2012,Oceania,Melanesia,Upper middle income,Developing,Oceania_Upper middle income
Fiji,2011,Oceania,Melanesia,Upper middle income,Developing,Oceania_Upper middle income
Fiji,2010,Oceania,Melanesia,Upper middle income,Developing,Oceania_Upper middle income
Fiji,2009,Oceania,Melanesia,Upper middle income,Developing,Oceania_Upper middle income
Fiji,2008,Oceania,Melanesia,Upper middle income,Developing,Oceania_Upper middle income
Fiji,2007,Oceania,Melanesia,Upper middle income,Developing,Oceania_Upper middle income
Fiji,2006,Oceania,Melanesia,Upper middle income,Developing,Oceania_Upper middle income
Fiji,2005,Oceania,Melanesia,Upper middle income,Developing,Oceania_Upper middle income
Fiji,2004,Oceania,Melanesia,Upper middle income,Developing,Oceania_Upper middle income
Fiji,2003,Oceania,Melanesia,Upper middle income,Developing,Oceania_Upper middle income
Fiji,2002,Oceania,Melanesia,Upper middle income,Developing,Oceania_Upper middle income
Fiji,2001,Oceania,Melanesia,Upper middle income,Developing,Oceania_Upper middle income
Fiji,2000,Oceania,Melanesia,Upper middle income,Developing,Oceania_Upper middle income
Fiji,1999,Oceania,Melanesia,Upper middle income,Developing,Oceania_Upper middle income
Fiji,1998,Oceania,Melanesia,Upper middle income,Developing,Oceania_Upper middle income
Fiji,1997,Oceania,Melanesia,Upper middle income,Developing,Oceania_Upper middle income
Fiji,1996,Oceania,Melanesia,Upper middle income,Developing,Oceania_Upper middle income
Fiji,1995,Oceania,Melanesia,Upper middle income,Developing,Oceania_Upper middle income
Fiji,1994,Oceania,Melanesia,Upper middle income,Developing,Oceania_Upper middle income
Fiji,1993,Oceania,Melanesia,Upper middle income,Developing,Oceania_Upper middle income
Fiji,1992,Oceania,Melanesia,Upper middle income,Developing,Oceania_Upper middle income
Fiji,1991,Oceania,Melanesia,Upper middle income,Developing,Oceania_Upper middle income
Fiji,1990,Oceania,Melanesia,Upper middle income,Developing,Oceania_Upper middle income
Fiji,1989,Oceania,Melanesia,Upper middle income,Developing,Oceania_Upper middle income
Fiji,1988,Oceania,Melanesia,Upper middle income,Developing,Oceania_Upper middle income
Fiji,1987,Oceania,Melanesia,Upper middle income,Developing,Oceania_Upper middle income
Fiji,1986,Oceania,Melanesia,Upper middle income,Developing,Oceania_Upper middle income
Fiji,1985,Oceania,Melanesia,Upper middle income,Developing,Oceania_Upper middle income
Fiji,1984,Oceania,Melanesia,Upper middle income,Developing,Oceania_Upper middle income
Fiji,1983,Oceania,Melanesia,Upper middle income,Developing,Oceania_Upper middle income
Fiji,1982,Oceania,Melanesia,Upper middle income,Developing,Oceania_Upper middle income
Fiji,1981,Oceania,Melanesia,Upper middle income,Developing,Oceania_Upper middle income
Fiji,1980,Oceania,Melanesia,Upper middle income,Developing,Oceania_Upper middle income
Fiji,1979,Oceania,Melanesia,Upper middle income,Developing,Oceania_Upper middle income
Fiji,1978,Oceania,Melanesia,Upper middle income,Developing,Oceania_Upper middle income
Fiji,1977,Oceania,Melanesia,Upper middle income,Developing,Oceania_Upper middle income
Fiji,1976,Oceania,Melanesia,Upper middle income,Developing,Oceania_Upper middle income
Fiji,1975,Oceania,Melanesia,Upper middle income,Developing,Oceania_Upper middle income
Fiji,1974,Oceania,Melanesia,Upper middle income,Developing,Oceania_Upper middle income
Finland,2024,Europe,Northern Europe,High income,Developed,Europe_High income
Finland,2023,Europe,Northern Europe,High income,Developed,Europe_High income
Finland,2022,Europe,Northern Europe,High income,Developed,Europe_High income
Finland,2021,Europe,Northern Europe,High income,Developed,Europe_High income
Finland,2020,Europe,Northern Europe,High income,Developed,Europe_High income
Finland,2019,Europe,Northern Europe,High income,Developed,Europe_High income
Finland,2018,Europe,Northern Europe,High income,Developed,Europe_High income
Finland,2017,Europe,Northern Europe,High income,Developed,Europe_High income
Finland,2016,Europe,Northern Europe,High income,Developed,Europe_High income
Finland,2015,Europe,Northern Europe,High income,Developed,Europe_High income
Finland,2014,Europe,Northern Europe,High income,Developed,Europe_High income
Finland,2013,Europe,Northern Europe,High income,Developed,Europe_High income
Finland,2012,Europe,Northern Europe,High income,Developed,Europe_High income
Finland,2011,Europe,Northern Europe,High income,Developed,Europe_High income
Finland,2010,Europe,Northern Europe,High income,Developed,Europe_High income
Finland,2009,Europe,Northern Europe,High income,Developed,Europe_High income
Finland,2008,Europe,Northern Europe,High income,Developed,Europe_High income
Finland,2007,Europe,Northern Europe,High income,Developed,Europe_High income
Finland,2006,Europe,Northern Europe,High income,Developed,Europe_High income
Finland,2005,Europe,Northern Europe,High income,Developed,Europe_High income
Finland,2004,Europe,Northern Europe,High income,Developed,Europe_High income
Finland,2003,Europe,Northern Europe,High income,Developed,Europe_High income
Finland,2002,Europe,Northern Europe,High income,Developed,Europe_High income
Finland,2001,Europe,Northern Europe,High income,Developed,Europe_High income
Finland,2000,Europe,Northern Europe,High income,Developed,Europe_High income
Finland,1999,Europe,Northern Europe,High income,Developed,Europe_High income
Finland,1998,Europe,Northern Europe,High income,Developed,Europe_High income
Finland,1997,Europe,Northern Europe,High income,Developed,Europe_High income
Finland,1996,Europe,Northern Europe,High income,Developed,Europe_High income
Finland,1995,Europe,Northern Europe,High income,Developed,Europe_High income
Finland,1994,Europe,Northern Europe,High income,Developed,Europe_High income
Finland,1993,Europe,Northern Europe,High income,Developed,Europe_High income
Finland,1992,Europe,Northern Europe,High income,Developed,Europe_High income
Finland,1991,Europe,Northern Europe,High income,Developed,Europe_High income
Finland,1990,Europe,Northern Europe,High income,Developed,Europe_High income
Finland,1989,Europe,Northern Europe,High income,Developed,Europe_High income
Finland,1988,Europe,Northern Europe,High income,Developed,Europe_High income
Finland,1987,Europe,Northern Europe,High income,Developed,Europe_High income
Finland,1986,Europe,Northern Europe,High income,Developed,Europe_High income
Finland,1985,Europe,Northern Europe,High income,Developed,Europe_High income
Finland,1984,Europe,Northern Europe,High income,Developed,Europe_High income
Finland,1983,Europe,Northern Europe,High income,Developed,Europe_High income
Finland,1982,Europe,Northern Europe,High income,Developed,Europe_High income
Finland,1981,Europe,Northern Europe,High income,Developed,Europe_High income
Finland,1980,Europe,Northern Europe,High income,Developed,Europe_High income
Finland,1979,Europe,Northern Europe,High income,Developed,Europe_High income
Finland,1978,Europe,Northern Europe,High income,Developed,Europe_High income
Finland,1977,Europe,Northern Europe,High income,Developed,Europe_High income
Finland,1976,Europe,Northern Europe,High income,Developed,Europe_High income
Finland,1975,Europe,Northern Europe,High income,Developed,Europe_High income
Finland,1974,Europe,Northern Europe,High income,Developed,Europe_High income
France,2024,Europe,Western Europe,High income,Developed,Europe_High income
France,2023,Europe,Western Europe,High income,Developed,Europe_High income
France,2022,Europe,Western Europe,High income,Developed,Europe_High income
France,2021,Europe,Western Europe,High income,Developed,Europe_High income
France,2020,Europe,Western Europe,High income,Developed,Europe_High income
France,2019,Europe,Western Europe,High income,Developed,Europe_High income
France,2018,Europe,Western Europe,High income,Developed,Europe_High income
France,2017,Europe,Western Europe,High income,Developed,Europe_High income
France,2016,Europe,Western Europe,High income,Developed,Europe_High income
France,2015,Europe,Western Europe,High income,Developed,Europe_High income
France,2014,Europe,Western Europe,High income,Developed,Europe_High income
France,2013,Europe,Western Europe,High income,Developed,Europe_High income
France,2012,Europe,Western Europe,High income,Developed,Europe_High income
France,2011,Europe,Western Europe,High income,Developed,Europe_High income
France,2010,Europe,Western Europe,High income,Developed,Europe_High income
France,2009,Europe,Western Europe,High income,Developed,Europe_High income
France,2008,Europe,Western Europe,High income,Developed,Europe_High income
France,2007,Europe,Western Europe,High income,Developed,Europe_High income
France,2006,Europe,Western Europe,High income,Developed,Europe_High income
France,2005,Europe,Western Europe,High income,Developed,Europe_High income
France,2004,Europe,Western Europe,High income,Developed,Europe_High income
France,2003,Europe,Western Europe,High income,Developed,Europe_High income
France,2002,Europe,Western Europe,High income,Developed,Europe_High income
France,2001,Europe,Western Europe,High income,Developed,Europe_High income
France,2000,Europe,Western Europe,High income,Developed,Europe_High income
France,1999,Europe,Western Europe,High income,Developed,Europe_High income
France,1998,Europe,Western Europe,High income,Developed,Europe_High income
France,1997,Europe,Western Europe,High income,Developed,Europe_High income
France,1996,Europe,Western Europe,High income,Developed,Europe_High income
France,1995,Europe,Western Europe,High income,Developed,Europe_High income
France,1994,Europe,Western Europe,High income,Developed,Europe_High income
France,1993,Europe,Western Europe,High income,Developed,Europe_High income
France,1992,Europe,Western Europe,High income,Developed,Europe_High income
France,1991,Europe,Western Europe,High income,Developed,Europe_High income
France,1990,Europe,Western Europe,High income,Developed,Europe_High income
France,1989,Europe,Western Europe,High income,Developed,Europe_High income
France,1988,Europe,Western Europe,High income,Developed,Europe_High income
France,1987,Europe,Western Europe,High income,Developed,Europe_High income
France,1986,Europe,Western Europe,High income,Developed,Europe_High income
France,1985,Europe,Western Europe,High income,Developed,Europe_High income
France,1984,Europe,Western Europe,High income,Developed,Europe_High income
France,1983,Europe,Western Europe,High income,Developed,Europe_High income
France,1982,Europe,Western Europe,High income,Developed,Europe_High income
France,1981,Europe,Western Europe,High income,Developed,Europe_High income
France,1980,Europe,Western Europe,High income,Developed,Europe_High income
France,1979,Europe,Western Europe,High income,Developed,Europe_High income
France,1978,Europe,Western Europe,High income,Developed,Europe_High income
France,1977,Europe,Western Europe,High income,Developed,Europe_High income
France,1976,Europe,Western Europe,High income,Developed,Europe_High income
France,1975,Europe,Western Europe,High income,Developed,Europe_High income
France,1974,Europe,Western Europe,High income,Developed,Europe_High income
French Polynesia,2024,Oceania,Polynesia,High income,Developing,Oceania_High income
French Polynesia,2023,Oceania,Polynesia,High income,Developing,Oceania_High income
French Polynesia,2022,Oceania,Polynesia,High income,Developing,Oceania_High income
French Polynesia,2021,Oceania,Polynesia,High income,Developing,Oceania_High income
French Polynesia,2020,Oceania,Polynesia,High income,Developing,Oceania_High income
French Polynesia,2019,Oceania,Polynesia,High income,Developing,Oceania_High income
French Polynesia,2018,Oceania,Polynesia,High income,Developing,Oceania_High income
French Polynesia,2017,Oceania,Polynesia,High income,Developing,Oceania_High income
French Polynesia,2016,Oceania,Polynesia,High income,Developing,Oceania_High income
French Polynesia,2015,Oceania,Polynesia,High income,Developing,Oceania_High income
French Polynesia,2014,Oceania,Polynesia,High income,Developing,Oceania_High income
French Polynesia,2013,Oceania,Polynesia,High income,Developing,Oceania_High income
French Polynesia,2012,Oceania,Polynesia,High income,Developing,Oceania_High income
French Polynesia,2011,Oceania,Polynesia,High income,Developing,Oceania_High income
French Polynesia,2010,Oceania,Polynesia,High income,Developing,Oceania_High income
French Polynesia,2009,Oceania,Polynesia,High income,Developing,Oceania_High income
French Polynesia,2008,Oceania,Polynesia,High income,Developing,Oceania_High income
French Polynesia,2007,Oceania,Polynesia,High income,Developing,Oceania_High income
French Polynesia,2006,Oceania,Polynesia,High income,Developing,Oceania_High income
French Polynesia,2005,Oceania,Polynesia,High income,Developing,Oceania_High income
French Polynesia,2004,Oceania,Polynesia,High income,Developing,Oceania_High income
French Polynesia,2003,Oceania,Polynesia,High income,Developing,Oceania_High income
French Polynesia,2002,Oceania,Polynesia,High income,Developing,Oceania_High income
French Polynesia,2001,Oceania,Polynesia,High income,Developing,Oceania_High income
French Polynesia,2000,Oceania,Polynesia,High income,Developing,Oceania_High income
French Polynesia,1999,Oceania,Polynesia,High income,Developing,Oceania_High income
French Polynesia,1998,Oceania,Polynesia,High income,Developing,Oceania_High income
French Polynesia,1997,Oceania,Polynesia,High income,Developing,Oceania_High income
French Polynesia,1996,Oceania,Polynesia,High income,Developing,Oceania_High income
French Polynesia,1995,Oceania,Polynesia,High income,Developing,Oceania_High income
French Polynesia,1994,Oceania,Polynesia,High income,Developing,Oceania_High income
French Polynesia,1993,Oceania,Polynesia,High income,Developing,Oceania_High income
French Polynesia,1992,Oceania,Polynesia,High income,Developing,Oceania_High income
French Polynesia,1991,Oceania,Polynesia,High income,Developing,Oceania_High income
French Polynesia,1990,Oceania,Polynesia,High income,Developing,Oceania_High income
French Polynesia,1989,Oceania,Polynesia,High income,Developing,Oceania_High income
French Polynesia,1988,Oceania,Polynesia,High income,Developing,Oceania_High income
French Polynesia,1987,Oceania,Polynesia,High income,Developing,Oceania_High income
French Polynesia,1986,Oceania,Polynesia,High income,Developing,Oceania_High income
French Polynesia,1985,Oceania,Polynesia,High income,Developing,Oceania_High income
French Polynesia,1984,Oceania,Polynesia,High income,Developing,Oceania_High income
French Polynesia,1983,Oceania,Polynesia,High income,Developing,Oceania_High income
French Polynesia,1982,Oceania,Polynesia,High income,Developing,Oceania_High income
French Polynesia,1981,Oceania,Polynesia,High income,Developing,Oceania_High income
French Polynesia,1980,Oceania,Polynesia,High income,Developing,Oceania_High income
French Polynesia,1979,Oceania,Polynesia,High income,Developing,Oceania_High income
French Polynesia,1978,Oceania,Polynesia,High income,Developing,Oceania_High income
French Polynesia,1977,Oceania,Polynesia,High income,Developing,Oceania_High income
French Polynesia,1976,Oceania,Polynesia,High income,Developing,Oceania_High income
French Polynesia,1975,Oceania,Polynesia,High income,Developing,Oceania_High income
French Polynesia,1974,Oceania,Polynesia,High income,Developing,Oceania_High income
Gabon,2024,Africa,Central Africa,Upper middle income,Developing,Africa_Upper middle income
Gabon,2023,Africa,Central Africa,Upper middle income,Developing,Africa_Upper middle income
Gabon,2022,Africa,Central Africa,Upper middle income,Developing,Africa_Upper middle income
Gabon,2021,Africa,Central Africa,Upper middle income,Developing,Africa_Upper middle income
Gabon,2020,Africa,Central Africa,Upper middle income,Developing,Africa_Upper middle income
Gabon,2019,Africa,Central Africa,Upper middle income,Developing,Africa_Upper middle income
Gabon,2018,Africa,Central Africa,Upper middle income,Developing,Africa_Upper middle income
Gabon,2017,Africa,Central Africa,Upper middle income,Developing,Africa_Upper middle income
Gabon,2016,Africa,Central Africa,Upper middle income,Developing,Africa_Upper middle income
Gabon,2015,Africa,Central Africa,Upper middle income,Developing,Africa_Upper middle income
Gabon,2014,Africa,Central Africa,Upper middle income,Developing,Africa_Upper middle income
Gabon,2013,Africa,Central Africa,Upper middle income,Developing,Africa_Upper middle income
Gabon,2012,Africa,Central Africa,Upper middle income,Developing,Africa_Upper middle income
Gabon,2011,Africa,Central Africa,Upper middle income,Developing,Africa_Upper middle income
Gabon,2010,Africa,Central Africa,Upper middle income,Developing,Africa_Upper middle income
Gabon,2009,Africa,Central Africa,Upper middle income,Developing,Africa_Upper middle income
Gabon,2008,Africa,Central Africa,Upper middle income,Developing,Africa_Upper middle income
Gabon,2007,Africa,Central Africa,Upper middle income,Developing,Africa_Upper middle income
Gabon,2006,Africa,Central Africa,Upper middle income,Developing,Africa_Upper middle income
Gabon,2005,Africa,Central Africa,Upper middle income,Developing,Africa_Upper middle income
Gabon,2004,Africa,Central Africa,Upper middle income,Developing,Africa_Upper middle income
Gabon,2003,Africa,Central Africa,Upper middle income,Developing,Africa_Upper middle income
Gabon,2002,Africa,Central Africa,Upper middle income,Developing,Africa_Upper middle income
Gabon,2001,Africa,Central Africa,Upper middle income,Developing,Africa_Upper middle income
Gabon,2000,Africa,Central Africa,Upper middle income,Developing,Africa_Upper middle income
Gabon,1999,Africa,Central Africa,Upper middle income,Developing,Africa_Upper middle income
Gabon,1998,Africa,Central Africa,Upper middle income,Developing,Africa_Upper middle income
Gabon,1997,Africa,Central Africa,Upper middle income,Developing,Africa_Upper middle income
Gabon,1996,Africa,Central Africa,Upper middle income,Developing,Africa_Upper middle income
Gabon,1995,Africa,Central Africa,Upper middle income,Developing,Africa_Upper middle income
Gabon,1994,Africa,Central Africa,Upper middle income,Developing,Africa_Upper middle income
Gabon,1993,Africa,Central Africa,Upper middle income,Developing,Africa_Upper middle income
Gabon,1992,Africa,Central Africa,Upper middle income,Developing,Africa_Upper middle income
Gabon,1991,Africa,Central Africa,Upper middle income,Developing,Africa_Upper middle income
Gabon,1990,Africa,Central Africa,Upper middle income,Developing,Africa_Upper middle income
Gabon,1989,Africa,Central Africa,Upper middle income,Developing,Africa_Upper middle income
Gabon,1988,Africa,Central Africa,Upper middle income,Developing,Africa_Upper middle income
Gabon,1987,Africa,Central Africa,Upper middle income,Developing,Africa_Upper middle income
Gabon,1986,Africa,Central Africa,Upper middle income,Developing,Africa_Upper middle income
Gabon,1985,Africa,Central Africa,Upper middle income,Developing,Africa_Upper middle income
Gabon,1984,Africa,Central Africa,Upper middle income,Developing,Africa_Upper middle income
Gabon,1983,Africa,Central Africa,Upper middle income,Developing,Africa_Upper middle income
Gabon,1982,Africa,Central Africa,Upper middle income,Developing,Africa_Upper middle income
Gabon,1981,Africa,Central Africa,Upper middle income,Developing,Africa_Upper middle income
Gabon,1980,Africa,Central Africa,Upper middle income,Developing,Africa_Upper middle income
Gabon,1979,Africa,Central Africa,Upper middle income,Developing,Africa_Upper middle income
Gabon,1978,Africa,Central Africa,Upper middle income,Developing,Africa_Upper middle income
Gabon,1977,Africa,Central Africa,Upper middle income,Developing,Africa_Upper middle income
Gabon,1976,Africa,Central Africa,Upper middle income,Developing,Africa_Upper middle income
Gabon,1975,Africa,Central Africa,Upper middle income,Developing,Africa_Upper middle income
Gabon,1974,Africa,Central Africa,Upper middle income,Developing,Africa_Upper middle income
"Gambia, The",2024,Africa,West Africa,Low income,Developing,Africa_Low income
"Gambia, The",2023,Africa,West Africa,Low income,Developing,Africa_Low income
"Gambia, The",2022,Africa,West Africa,Low income,Developing,Africa_Low income
"Gambia, The",2021,Africa,West Africa,Low income,Developing,Africa_Low income
"Gambia, The",2020,Africa,West Africa,Low income,Developing,Africa_Low income
"Gambia, The",2019,Africa,West Africa,Low income,Developing,Africa_Low income
"Gambia, The",2018,Africa,West Africa,Low income,Developing,Africa_Low income
"Gambia, The",2017,Africa,West Africa,Low income,Developing,Africa_Low income
"Gambia, The",2016,Africa,West Africa,Low income,Developing,Africa_Low income
"Gambia, The",2015,Africa,West Africa,Low income,Developing,Africa_Low income
"Gambia, The",2014,Africa,West Africa,Low income,Developing,Africa_Low income
"Gambia, The",2013,Africa,West Africa,Low income,Developing,Africa_Low income
"Gambia, The",2012,Africa,West Africa,Low income,Developing,Africa_Low income
"Gambia, The",2011,Africa,West Africa,Low income,Developing,Africa_Low income
"Gambia, The",2010,Africa,West Africa,Low income,Developing,Africa_Low income
"Gambia, The",2009,Africa,West Africa,Low income,Developing,Africa_Low income
"Gambia, The",2008,Africa,West Africa,Low income,Developing,Africa_Low income
"Gambia, The",2007,Africa,West Africa,Low income,Developing,Africa_Low income
"Gambia, The",2006,Africa,West Africa,Low income,Developing,Africa_Low income
"Gambia, The",2005,Africa,West Africa,Low income,Developing,Africa_Low income
"Gambia, The",2004,Africa,West Africa,Low income,Developing,Africa_Low income
"Gambia, The",2003,Africa,West Africa,Low income,Developing,Africa_Low income
"Gambia, The",2002,Africa,West Africa,Low income,Developing,Africa_Low income
"Gambia, The",2001,Africa,West Africa,Low income,Developing,Africa_Low income
"Gambia, The",2000,Africa,West Africa,Low income,Developing,Africa_Low income
"Gambia, The",1999,Africa,West Africa,Low income,Developing,Africa_Low income
"Gambia, The",1998,Africa,West Africa,Low income,Developing,Africa_Low income
"Gambia, The",1997,Africa,West Africa,Low income,Developing,Africa_Low income
"Gambia, The",1996,Africa,West Africa,Low income,Developing,Africa_Low income
"Gambia, The",1995,Africa,West Africa,Low income,Developing,Africa_Low income
"Gambia, The",1994,Africa,West Africa,Low income,Developing,Africa_Low income
"Gambia, The",1993,Africa,West Africa,Low income,Developing,Africa_Low income
"Gambia, The",1992,Africa,West Africa,Low income,Developing,Africa_Low income
"Gambia, The",1991,Africa,West Africa,Low income,Developing,Africa_Low income
"Gambia, The",1990,Africa,West Africa,Low income,Developing,Africa_Low income
"Gambia, The",1989,Africa,West Africa,Low income,Developing,Africa_Low income
"Gambia, The",1988,Africa,West Africa,Low income,Developing,Africa_Low income
"Gambia, The",1987,Africa,West Africa,Low income,Developing,Africa_Low income
"Gambia, The",1986,Africa,West Africa,Low income,Developing,Africa_Low income
"Gambia, The",1985,Africa,West Africa,Low income,Developing,Africa_Low income
"Gambia, The",1984,Africa,West Africa,Low income,Developing,Africa_Low income
"Gambia, The",1983,Africa,West Africa,Low income,Developing,Africa_Low income
"Gambia, The",1982,Africa,West Africa,Low income,Developing,Africa_Low income
"Gambia, The",1981,Africa,West Africa,Low income,Developing,Africa_Low income
"Gambia, The",1980,Africa,West Africa,Low income,Developing,Africa_Low income
"Gambia, The",1979,Africa,West Africa,Low income,Developing,Africa_Low income
"Gambia, The",1978,Africa,West Africa,Low income,Developing,Africa_Low income
"Gambia, The",1977,Africa,West Africa,Low income,Developing,Africa_Low income
"Gambia, The",1976,Africa,West Africa,Low income,Developing,Africa_Low income
"Gambia, The",1975,Africa,West Africa,Low income,Developing,Africa_Low income
"Gambia, The",1974,Africa,West Africa,Low income,Developing,Africa_Low income
Georgia,2024,Asia,Western Asia,Upper middle income,Developing,Asia_Upper middle income
Georgia,2023,Asia,Western Asia,Upper middle income,Developing,Asia_Upper middle income
Georgia,2022,Asia,Western Asia,Upper middle income,Developing,Asia_Upper middle income
Georgia,2021,Asia,Western Asia,Upper middle income,Developing,Asia_Upper middle income
Georgia,2020,Asia,Western Asia,Upper middle income,Developing,Asia_Upper middle income
Georgia,2019,Asia,Western Asia,Upper middle income,Developing,Asia_Upper middle income
Georgia,2018,Asia,Western Asia,Upper middle income,Developing,Asia_Upper middle income
Georgia,2017,Asia,Western Asia,Upper middle income,Developing,Asia_Upper middle income
Georgia,2016,Asia,Western Asia,Upper middle income,Developing,Asia_Upper middle income
Georgia,2015,Asia,Western Asia,Upper middle income,Developing,Asia_Upper middle income
Georgia,2014,Asia,Western Asia,Upper middle income,Developing,Asia_Upper middle income
Georgia,2013,Asia,Western Asia,Upper middle income,Developing,Asia_Upper middle income
Georgia,2012,Asia,Western Asia,Upper middle income,Developing,Asia_Upper middle income
Georgia,2011,Asia,Western Asia,Upper middle income,Developing,Asia_Upper middle income
Georgia,2010,Asia,Western Asia,Upper middle income,Developing,Asia_Upper middle income
Georgia,2009,Asia,Western Asia,Upper middle income,Developing,Asia_Upper middle income
Georgia,2008,Asia,Western Asia,Upper middle income,Developing,Asia_Upper middle income
Georgia,2007,Asia,Western Asia,Upper middle income,Developing,Asia_Upper middle income
Georgia,2006,Asia,Western Asia,Upper middle income,Developing,Asia_Upper middle income
Georgia,2005,Asia,Western Asia,Upper middle income,Developing,Asia_Upper middle income
Georgia,2004,Asia,Western Asia,Upper middle income,Developing,Asia_Upper middle income
Georgia,2003,Asia,Western Asia,Upper middle income,Developing,Asia_Upper middle income
Georgia,2002,Asia,Western Asia,Upper middle income,Developing,Asia_Upper middle income
Georgia,2001,Asia,Western Asia,Upper middle income,Developing,Asia_Upper middle income
Georgia,2000,Asia,Western Asia,Upper middle income,Developing,Asia_Upper middle income
Georgia,1999,Asia,Western Asia,Upper middle income,Developing,Asia_Upper middle income
Georgia,1998,Asia,Western Asia,Upper middle income,Developing,Asia_Upper middle income
Georgia,1997,Asia,Western Asia,Upper middle income,Developing,Asia_Upper middle income
Georgia,1996,Asia,Western Asia,Upper middle income,Developing,Asia_Upper middle income
Georgia,1995,Asia,Western Asia,Upper middle income,Developing,Asia_Upper middle income
Georgia,1994,Asia,Western Asia,Upper middle income,Developing,Asia_Upper middle income
Georgia,1993,Asia,Western Asia,Upper middle income,Developing,Asia_Upper middle income
Georgia,1992,Asia,Western Asia,Upper middle income,Developing,Asia_Upper middle income
Georgia,1991,Asia,Western Asia,Upper middle income,Developing,Asia_Upper middle income
Georgia,1990,Asia,Western Asia,Upper middle income,Developing,Asia_Upper middle income
Georgia,1989,Asia,Western Asia,Upper middle income,Developing,Asia_Upper middle income
Georgia,1988,Asia,Western Asia,Upper middle income,Developing,Asia_Upper middle income
Georgia,1987,Asia,Western Asia,Upper middle income,Developing,Asia_Upper middle income
Georgia,1986,Asia,Western Asia,Upper middle income,Developing,Asia_Upper middle income
Georgia,1985,Asia,Western Asia,Upper middle income,Developing,Asia_Upper middle income
Georgia,1984,Asia,Western Asia,Upper middle income,Developing,Asia_Upper middle income
Georgia,1983,Asia,Western Asia,Upper middle income,Developing,Asia_Upper middle income
Georgia,1982,Asia,Western Asia,Upper middle income,Developing,Asia_Upper middle income
Georgia,1981,Asia,Western Asia,Upper middle income,Developing,Asia_Upper middle income
Georgia,1980,Asia,Western Asia,Upper middle income,Developing,Asia_Upper middle income
Georgia,1979,Asia,Western Asia,Upper middle income,Developing,Asia_Upper middle income
Georgia,1978,Asia,Western Asia,Upper middle income,Developing,Asia_Upper middle income
Georgia,1977,Asia,Western Asia,Upper middle income,Developing,Asia_Upper middle income
Georgia,1976,Asia,Western Asia,Upper middle income,Developing,Asia_Upper middle income
Georgia,1975,Asia,Western Asia,Upper middle income,Developing,Asia_Upper middle income
Georgia,1974,Asia,Western Asia,Upper middle income,Developing,Asia_Upper middle income
Germany,2024,Europe,Western Europe,High income,Developed,Europe_High income
Germany,2023,Europe,Western Europe,High income,Developed,Europe_High income
Germany,2022,Europe,Western Europe,High income,Developed,Europe_High income
Germany,2021,Europe,Western Europe,High income,Developed,Europe_High income
Germany,2020,Europe,Western Europe,High income,Developed,Europe_High income
Germany,2019,Europe,Western Europe,High income,Developed,Europe_High income
Germany,2018,Europe,Western Europe,High income,Developed,Europe_High income
Germany,2017,Europe,Western Europe,High income,Developed,Europe_High income
Germany,2016,Europe,Western Europe,High income,Developed,Europe_High income
Germany,2015,Europe,Western Europe,High income,Developed,Europe_High income
Germany,2014,Europe,Western Europe,High income,Developed,Europe_High income
Germany,2013,Europe,Western Europe,High income,Developed,Europe_High income
Germany,2012,Europe,Western Europe,High income,Developed,Europe_High income
Germany,2011,Europe,Western Europe,High income,Developed,Europe_High income
Germany,2010,Europe,Western Europe,High income,Developed,Europe_High income
Germany,2009,Europe,Western Europe,High income,Developed,Europe_High income
Germany,2008,Europe,Western Europe,High income,Developed,Europe_High income
Germany,2007,Europe,Western Europe,High income,Developed,Europe_High income
Germany,2006,Europe,Western Europe,High income,Developed,Europe_High income
Germany,2005,Europe,Western Europe,High income,Developed,Europe_High income
Germany,2004,Europe,Western Europe,High income,Developed,Europe_High income
Germany,2003,Europe,Western Europe,High income,Developed,Europe_High income
Germany,2002,Europe,Western Europe,High income,Developed,Europe_High income
Germany,2001,Europe,Western Europe,High income,Developed,Europe_High income
Germany,2000,Europe,Western Europe,High income,Developed,Europe_High income
Germany,1999,Europe,Western Europe,High income,Developed,Europe_High income
Germany,1998,Europe,Western Europe,High income,Developed,Europe_High income
Germany,1997,Europe,Western Europe,High income,Developed,Europe_High income
Germany,1996,Europe,Western Europe,High income,Developed,Europe_High income
Germany,1995,Europe,Western Europe,High income,Developed,Europe_High income
Germany,1994,Europe,Western Europe,High income,Developed,Europe_High income
Germany,1993,Europe,Western Europe,High income,Developed,Europe_High income
Germany,1992,Europe,Western Europe,High income,Developed,Europe_High income
Germany,1991,Europe,Western Europe,High income,Developed,Europe_High income
Germany,1990,Europe,Western Europe,High income,Developed,Europe_High income
Germany,1989,Europe,Western Europe,High income,Developed,Europe_High income
Germany,1988,Europe,Western Europe,High income,Developed,Europe_High income
Germany,1987,Europe,Western Europe,High income,Developed,Europe_High income
Germany,1986,Europe,Western Europe,High income,Developed,Europe_High income
Germany,1985,Europe,Western Europe,High income,Developed,Europe_High income
Germany,1984,Europe,Western Europe,High income,Developed,Europe_High income
Germany,1983,Europe,Western Europe,High income,Developed,Europe_High income
Germany,1982,Europe,Western Europe,High income,Developed,Europe_High income
Germany,1981,Europe,Western Europe,High income,Developed,Europe_High income
Germany,1980,Europe,Western Europe,High income,Developed,Europe_High income
Germany,1979,Europe,Western Europe,High income,Developed,Europe_High income
Germany,1978,Europe,Western Europe,High income,Developed,Europe_High income
Germany,1977,Europe,Western Europe,High income,Developed,Europe_High income
Germany,1976,Europe,Western Europe,High income,Developed,Europe_High income
Germany,1975,Europe,Western Europe,High income,Developed,Europe_High income
Germany,1974,Europe,Western Europe,High income,Developed,Europe_High income
Ghana,2024,Africa,West Africa,Lower middle income,Developing,Africa_Lower middle income
Ghana,2023,Africa,West Africa,Lower middle income,Developing,Africa_Lower middle income
Ghana,2022,Africa,West Africa,Lower middle income,Developing,Africa_Lower middle income
Ghana,2021,Africa,West Africa,Lower middle income,Developing,Africa_Lower middle income
Ghana,2020,Africa,West Africa,Lower middle income,Developing,Africa_Lower middle income
Ghana,2019,Africa,West Africa,Lower middle income,Developing,Africa_Lower middle income
Ghana,2018,Africa,West Africa,Lower middle income,Developing,Africa_Lower middle income
Ghana,2017,Africa,West Africa,Lower middle income,Developing,Africa_Lower middle income
Ghana,2016,Africa,West Africa,Lower middle income,Developing,Africa_Lower middle income
Ghana,2015,Africa,West Africa,Lower middle income,Developing,Africa_Lower middle income
Ghana,2014,Africa,West Africa,Lower middle income,Developing,Africa_Lower middle income
Ghana,2013,Africa,West Africa,Lower middle income,Developing,Africa_Lower middle income
Ghana,2012,Africa,West Africa,Lower middle income,Developing,Africa_Lower middle income
Ghana,2011,Africa,West Africa,Lower middle income,Developing,Africa_Lower middle income
Ghana,2010,Africa,West Africa,Lower middle income,Developing,Africa_Lower middle income
Ghana,2009,Africa,West Africa,Lower middle income,Developing,Africa_Lower middle income
Ghana,2008,Africa,West Africa,Lower middle income,Developing,Africa_Lower middle income
Ghana,2007,Africa,West Africa,Lower middle income,Developing,Africa_Lower middle income
Ghana,2006,Africa,West Africa,Lower middle income,Developing,Africa_Lower middle income
Ghana,2005,Africa,West Africa,Lower middle income,Developing,Africa_Lower middle income
Ghana,2004,Africa,West Africa,Lower middle income,Developing,Africa_Lower middle income
Ghana,2003,Africa,West Africa,Lower middle income,Developing,Africa_Lower middle income
Ghana,2002,Africa,West Africa,Lower middle income,Developing,Africa_Lower middle income
Ghana,2001,Africa,West Africa,Lower middle income,Developing,Africa_Lower middle income
Ghana,2000,Africa,West Africa,Lower middle income,Developing,Africa_Lower middle income
Ghana,1999,Africa,West Africa,Lower middle income,Developing,Africa_Lower middle income
Ghana,1998,Africa,West Africa,Lower middle income,Developing,Africa_Lower middle income
Ghana,1997,Africa,West Africa,Lower middle income,Developing,Africa_Lower middle income
Ghana,1996,Africa,West Africa,Lower middle income,Developing,Africa_Lower middle income
Ghana,1995,Africa,West Africa,Lower middle income,Developing,Africa_Lower middle income
Ghana,1994,Africa,West Africa,Lower middle income,Developing,Africa_Lower middle income
Ghana,1993,Africa,West Africa,Lower middle income,Developing,Africa_Lower middle income
Ghana,1992,Africa,West Africa,Lower middle income,Developing,Africa_Lower middle income
Ghana,1991,Africa,West Africa,Lower middle income,Developing,Africa_Lower middle income
Ghana,1990,Africa,West Africa,Lower middle income,Developing,Africa_Lower middle income
Ghana,1989,Africa,West Africa,Lower middle income,Developing,Africa_Lower middle income
Ghana,1988,Africa,West Africa,Lower middle income,Developing,Africa_Lower middle income
Ghana,1987,Africa,West Africa,Lower middle income,Developing,Africa_Lower middle income
Ghana,1986,Africa,West Africa,Lower middle income,Developing,Africa_Lower middle income
Ghana,1985,Africa,West Africa,Lower middle income,Developing,Africa_Lower middle income
Ghana,1984,Africa,West Africa,Lower middle income,Developing,Africa_Lower middle income
Ghana,1983,Africa,West Africa,Lower middle income,Developing,Africa_Lower middle income
Ghana,1982,Africa,West Africa,Lower middle income,Developing,Africa_Lower middle income
Ghana,1981,Africa,West Africa,Lower middle income,Developing,Africa_Lower middle income
Ghana,1980,Africa,West Africa,Lower middle income,Developing,Africa_Lower middle income
Ghana,1979,Africa,West Africa,Lower middle income,Developing,Africa_Lower middle income
Ghana,1978,Africa,West Africa,Lower middle income,Developing,Africa_Lower middle income
Ghana,1977,Africa,West Africa,Lower middle income,Developing,Africa_Lower middle income
Ghana,1976,Africa,West Africa,Lower middle income,Developing,Africa_Lower middle income
Ghana,1975,Africa,West Africa,Lower middle income,Developing,Africa_Lower middle income
Ghana,1974,Africa,West Africa,Lower middle income,Developing,Africa_Lower middle income
Gibraltar,2024,Europe,Southern Europe,High income,Developed,Europe_High income
Gibraltar,2023,Europe,Southern Europe,High income,Developed,Europe_High income
Gibraltar,2022,Europe,Southern Europe,High income,Developed,Europe_High income
Gibraltar,2021,Europe,Southern Europe,High income,Developed,Europe_High income
Gibraltar,2020,Europe,Southern Europe,High income,Developed,Europe_High income
Gibraltar,2019,Europe,Southern Europe,High income,Developed,Europe_High income
Gibraltar,2018,Europe,Southern Europe,High income,Developed,Europe_High income
Gibraltar,2017,Europe,Southern Europe,High income,Developed,Europe_High income
Gibraltar,2016,Europe,Southern Europe,High income,Developed,Europe_High income
Gibraltar,2015,Europe,Southern Europe,High income,Developed,Europe_High income
Gibraltar,2014,Europe,Southern Europe,High income,Developed,Europe_High income
Gibraltar,2013,Europe,Southern Europe,High income,Developed,Europe_High income
Gibraltar,2012,Europe,Southern Europe,High income,Developed,Europe_High income
Gibraltar,2011,Europe,Southern Europe,High income,Developed,Europe_High income
Gibraltar,2010,Europe,Southern Europe,High income,Developed,Europe_High income
Gibraltar,2009,Europe,Southern Europe,High income,Developed,Europe_High income
Gibraltar,2008,Europe,Southern Europe,High income,Developed,Europe_High income
Gibraltar,2007,Europe,Southern Europe,High income,Developed,Europe_High income
Gibraltar,2006,Europe,Southern Europe,High income,Developed,Europe_High income
Gibraltar,2005,Europe,Southern Europe,High income,Developed,Europe_High income
Gibraltar,2004,Europe,Southern Europe,High income,Developed,Europe_High income
Gibraltar,2003,Europe,Southern Europe,High income,Developed,Europe_High income
Gibraltar,2002,Europe,Southern Europe,High income,Developed,Europe_High income
Gibraltar,2001,Europe,Southern Europe,High income,Developed,Europe_High income
Gibraltar,2000,Europe,Southern Europe,High income,Developed,Europe_High income
Gibraltar,1999,Europe,Southern Europe,High income,Developed,Europe_High income
Gibraltar,1998,Europe,Southern Europe,High income,Developed,Europe_High income
Gibraltar,1997,Europe,Southern Europe,High income,Developed,Europe_High income
Gibraltar,1996,Europe,Southern Europe,High income,Developed,Europe_High income
Gibraltar,1995,Europe,Southern Europe,High income,Developed,Europe_High income
Gibraltar,1994,Europe,Southern Europe,High income,Developed,Europe_High income
Gibraltar,1993,Europe,Southern Europe,High income,Developed,Europe_High income
Gibraltar,1992,Europe,Southern Europe,High income,Developed,Europe_High income
Gibraltar,1991,Europe,Southern Europe,High income,Developed,Europe_High income
Gibraltar,1990,Europe,Southern Europe,High income,Developed,Europe_High income
Gibraltar,1989,Europe,Southern Europe,High income,Developed,Europe_High income
Gibraltar,1988,Europe,Southern Europe,High income,Developed,Europe_High income
Gibraltar,1987,Europe,Southern Europe,High income,Developed,Europe_High income
Gibraltar,1986,Europe,Southern Europe,High income,Developed,Europe_High income
Gibraltar,1985,Europe,Southern Europe,High income,Developed,Europe_High income
Gibraltar,1984,Europe,Southern Europe,High income,Developed,Europe_High income
Gibraltar,1983,Europe,Southern Europe,High income,Developed,Europe_High income
Gibraltar,1982,Europe,Southern Europe,High income,Developed,Europe_High income
Gibraltar,1981,Europe,Southern Europe,High income,Developed,Europe_High income
Gibraltar,1980,Europe,Southern Europe,High income,Developed,Europe_High income
Gibraltar,1979,Europe,Southern Europe,High income,Developed,Europe_High income
Gibraltar,1978,Europe,Southern Europe,High income,Developed,Europe_High income
Gibraltar,1977,Europe,Southern Europe,High income,Developed,Europe_High income
Gibraltar,1976,Europe,Southern Europe,High income,Developed,Europe_High income
Gibraltar,1975,Europe,Southern Europe,High income,Developed,Europe_High income
Gibraltar,1974,Europe,Southern Europe,High income,Developed,Europe_High income
Greece,2024,Europe,Southern Europe,High income,Developed,Europe_High income
Greece,2023,Europe,Southern Europe,High income,Developed,Europe_High income
Greece,2022,Europe,Southern Europe,High income,Developed,Europe_High income
Greece,2021,Europe,Southern Europe,High income,Developed,Europe_High income
Greece,2020,Europe,Southern Europe,High income,Developed,Europe_High income
Greece,2019,Europe,Southern Europe,High income,Developed,Europe_High income
Greece,2018,Europe,Southern Europe,High income,Developed,Europe_High income
Greece,2017,Europe,Southern Europe,High income,Developed,Europe_High income
Greece,2016,Europe,Southern Europe,High income,Developed,Europe_High income
Greece,2015,Europe,Southern Europe,High income,Developed,Europe_High income
Greece,2014,Europe,Southern Europe,High income,Developed,Europe_High income
Greece,2013,Europe,Southern Europe,High income,Developed,Europe_High income
Greece,2012,Europe,Southern Europe,High income,Developed,Europe_High income
Greece,2011,Europe,Southern Europe,High income,Developed,Europe_High income
Greece,2010,Europe,Southern Europe,High income,Developed,Europe_High income
Greece,2009,Europe,Southern Europe,High income,Developed,Europe_High income
Greece,2008,Europe,Southern Europe,High income,Developed,Europe_High income
Greece,2007,Europe,Southern Europe,High income,Developed,Europe_High income
Greece,2006,Europe,Southern Europe,High income,Developed,Europe_High income
Greece,2005,Europe,Southern Europe,High income,Developed,Europe_High income
Greece,2004,Europe,Southern Europe,High income,Developed,Europe_High income
Greece,2003,Europe,Southern Europe,High income,Developed,Europe_High income
Greece,2002,Europe,Southern Europe,High income,Developed,Europe_High income
Greece,2001,Europe,Southern Europe,High income,Developed,Europe_High income
Greece,2000,Europe,Southern Europe,High income,Developed,Europe_High income
Greece,1999,Europe,Southern Europe,High income,Developed,Europe_High income
Greece,1998,Europe,Southern Europe,High income,Developed,Europe_High income
Greece,1997,Europe,Southern Europe,High income,Developed,Europe_High income
Greece,1996,Europe,Southern Europe,High income,Developed,Europe_High income
Greece,1995,Europe,Southern Europe,High income,Developed,Europe_High income
Greece,1994,Europe,Southern Europe,High income,Developed,Europe_High income
Greece,1993,Europe,Southern Europe,High income,Developed,Europe_High income
Greece,1992,Europe,Southern Europe,High income,Developed,Europe_High income
Greece,1991,Europe,Southern Europe,High income,Developed,Europe_High income
Greece,1990,Europe,Southern Europe,High income,Developed,Europe_High income
Greece,1989,Europe,Southern Europe,High income,Developed,Europe_High income
Greece,1988,Europe,Southern Europe,High income,Developed,Europe_High income
Greece,1987,Europe,Southern Europe,High income,Developed,Europe_High income
Greece,1986,Europe,Southern Europe,High income,Developed,Europe_High income
Greece,1985,Europe,Southern Europe,High income,Developed,Europe_High income
Greece,1984,Europe,Southern Europe,High income,Developed,Europe_High income
Greece,1983,Europe,Southern Europe,High income,Developed,Europe_High income
Greece,1982,Europe,Southern Europe,High income,Developed,Europe_High income
Greece,1981,Europe,Southern Europe,High income,Developed,Europe_High income
Greece,1980,Europe,Southern Europe,High income,Developed,Europe_High income
Greece,1979,Europe,Southern Europe,High income,Developed,Europe_High income
Greece,1978,Europe,Southern Europe,High income,Developed,Europe_High income
Greece,1977,Europe,Southern Europe,High income,Developed,Europe_High income
Greece,1976,Europe,Southern Europe,High income,Developed,Europe_High income
Greece,1975,Europe,Southern Europe,High income,Developed,Europe_High income
Greece,1974,Europe,Southern Europe,High income,Developed,Europe_High income
Greenland,2024,North America,North America,High income,Developed,North America_High income
Greenland,2023,North America,North America,High income,Developed,North America_High income
Greenland,2022,North America,North America,High income,Developed,North America_High income
Greenland,2021,North America,North America,High income,Developed,North America_High income
Greenland,2020,North America,North America,High income,Developed,North America_High income
Greenland,2019,North America,North America,High income,Developed,North America_High income
Greenland,2018,North America,North America,High income,Developed,North America_High income
Greenland,2017,North America,North America,High income,Developed,North America_High income
Greenland,2016,North America,North America,High income,Developed,North America_High income
Greenland,2015,North America,North America,High income,Developed,North America_High income
Greenland,2014,North America,North America,High income,Developed,North America_High income
Greenland,2013,North America,North America,High income,Developed,North America_High income
Greenland,2012,North America,North America,High income,Developed,North America_High income
Greenland,2011,North America,North America,High income,Developed,North America_High income
Greenland,2010,North America,North America,High income,Developed,North America_High income
Greenland,2009,North America,North America,High income,Developed,North America_High income
Greenland,2008,North America,North America,High income,Developed,North America_High income
Greenland,2007,North America,North America,High income,Developed,North America_High income
Greenland,2006,North America,North America,High income,Developed,North America_High income
Greenland,2005,North America,North America,High income,Developed,North America_High income
Greenland,2004,North America,North America,High income,Developed,North America_High income
Greenland,2003,North America,North America,High income,Developed,North America_High income
Greenland,2002,North America,North America,High income,Developed,North America_High income
Greenland,2001,North America,North America,High income,Developed,North America_High income
Greenland,2000,North America,North America,High income,Developed,North America_High income
Greenland,1999,North America,North America,High income,Developed,North America_High income
Greenland,1998,North America,North America,High income,Developed,North America_High income
Greenland,1997,North America,North America,High income,Developed,North America_High income
Greenland,1996,North America,North America,High income,Developed,North America_High income
Greenland,1995,North America,North America,High income,Developed,North America_High income
Greenland,1994,North America,North America,High income,Developed,North America_High income
Greenland,1993,North America,North America,High income,Developed,North America_High income
Greenland,1992,North America,North America,High income,Developed,North America_High income
Greenland,1991,North America,North America,High income,Developed,North America_High income
Greenland,1990,North America,North America,High income,Developed,North America_High income
Greenland,1989,North America,North America,High income,Developed,North America_High income
Greenland,1988,North America,North America,High income,Developed,North America_High income
Greenland,1987,North America,North America,High income,Developed,North America_High income
Greenland,1986,North America,North America,High income,Developed,North America_High income
Greenland,1985,North America,North America,High income,Developed,North America_High income
Greenland,1984,North America,North America,High income,Developed,North America_High income
Greenland,1983,North America,North America,High income,Developed,North America_High income
Greenland,1982,North America,North America,High income,Developed,North America_High income
Greenland,1981,North America,North America,High income,Developed,North America_High income
Greenland,1980,North America,North America,High income,Developed,North America_High income
Greenland,1979,North America,North America,High income,Developed,North America_High income
Greenland,1978,North America,North America,High income,Developed,North America_High income
Greenland,1977,North America,North America,High income,Developed,North America_High income
Greenland,1976,North America,North America,High income,Developed,North America_High income
Greenland,1975,North America,North America,High income,Developed,North America_High income
Greenland,1974,North America,North America,High income,Developed,North America_High income
Grenada,2024,North America,Caribbean,Upper middle income,Developing,North America_Upper middle income
Grenada,2023,North America,Caribbean,Upper middle income,Developing,North America_Upper middle income
Grenada,2022,North America,Caribbean,Upper middle income,Developing,North America_Upper middle income
Grenada,2021,North America,Caribbean,Upper middle income,Developing,North America_Upper middle income
Grenada,2020,North America,Caribbean,Upper middle income,Developing,North America_Upper middle income
Grenada,2019,North America,Caribbean,Upper middle income,Developing,North America_Upper middle income
Grenada,2018,North America,Caribbean,Upper middle income,Developing,North America_Upper middle income
Grenada,2017,North America,Caribbean,Upper middle income,Developing,North America_Upper middle income
Grenada,2016,North America,Caribbean,Upper middle income,Developing,North America_Upper middle income
Grenada,2015,North America,Caribbean,Upper middle income,Developing,North America_Upper middle income
Grenada,2014,North America,Caribbean,Upper middle income,Developing,North America_Upper middle income
Grenada,2013,North America,Caribbean,Upper middle income,Developing,North America_Upper middle income
Grenada,2012,North America,Caribbean,Upper middle income,Developing,North America_Upper middle income
Grenada,2011,North America,Caribbean,Upper middle income,Developing,North America_Upper middle income
Grenada,2010,North America,Caribbean,Upper middle income,Developing,North America_Upper middle income
Grenada,2009,North America,Caribbean,Upper middle income,Developing,North America_Upper middle income
Grenada,2008,North America,Caribbean,Upper middle income,Developing,North America_Upper middle income
Grenada,2007,North America,Caribbean,Upper middle income,Developing,North America_Upper middle income
Grenada,2006,North America,Caribbean,Upper middle income,Developing,North America_Upper middle income
Grenada,2005,North America,Caribbean,Upper middle income,Developing,North America_Upper middle income
Grenada,2004,North America,Caribbean,Upper middle income,Developing,North America_Upper middle income
Grenada,2003,North America,Caribbean,Upper middle income,Developing,North America_Upper middle income
Grenada,2002,North America,Caribbean,Upper middle income,Developing,North America_Upper middle income
Grenada,2001,North America,Caribbean,Upper middle income,Developing,North America_Upper middle income
Grenada,2000,North America,Caribbean,Upper middle income,Developing,North America_Upper middle income
Grenada,1999,North America,Caribbean,Upper middle income,Developing,North America_Upper middle income
Grenada,1998,North America,Caribbean,Upper middle income,Developing,North America_Upper middle income
Grenada,1997,North America,Caribbean,Upper middle income,Developing,North America_Upper middle income
Grenada,1996,North America,Caribbean,Upper middle income,Developing,North America_Upper middle income
Grenada,1995,North America,Caribbean,Upper middle income,Developing,North America_Upper middle income
Grenada,1994,North America,Caribbean,Upper middle income,Developing,North America_Upper middle income
Grenada,1993,North America,Caribbean,Upper middle income,Developing,North America_Upper middle income
Grenada,1992,North America,Caribbean,Upper middle income,Developing,North America_Upper middle income
Grenada,1991,North America,Caribbean,Upper middle income,Developing,North America_Upper middle income
Grenada,1990,North America,Caribbean,Upper middle income,Developing,North America_Upper middle income
Grenada,1989,North America,Caribbean,Upper middle income,Developing,North America_Upper middle income
Grenada,1988,North America,Caribbean,Upper middle income,Developing,North America_Upper middle income
Grenada,1987,North America,Caribbean,Upper middle income,Developing,North America_Upper middle income
Grenada,1986,North America,Caribbean,Upper middle income,Developing,North America_Upper middle income
Grenada,1985,North America,Caribbean,Upper middle income,Developing,North America_Upper middle income
Grenada,1984,North America,Caribbean,Upper middle income,Developing,North America_Upper middle income
Grenada,1983,North America,Caribbean,Upper middle income,Developing,North America_Upper middle income
Grenada,1982,North America,Caribbean,Upper middle income,Developing,North America_Upper middle income
Grenada,1981,North America,Caribbean,Upper middle income,Developing,North America_Upper middle income
Grenada,1980,North America,Caribbean,Upper middle income,Developing,North America_Upper middle income
Grenada,1979,North America,Caribbean,Upper middle income,Developing,North America_Upper middle income
Grenada,1978,North America,Caribbean,Upper middle income,Developing,North America_Upper middle income
Grenada,1977,North America,Caribbean,Upper middle income,Developing,North America_Upper middle income
Grenada,1976,North America,Caribbean,Upper middle income,Developing,North America_Upper middle income
Grenada,1975,North America,Caribbean,Upper middle income,Developing,North America_Upper middle income
Grenada,1974,North America,Caribbean,Upper middle income,Developing,North America_Upper middle income
Guam,2024,Oceania,Micronesia,High income,Developing,Oceania_High income
Guam,2023,Oceania,Micronesia,High income,Developing,Oceania_High income
Guam,2022,Oceania,Micronesia,High income,Developing,Oceania_High income
Guam,2021,Oceania,Micronesia,High income,Developing,Oceania_High income
Guam,2020,Oceania,Micronesia,High income,Developing,Oceania_High income
Guam,2019,Oceania,Micronesia,High income,Developing,Oceania_High income
Guam,2018,Oceania,Micronesia,High income,Developing,Oceania_High income
Guam,2017,Oceania,Micronesia,High income,Developing,Oceania_High income
Guam,2016,Oceania,Micronesia,High income,Developing,Oceania_High income
Guam,2015,Oceania,Micronesia,High income,Developing,Oceania_High income
Guam,2014,Oceania,Micronesia,High income,Developing,Oceania_High income
Guam,2013,Oceania,Micronesia,High income,Developing,Oceania_High income
Guam,2012,Oceania,Micronesia,High income,Developing,Oceania_High income
Guam,2011,Oceania,Micronesia,High income,Developing,Oceania_High income
Guam,2010,Oceania,Micronesia,High income,Developing,Oceania_High income
Guam,2009,Oceania,Micronesia,High income,Developing,Oceania_High income
Guam,2008,Oceania,Micronesia,High income,Developing,Oceania_High income
Guam,2007,Oceania,Micronesia,High income,Developing,Oceania_High income
Guam,2006,Oceania,Micronesia,High income,Developing,Oceania_High income
Guam,2005,Oceania,Micronesia,High income,Developing,Oceania_High income
Guam,2004,Oceania,Micronesia,High income,Developing,Oceania_High income
Guam,2003,Oceania,Micronesia,High income,Developing,Oceania_High income
Guam,2002,Oceania,Micronesia,High income,Developing,Oceania_High income
Guam,2001,Oceania,Micronesia,High income,Developing,Oceania_High income
Guam,2000,Oceania,Micronesia,High income,Developing,Oceania_High income
Guam,1999,Oceania,Micronesia,High income,Developing,Oceania_High income
Guam,1998,Oceania,Micronesia,High income,Developing,Oceania_High income
Guam,1997,Oceania,Micronesia,High income,Developing,Oceania_High income
Guam,1996,Oceania,Micronesia,High income,Developing,Oceania_High income
Guam,1995,Oceania,Micronesia,High income,Developing,Oceania_High income
Guam,1994,Oceania,Micronesia,High income,Developing,Oceania_High income
Guam,1993,Oceania,Micronesia,High income,Developing,Oceania_High income
Guam,1992,Oceania,Micronesia,High income,Developing,Oceania_High income
Guam,1991,Oceania,Micronesia,High income,Developing,Oceania_High income
Guam,1990,Oceania,Micronesia,High income,Developing,Oceania_High income
Guam,1989,Oceania,Micronesia,High income,Developing,Oceania_High income
Guam,1988,Oceania,Micronesia,High income,Developing,Oceania_High income
Guam,1987,Oceania,Micronesia,High income,Developing,Oceania_High income
Guam,1986,Oceania,Micronesia,High income,Developing,Oceania_High income
Guam,1985,Oceania,Micronesia,High income,Developing,Oceania_High income
Guam,1984,Oceania,Micronesia,High income,Developing,Oceania_High income
Guam,1983,Oceania,Micronesia,High income,Developing,Oceania_High income
Guam,1982,Oceania,Micronesia,High income,Developing,Oceania_High income
Guam,1981,Oceania,Micronesia,High income,Developing,Oceania_High income
Guam,1980,Oceania,Micronesia,High income,Developing,Oceania_High income
Guam,1979,Oceania,Micronesia,High income,Developing,Oceania_High income
Guam,1978,Oceania,Micronesia,High income,Developing,Oceania_High income
Guam,1977,Oceania,Micronesia,High income,Developing,Oceania_High income
Guam,1976,Oceania,Micronesia,High income,Developing,Oceania_High income
Guam,1975,Oceania,Micronesia,High income,Developing,Oceania_High income
Guam,1974,Oceania,Micronesia,High income,Developing,Oceania_High income
Guatemala,2024,North America,Central America,Upper middle income,Developing,North America_Upper middle income
Guatemala,2023,North America,Central America,Upper middle income,Developing,North America_Upper middle income
Guatemala,2022,North America,Central America,Upper middle income,Developing,North America_Upper middle income
Guatemala,2021,North America,Central America,Upper middle income,Developing,North America_Upper middle income
Guatemala,2020,North America,Central America,Upper middle income,Developing,North America_Upper middle income
Guatemala,2019,North America,Central America,Upper middle income,Developing,North America_Upper middle income
Guatemala,2018,North America,Central America,Upper middle income,Developing,North America_Upper middle income
Guatemala,2017,North America,Central America,Upper middle income,Developing,North America_Upper middle income
Guatemala,2016,North America,Central America,Upper middle income,Developing,North America_Upper middle income
Guatemala,2015,North America,Central America,Upper middle income,Developing,North America_Upper middle income
Guatemala,2014,North America,Central America,Upper middle income,Developing,North America_Upper middle income
Guatemala,2013,North America,Central America,Upper middle income,Developing,North America_Upper middle income
Guatemala,2012,North America,Central America,Upper middle income,Developing,North America_Upper middle income
Guatemala,2011,North America,Central America,Upper middle income,Developing,North America_Upper middle income
Guatemala,2010,North America,Central America,Upper middle income,Developing,North America_Upper middle income
Guatemala,2009,North America,Central America,Upper middle income,Developing,North America_Upper middle income
Guatemala,2008,North America,Central America,Upper middle income,Developing,North America_Upper middle income
Guatemala,2007,North America,Central America,Upper middle income,Developing,North America_Upper middle income
Guatemala,2006,North America,Central America,Upper middle income,Developing,North America_Upper middle income
Guatemala,2005,North America,Central America,Upper middle income,Developing,North America_Upper middle income
Guatemala,2004,North America,Central America,Upper middle income,Developing,North America_Upper middle income
Guatemala,2003,North America,Central America,Upper middle income,Developing,North America_Upper middle income
Guatemala,2002,North America,Central America,Upper middle income,Developing,North America_Upper middle income
Guatemala,2001,North America,Central America,Upper middle income,Developing,North America_Upper middle income
Guatemala,2000,North America,Central America,Upper middle income,Developing,North America_Upper middle income
Guatemala,1999,North America,Central America,Upper middle income,Developing,North America_Upper middle income
Guatemala,1998,North America,Central America,Upper middle income,Developing,North America_Upper middle income
Guatemala,1997,North America,Central America,Upper middle income,Developing,North America_Upper middle income
Guatemala,1996,North America,Central America,Upper middle income,Developing,North America_Upper middle income
Guatemala,1995,North America,Central America,Upper middle income,Developing,North America_Upper middle income
Guatemala,1994,North America,Central America,Upper middle income,Developing,North America_Upper middle income
Guatemala,1993,North America,Central America,Upper middle income,Developing,North America_Upper middle income
Guatemala,1992,North America,Central America,Upper middle income,Developing,North America_Upper middle income
Guatemala,1991,North America,Central America,Upper middle income,Developing,North America_Upper middle income
Guatemala,1990,North America,Central America,Upper middle income,Developing,North America_Upper middle income
Guatemala,1989,North America,Central America,Upper middle income,Developing,North America_Upper middle income
Guatemala,1988,North America,Central America,Upper middle income,Developing,North America_Upper middle income
Guatemala,1987,North America,Central America,Upper middle income,Developing,North America_Upper middle income
Guatemala,1986,North America,Central America,Upper middle income,Developing,North America_Upper middle income
Guatemala,1985,North America,Central America,Upper middle income,Developing,North America_Upper middle income
Guatemala,1984,North America,Central America,Upper middle income,Developing,North America_Upper middle income
Guatemala,1983,North America,Central America,Upper middle income,Developing,North America_Upper middle income
Guatemala,1982,North America,Central America,Upper middle income,Developing,North America_Upper middle income
Guatemala,1981,North America,Central America,Upper middle income,Developing,North America_Upper middle income
Guatemala,1980,North America,Central America,Upper middle income,Developing,North America_Upper middle income
Guatemala,1979,North America,Central America,Upper middle income,Developing,North America_Upper middle income
Guatemala,1978,North America,Central America,Upper middle income,Developing,North America_Upper middle income
Guatemala,1977,North America,Central America,Upper middle income,Developing,North America_Upper middle income
Guatemala,1976,North America,Central America,Upper middle income,Developing,North America_Upper middle income
Guatemala,1975,North America,Central America,Upper middle income,Developing,North America_Upper middle income
Guatemala,1974,North America,Central America,Upper middle income,Developing,North America_Upper middle income
Guinea,2024,Africa,West Africa,Low income,Developing,Africa_Low income
Guinea,2023,Africa,West Africa,Low income,Developing,Africa_Low income
Guinea,2022,Africa,West Africa,Low income,Developing,Africa_Low income
Guinea,2021,Africa,West Africa,Low income,Developing,Africa_Low income
Guinea,2020,Africa,West Africa,Low income,Developing,Africa_Low income
Guinea,2019,Africa,West Africa,Low income,Developing,Africa_Low income
Guinea,2018,Africa,West Africa,Low income,Developing,Africa_Low income
Guinea,2017,Africa,West Africa,Low income,Developing,Africa_Low income
Guinea,2016,Africa,West Africa,Low income,Developing,Africa_Low income
Guinea,2015,Africa,West Africa,Low income,Developing,Africa_Low income
Guinea,2014,Africa,West Africa,Low income,Developing,Africa_Low income
Guinea,2013,Africa,West Africa,Low income,Developing,Africa_Low income
Guinea,2012,Africa,West Africa,Low income,Developing,Africa_Low income
Guinea,2011,Africa,West Africa,Low income,Developing,Africa_Low income
Guinea,2010,Africa,West Africa,Low income,Developing,Africa_Low income
Guinea,2009,Africa,West Africa,Low income,Developing,Africa_Low income
Guinea,2008,Africa,West Africa,Low income,Developing,Africa_Low income
Guinea,2007,Africa,West Africa,Low income,Developing,Africa_Low income
Guinea,2006,Africa,West Africa,Low income,Developing,Africa_Low income
Guinea,2005,Africa,West Africa,Low income,Developing,Africa_Low income
Guinea,2004,Africa,West Africa,Low income,Developing,Africa_Low income
Guinea,2003,Africa,West Africa,Low income,Developing,Africa_Low income
Guinea,2002,Africa,West Africa,Low income,Developing,Africa_Low income
Guinea,2001,Africa,West Africa,Low income,Developing,Africa_Low income
Guinea,2000,Africa,West Africa,Low income,Developing,Africa_Low income
Guinea,1999,Africa,West Africa,Low income,Developing,Africa_Low income
Guinea,1998,Africa,West Africa,Low income,Developing,Africa_Low income
Guinea,1997,Africa,West Africa,Low income,Developing,Africa_Low income
Guinea,1996,Africa,West Africa,Low income,Developing,Africa_Low income
Guinea,1995,Africa,West Africa,Low income,Developing,Africa_Low income
Guinea,1994,Africa,West Africa,Low income,Developing,Africa_Low income
Guinea,1993,Africa,West Africa,Low income,Developing,Africa_Low income
Guinea,1992,Africa,West Africa,Low income,Developing,Africa_Low income
Guinea,1991,Africa,West Africa,Low income,Developing,Africa_Low income
Guinea,1990,Africa,West Africa,Low income,Developing,Africa_Low income
Guinea,1989,Africa,West Africa,Low income,Developing,Africa_Low income
Guinea,1988,Africa,West Africa,Low income,Developing,Africa_Low income
Guinea,1987,Africa,West Africa,Low income,Developing,Africa_Low income
Guinea,1986,Africa,West Africa,Low income,Developing,Africa_Low income
Guinea,1985,Africa,West Africa,Low income,Developing,Africa_Low income
Guinea,1984,Africa,West Africa,Low income,Developing,Africa_Low income
Guinea,1983,Africa,West Africa,Low income,Developing,Africa_Low income
Guinea,1982,Africa,West Africa,Low income,Developing,Africa_Low income
Guinea,1981,Africa,West Africa,Low income,Developing,Africa_Low income
Guinea,1980,Africa,West Africa,Low income,Developing,Africa_Low income
Guinea,1979,Africa,West Africa,Low income,Developing,Africa_Low income
Guinea,1978,Africa,West Africa,Low income,Developing,Africa_Low income
Guinea,1977,Africa,West Africa,Low income,Developing,Africa_Low income
Guinea,1976,Africa,West Africa,Low income,Developing,Africa_Low income
Guinea,1975,Africa,West Africa,Low income,Developing,Africa_Low income
Guinea,1974,Africa,West Africa,Low income,Developing,Africa_Low income
Guinea-Bissau,2024,Africa,West Africa,Low income,Developing,Africa_Low income
Guinea-Bissau,2023,Africa,West Africa,Low income,Developing,Africa_Low income
Guinea-Bissau,2022,Africa,West Africa,Low income,Developing,Africa_Low income
Guinea-Bissau,2021,Africa,West Africa,Low income,Developing,Africa_Low income
Guinea-Bissau,2020,Africa,West Africa,Low income,Developing,Africa_Low income
Guinea-Bissau,2019,Africa,West Africa,Low income,Developing,Africa_Low income
Guinea-Bissau,2018,Africa,West Africa,Low income,Developing,Africa_Low income
Guinea-Bissau,2017,Africa,West Africa,Low income,Developing,Africa_Low income
Guinea-Bissau,2016,Africa,West Africa,Low income,Developing,Africa_Low income
Guinea-Bissau,2015,Africa,West Africa,Low income,Developing,Africa_Low income
Guinea-Bissau,2014,Africa,West Africa,Low income,Developing,Africa_Low income
Guinea-Bissau,2013,Africa,West Africa,Low income,Developing,Africa_Low income
Guinea-Bissau,2012,Africa,West Africa,Low income,Developing,Africa_Low income
Guinea-Bissau,2011,Africa,West Africa,Low income,Developing,Africa_Low income
Guinea-Bissau,2010,Africa,West Africa,Low income,Developing,Africa_Low income
Guinea-Bissau,2009,Africa,West Africa,Low income,Developing,Africa_Low income
Guinea-Bissau,2008,Africa,West Africa,Low income,Developing,Africa_Low income
Guinea-Bissau,2007,Africa,West Africa,Low income,Developing,Africa_Low income
Guinea-Bissau,2006,Africa,West Africa,Low income,Developing,Africa_Low income
Guinea-Bissau,2005,Africa,West Africa,Low income,Developing,Africa_Low income
Guinea-Bissau,2004,Africa,West Africa,Low income,Developing,Africa_Low income
Guinea-Bissau,2003,Africa,West Africa,Low income,Developing,Africa_Low income
Guinea-Bissau,2002,Africa,West Africa,Low income,Developing,Africa_Low income
Guinea-Bissau,2001,Africa,West Africa,Low income,Developing,Africa_Low income
Guinea-Bissau,2000,Africa,West Africa,Low income,Developing,Africa_Low income
Guinea-Bissau,1999,Africa,West Africa,Low income,Developing,Africa_Low income
Guinea-Bissau,1998,Africa,West Africa,Low income,Developing,Africa_Low income
Guinea-Bissau,1997,Africa,West Africa,Low income,Developing,Africa_Low income
Guinea-Bissau,1996,Africa,West Africa,Low income,Developing,Africa_Low income
Guinea-Bissau,1995,Africa,West Africa,Low income,Developing,Africa_Low income
Guinea-Bissau,1994,Africa,West Africa,Low income,Developing,Africa_Low income
Guinea-Bissau,1993,Africa,West Africa,Low income,Developing,Africa_Low income
Guinea-Bissau,1992,Africa,West Africa,Low income,Developing,Africa_Low income
Guinea-Bissau,1991,Africa,West Africa,Low income,Developing,Africa_Low income
Guinea-Bissau,1990,Africa,West Africa,Low income,Developing,Africa_Low income
Guinea-Bissau,1989,Africa,West Africa,Low income,Developing,Africa_Low income
Guinea-Bissau,1988,Africa,West Africa,Low income,Developing,Africa_Low income
Guinea-Bissau,1987,Africa,West Africa,Low income,Developing,Africa_Low income
Guinea-Bissau,1986,Africa,West Africa,Low income,Developing,Africa_Low income
Guinea-Bissau,1985,Africa,West Africa,Low income,Developing,Africa_Low income
Guinea-Bissau,1984,Africa,West Africa,Low income,Developing,Africa_Low income
Guinea-Bissau,1983,Africa,West Africa,Low income,Developing,Africa_Low income
Guinea-Bissau,1982,Africa,West Africa,Low income,Developing,Africa_Low income
Guinea-Bissau,1981,Africa,West Africa,Low income,Developing,Africa_Low income
Guinea-Bissau,1980,Africa,West Africa,Low income,Developing,Africa_Low income
Guinea-Bissau,1979,Africa,West Africa,Low income,Developing,Africa_Low income
Guinea-Bissau,1978,Africa,West Africa,Low income,Developing,Africa_Low income
Guinea-Bissau,1977,Africa,West Africa,Low income,Developing,Africa_Low income
Guinea-Bissau,1976,Africa,West Africa,Low income,Developing,Africa_Low income
Guinea-Bissau,1975,Africa,West Africa,Low income,Developing,Africa_Low income
Guinea-Bissau,1974,Africa,West Africa,Low income,Developing,Africa_Low income
Guyana,2024,South America,South America,Upper middle income,Developing,South America_Upper middle income
Guyana,2023,South America,South America,Upper middle income,Developing,South America_Upper middle income
Guyana,2022,South America,South America,Upper middle income,Developing,South America_Upper middle income
Guyana,2021,South America,South America,Upper middle income,Developing,South America_Upper middle income
Guyana,2020,South America,South America,Upper middle income,Developing,South America_Upper middle income
Guyana,2019,South America,South America,Upper middle income,Developing,South America_Upper middle income
Guyana,2018,South America,South America,Upper middle income,Developing,South America_Upper middle income
Guyana,2017,South America,South America,Upper middle income,Developing,South America_Upper middle income
Guyana,2016,South America,South America,Upper middle income,Developing,South America_Upper middle income
Guyana,2015,South America,South America,Upper middle income,Developing,South America_Upper middle income
Guyana,2014,South America,South America,Upper middle income,Developing,South America_Upper middle income
Guyana,2013,South America,South America,Upper middle income,Developing,South America_Upper middle income
Guyana,2012,South America,South America,Upper middle income,Developing,South America_Upper middle income
Guyana,2011,South America,South America,Upper middle income,Developing,South America_Upper middle income
Guyana,2010,South America,South America,Upper middle income,Developing,South America_Upper middle income
Guyana,2009,South America,South America,Upper middle income,Developing,South America_Upper middle income
Guyana,2008,South America,South America,Upper middle income,Developing,South America_Upper middle income
Guyana,2007,South America,South America,Upper middle income,Developing,South America_Upper middle income
Guyana,2006,South America,South America,Upper middle income,Developing,South America_Upper middle income
Guyana,2005,South America,South America,Upper middle income,Developing,South America_Upper middle income
Guyana,2004,South America,South America,Upper middle income,Developing,South America_Upper middle income
Guyana,2003,South America,South America,Upper middle income,Developing,South America_Upper middle income
Guyana,2002,South America,South America,Upper middle income,Developing,South America_Upper middle income
Guyana,2001,South America,South America,Upper middle income,Developing,South America_Upper middle income
Guyana,2000,South America,South America,Upper middle income,Developing,South America_Upper middle income
Guyana,1999,South America,South America,Upper middle income,Developing,South America_Upper middle income
Guyana,1998,South America,South America,Upper middle income,Developing,South America_Upper middle income
Guyana,1997,South America,South America,Upper middle income,Developing,South America_Upper middle income
Guyana,1996,South America,South America,Upper middle income,Developing,South America_Upper middle income
Guyana,1995,South America,South America,Upper middle income,Developing,South America_Upper middle income
Guyana,1994,South America,South America,Upper middle income,Developing,South America_Upper middle income
Guyana,1993,South America,South America,Upper middle income,Developing,South America_Upper middle income
Guyana,1992,South America,South America,Upper middle income,Developing,South America_Upper middle income
Guyana,1991,South America,South America,Upper middle income,Developing,South America_Upper middle income
Guyana,1990,South America,South America,Upper middle income,Developing,South America_Upper middle income
Guyana,1989,South America,South America,Upper middle income,Developing,South America_Upper middle income
Guyana,1988,South America,South America,Upper middle income,Developing,South America_Upper middle income
Guyana,1987,South America,South America,Upper middle income,Developing,South America_Upper middle income
Guyana,1986,South America,South America,Upper middle income,Developing,South America_Upper middle income
Guyana,1985,South America,South America,Upper middle income,Developing,South America_Upper middle income
Guyana,1984,South America,South America,Upper middle income,Developing,South America_Upper middle income
Guyana,1983,South America,South America,Upper middle income,Developing,South America_Upper middle income
Guyana,1982,South America,South America,Upper middle income,Developing,South America_Upper middle income
Guyana,1981,South America,South America,Upper middle income,Developing,South America_Upper middle income
Guyana,1980,South America,South America,Upper middle income,Developing,South America_Upper middle income
Guyana,1979,South America,South America,Upper middle income,Developing,South America_Upper middle income
Guyana,1978,South America,South America,Upper middle income,Developing,South America_Upper middle income
Guyana,1977,South America,South America,Upper middle income,Developing,South America_Upper middle income
Guyana,1976,South America,South America,Upper middle income,Developing,South America_Upper middle income
Guyana,1975,South America,South America,Upper middle income,Developing,South America_Upper middle income
Guyana,1974,South America,South America,Upper middle income,Developing,South America_Upper middle income
Haiti,2024,North America,Caribbean,Low income,Developing,North America_Low income
Haiti,2023,North America,Caribbean,Low income,Developing,North America_Low income
Haiti,2022,North America,Caribbean,Low income,Developing,North America_Low income
Haiti,2021,North America,Caribbean,Low income,Developing,North America_Low income
Haiti,2020,North America,Caribbean,Low income,Developing,North America_Low income
Haiti,2019,North America,Caribbean,Low income,Developing,North America_Low income
Haiti,2018,North America,Caribbean,Low income,Developing,North America_Low income
Haiti,2017,North America,Caribbean,Low income,Developing,North America_Low income
Haiti,2016,North America,Caribbean,Low income,Developing,North America_Low income
Haiti,2015,North America,Caribbean,Low income,Developing,North America_Low income
Haiti,2014,North America,Caribbean,Low income,Developing,North America_Low income
Haiti,2013,North America,Caribbean,Low income,Developing,North America_Low income
Haiti,2012,North America,Caribbean,Low income,Developing,North America_Low income
Haiti,2011,North America,Caribbean,Low income,Developing,North America_Low income
Haiti,2010,North America,Caribbean,Low income,Developing,North America_Low income
Haiti,2009,North America,Caribbean,Low income,Developing,North America_Low income
Haiti,2008,North America,Caribbean,Low income,Developing,North America_Low income
Haiti,2007,North America,Caribbean,Low income,Developing,North America_Low income
Haiti,2006,North America,Caribbean,Low income,Developing,North America_Low income
Haiti,2005,North America,Caribbean,Low income,Developing,North America_Low income
Haiti,2004,North America,Caribbean,Low income,Developing,North America_Low income
Haiti,2003,North America,Caribbean,Low income,Developing,North America_Low income
Haiti,2002,North America,Caribbean,Low income,Developing,North America_Low income
Haiti,2001,North America,Caribbean,Low income,Developing,North America_Low income
Haiti,2000,North America,Caribbean,Low income,Developing,North America_Low income
Haiti,1999,North America,Caribbean,Low income,Developing,North America_Low income
Haiti,1998,North America,Caribbean,Low income,Developing,North America_Low income
Haiti,1997,North America,Caribbean,Low income,Developing,North America_Low income
Haiti,1996,North America,Caribbean,Low income,Developing,North America_Low income
Haiti,1995,North America,Caribbean,Low income,Developing,North America_Low income
Haiti,1994,North America,Caribbean,Low income,Developing,North America_Low income
Haiti,1993,North America,Caribbean,Low income,Developing,North America_Low income
Haiti,1992,North America,Caribbean,Low income,Developing,North America_Low income
Haiti,1991,North America,Caribbean,Low income,Developing,North America_Low income
Haiti,1990,North America,Caribbean,Low income,Developing,North America_Low income
Haiti,1989,North America,Caribbean,Low income,Developing,North America_Low income
Haiti,1988,North America,Caribbean,Low income,Developing,North America_Low income
Haiti,1987,North America,Caribbean,Low income,Developing,North America_Low income
Haiti,1986,North America,Caribbean,Low income,Developing,North America_Low income
Haiti,1985,North America,Caribbean,Low income,Developing,North America_Low income
Haiti,1984,North America,Caribbean,Low income,Developing,North America_Low income
Haiti,1983,North America,Caribbean,Low income,Developing,North America_Low income
Haiti,1982,North America,Caribbean,Low income,Developing,North America_Low income
Haiti,1981,North America,Caribbean,Low income,Developing,North America_Low income
Haiti,1980,North America,Caribbean,Low income,Developing,North America_Low income
Haiti,1979,North America,Caribbean,Low income,Developing,North America_Low income
Haiti,1978,North America,Caribbean,Low income,Developing,North America_Low income
Haiti,1977,North America,Caribbean,Low income,Developing,North America_Low income
Haiti,1976,North America,Caribbean,Low income,Developing,North America_Low income
Haiti,1975,North America,Caribbean,Low income,Developing,North America_Low income
Haiti,1974,North America,Caribbean,Low income,Developing,North America_Low income
Honduras,2024,North America,Central America,Lower middle income,Developing,North America_Lower middle income
Honduras,2023,North America,Central America,Lower middle income,Developing,North America_Lower middle income
Honduras,2022,North America,Central America,Lower middle income,Developing,North America_Lower middle income
Honduras,2021,North America,Central America,Lower middle income,Developing,North America_Lower middle income
Honduras,2020,North America,Central America,Lower middle income,Developing,North America_Lower middle income
Honduras,2019,North America,Central America,Lower middle income,Developing,North America_Lower middle income
Honduras,2018,North America,Central America,Lower middle income,Developing,North America_Lower middle income
Honduras,2017,North America,Central America,Lower middle income,Developing,North America_Lower middle income
Honduras,2016,North America,Central America,Lower middle income,Developing,North America_Lower middle income
Honduras,2015,North America,Central America,Lower middle income,Developing,North America_Lower middle income
Honduras,2014,North America,Central America,Lower middle income,Developing,North America_Lower middle income
Honduras,2013,North America,Central America,Lower middle income,Developing,North America_Lower middle income
Honduras,2012,North America,Central America,Lower middle income,Developing,North America_Lower middle income
Honduras,2011,North America,Central America,Lower middle income,Developing,North America_Lower middle income
Honduras,2010,North America,Central America,Lower middle income,Developing,North America_Lower middle income
Honduras,2009,North America,Central America,Lower middle income,Developing,North America_Lower middle income
Honduras,2008,North America,Central America,Lower middle income,Developing,North America_Lower middle income
Honduras,2007,North America,Central America,Lower middle income,Developing,North America_Lower middle income
Honduras,2006,North America,Central America,Lower middle income,Developing,North America_Lower middle income
Honduras,2005,North America,Central America,Lower middle income,Developing,North America_Lower middle income
Honduras,2004,North America,Central America,Lower middle income,Developing,North America_Lower middle income
Honduras,2003,North America,Central America,Lower middle income,Developing,North America_Lower middle income
Honduras,2002,North America,Central America,Lower middle income,Developing,North America_Lower middle income
Honduras,2001,North America,Central America,Lower middle income,Developing,North America_Lower middle income
Honduras,2000,North America,Central America,Lower middle income,Developing,North America_Lower middle income
Honduras,1999,North America,Central America,Lower middle income,Developing,North America_Lower middle income
Honduras,1998,North America,Central America,Lower middle income,Developing,North America_Lower middle income
Honduras,1997,North America,Central America,Lower middle income,Developing,North America_Lower middle income
Honduras,1996,North America,Central America,Lower middle income,Developing,North America_Lower middle income
Honduras,1995,North America,Central America,Lower middle income,Developing,North America_Lower middle income
Honduras,1994,North America,Central America,Lower middle income,Developing,North America_Lower middle income
Honduras,1993,North America,Central America,Lower middle income,Developing,North America_Lower middle income
Honduras,1992,North America,Central America,Lower middle income,Developing,North America_Lower middle income
Honduras,1991,North America,Central America,Lower middle income,Developing,North America_Lower middle income
Honduras,1990,North America,Central America,Lower middle income,Developing,North America_Lower middle income
Honduras,1989,North America,Central America,Lower middle income,Developing,North America_Lower middle income
Honduras,1988,North America,Central America,Lower middle income,Developing,North America_Lower middle income
Honduras,1987,North America,Central America,Lower middle income,Developing,North America_Lower middle income
Honduras,1986,North America,Central America,Lower middle income,Developing,North America_Lower middle income
Honduras,1985,North America,Central America,Lower middle income,Developing,North America_Lower middle income
Honduras,1984,North America,Central America,Lower middle income,Developing,North America_Lower middle income
Honduras,1983,North America,Central America,Lower middle income,Developing,North America_Lower middle income
Honduras,1982,North America,Central America,Lower middle income,Developing,North America_Lower middle income
Honduras,1981,North America,Central America,Lower middle income,Developing,North America_Lower middle income
Honduras,1980,North America,Central America,Lower middle income,Developing,North America_Lower middle income
Honduras,1979,North America,Central America,Lower middle income,Developing,North America_Lower middle income
Honduras,1978,North America,Central America,Lower middle income,Developing,North America_Lower middle income
Honduras,1977,North America,Central America,Lower middle income,Developing,North America_Lower middle income
Honduras,1976,North America,Central America,Lower middle income,Developing,North America_Lower middle income
Honduras,1975,North America,Central America,Lower middle income,Developing,North America_Lower middle income
Honduras,1974,North America,Central America,Lower middle income,Developing,North America_Lower middle income
"Hong Kong SAR, China",2024,Asia,East Asia,High income,Developed,Asia_High income
"Hong Kong SAR, China",2023,Asia,East Asia,High income,Developed,Asia_High income
"Hong Kong SAR, China",2022,Asia,East Asia,High income,Developed,Asia_High income
"Hong Kong SAR, China",2021,Asia,East Asia,High income,Developed,Asia_High income
"Hong Kong SAR, China",2020,Asia,East Asia,High income,Developed,Asia_High income
"Hong Kong SAR, China",2019,Asia,East Asia,High income,Developed,Asia_High income
"Hong Kong SAR, China",2018,Asia,East Asia,High income,Developed,Asia_High income
"Hong Kong SAR, China",2017,Asia,East Asia,High income,Developed,Asia_High income
"Hong Kong SAR, China",2016,Asia,East Asia,High income,Developed,Asia_High income
"Hong Kong SAR, China",2015,Asia,East Asia,High income,Developed,Asia_High income
"Hong Kong SAR, China",2014,Asia,East Asia,High income,Developed,Asia_High income
"Hong Kong SAR, China",2013,Asia,East Asia,High income,Developed,Asia_High income
"Hong Kong SAR, China",2012,Asia,East Asia,High income,Developed,Asia_High income
"Hong Kong SAR, China",2011,Asia,East Asia,High income,Developed,Asia_High income
"Hong Kong SAR, China",2010,Asia,East Asia,High income,Developed,Asia_High income
"Hong Kong SAR, China",2009,Asia,East Asia,High income,Developed,Asia_High income
"Hong Kong SAR, China",2008,Asia,East Asia,High income,Developed,Asia_High income
"Hong Kong SAR, China",2007,Asia,East Asia,High income,Developed,Asia_High income
"Hong Kong SAR, China",2006,Asia,East Asia,High income,Developed,Asia_High income
"Hong Kong SAR, China",2005,Asia,East Asia,High income,Developed,Asia_High income
"Hong Kong SAR, China",2004,Asia,East Asia,High income,Developed,Asia_High income
"Hong Kong SAR, China",2003,Asia,East Asia,High income,Developed,Asia_High income
"Hong Kong SAR, China",2002,Asia,East Asia,High income,Developed,Asia_High income
"Hong Kong SAR, China",2001,Asia,East Asia,High income,Developed,Asia_High income
"Hong Kong SAR, China",2000,Asia,East Asia,High income,Developed,Asia_High income
"Hong Kong SAR, China",1999,Asia,East Asia,High income,Developed,Asia_High income
"Hong Kong SAR, China",1998,Asia,East Asia,High income,Developed,Asia_High income
"Hong Kong SAR, China",1997,Asia,East Asia,High income,Developed,Asia_High income
"Hong Kong SAR, China",1996,Asia,East Asia,High income,Developed,Asia_High income
"Hong Kong SAR, China",1995,Asia,East Asia,High income,Developed,Asia_High income
"Hong Kong SAR, China",1994,Asia,East Asia,High income,Developed,Asia_High income
"Hong Kong SAR, China",1993,Asia,East Asia,High income,Developed,Asia_High income
"Hong Kong SAR, China",1992,Asia,East Asia,High income,Developed,Asia_High income
"Hong Kong SAR, China",1991,Asia,East Asia,High income,Developed,Asia_High income
"Hong Kong SAR, China",1990,Asia,East Asia,High income,Developed,Asia_High income
"Hong Kong SAR, China",1989,Asia,East Asia,High income,Developed,Asia_High income
"Hong Kong SAR, China",1988,Asia,East Asia,High income,Developed,Asia_High income
"Hong Kong SAR, China",1987,Asia,East Asia,High income,Developed,Asia_High income
"Hong Kong SAR, China",1986,Asia,East Asia,High income,Developed,Asia_High income
"Hong Kong SAR, China",1985,Asia,East Asia,High income,Developed,Asia_High income
"Hong Kong SAR, China",1984,Asia,East Asia,High income,Developed,Asia_High income
"Hong Kong SAR, China",1983,Asia,East Asia,High income,Developed,Asia_High income
"Hong Kong SAR, China",1982,Asia,East Asia,High income,Developed,Asia_High income
"Hong Kong SAR, China",1981,Asia,East Asia,High income,Developed,Asia_High income
"Hong Kong SAR, China",1980,Asia,East Asia,High income,Developed,Asia_High income
"Hong Kong SAR, China",1979,Asia,East Asia,High income,Developed,Asia_High income
"Hong Kong SAR, China",1978,Asia,East Asia,High income,Developed,Asia_High income
"Hong Kong SAR, China",1977,Asia,East Asia,High income,Developed,Asia_High income
"Hong Kong SAR, China",1976,Asia,East Asia,High income,Developed,Asia_High income
"Hong Kong SAR, China",1975,Asia,East Asia,High income,Developed,Asia_High income
"Hong Kong SAR, China",1974,Asia,East Asia,High income,Developed,Asia_High income
Hungary,2024,Europe,Eastern Europe,High income,Developed,Europe_High income
Hungary,2023,Europe,Eastern Europe,High income,Developed,Europe_High income
Hungary,2022,Europe,Eastern Europe,High income,Developed,Europe_High income
Hungary,2021,Europe,Eastern Europe,High income,Developed,Europe_High income
Hungary,2020,Europe,Eastern Europe,High income,Developed,Europe_High income
Hungary,2019,Europe,Eastern Europe,High income,Developed,Europe_High income
Hungary,2018,Europe,Eastern Europe,High income,Developed,Europe_High income
Hungary,2017,Europe,Eastern Europe,High income,Developed,Europe_High income
Hungary,2016,Europe,Eastern Europe,High income,Developed,Europe_High income
Hungary,2015,Europe,Eastern Europe,High income,Developed,Europe_High income
Hungary,2014,Europe,Eastern Europe,High income,Developed,Europe_High income
Hungary,2013,Europe,Eastern Europe,High income,Developed,Europe_High income
Hungary,2012,Europe,Eastern Europe,High income,Developed,Europe_High income
Hungary,2011,Europe,Eastern Europe,High income,Developed,Europe_High income
Hungary,2010,Europe,Eastern Europe,High income,Developed,Europe_High income
Hungary,2009,Europe,Eastern Europe,High income,Developed,Europe_High income
Hungary,2008,Europe,Eastern Europe,High income,Developed,Europe_High income
Hungary,2007,Europe,Eastern Europe,High income,Developed,Europe_High income
Hungary,2006,Europe,Eastern Europe,High income,Developed,Europe_High income
Hungary,2005,Europe,Eastern Europe,High income,Developed,Europe_High income
Hungary,2004,Europe,Eastern Europe,High income,Developed,Europe_High income
Hungary,2003,Europe,Eastern Europe,High income,Developed,Europe_High income
Hungary,2002,Europe,Eastern Europe,High income,Developed,Europe_High income
Hungary,2001,Europe,Eastern Europe,High income,Developed,Europe_High income
Hungary,2000,Europe,Eastern Europe,High income,Developed,Europe_High income
Hungary,1999,Europe,Eastern Europe,High income,Developed,Europe_High income
Hungary,1998,Europe,Eastern Europe,High income,Developed,Europe_High income
Hungary,1997,Europe,Eastern Europe,High income,Developed,Europe_High income
Hungary,1996,Europe,Eastern Europe,High income,Developed,Europe_High income
Hungary,1995,Europe,Eastern Europe,High income,Developed,Europe_High income
Hungary,1994,Europe,Eastern Europe,High income,Developed,Europe_High income
Hungary,1993,Europe,Eastern Europe,High income,Developed,Europe_High income
Hungary,1992,Europe,Eastern Europe,High income,Developed,Europe_High income
Hungary,1991,Europe,Eastern Europe,High income,Developed,Europe_High income
Hungary,1990,Europe,Eastern Europe,High income,Developed,Europe_High income
Hungary,1989,Europe,Eastern Europe,High income,Developed,Europe_High income
Hungary,1988,Europe,Eastern Europe,High income,Developed,Europe_High income
Hungary,1987,Europe,Eastern Europe,High income,Developed,Europe_High income
Hungary,1986,Europe,Eastern Europe,High income,Developed,Europe_High income
Hungary,1985,Europe,Eastern Europe,High income,Developed,Europe_High income
Hungary,1984,Europe,Eastern Europe,High income,Developed,Europe_High income
Hungary,1983,Europe,Eastern Europe,High income,Developed,Europe_High income
Hungary,1982,Europe,Eastern Europe,High income,Developed,Europe_High income
Hungary,1981,Europe,Eastern Europe,High income,Developed,Europe_High income
Hungary,1980,Europe,Eastern Europe,High income,Developed,Europe_High income
Hungary,1979,Europe,Eastern Europe,High income,Developed,Europe_High income
Hungary,1978,Europe,Eastern Europe,High income,Developed,Europe_High income
Hungary,1977,Europe,Eastern Europe,High income,Developed,Europe_High income
Hungary,1976,Europe,Eastern Europe,High income,Developed,Europe_High income
Hungary,1975,Europe,Eastern Europe,High income,Developed,Europe_High income
Hungary,1974,Europe,Eastern Europe,High income,Developed,Europe_High income
Iceland,2024,Europe,Northern Europe,High income,Developed,Europe_High income
Iceland,2023,Europe,Northern Europe,High income,Developed,Europe_High income
Iceland,2022,Europe,Northern Europe,High income,Developed,Europe_High income
Iceland,2021,Europe,Northern Europe,High income,Developed,Europe_High income
Iceland,2020,Europe,Northern Europe,High income,Developed,Europe_High income
Iceland,2019,Europe,Northern Europe,High income,Developed,Europe_High income
Iceland,2018,Europe,Northern Europe,High income,Developed,Europe_High income
Iceland,2017,Europe,Northern Europe,High income,Developed,Europe_High income
Iceland,2016,Europe,Northern Europe,High income,Developed,Europe_High income
Iceland,2015,Europe,Northern Europe,High income,Developed,Europe_High income
Iceland,2014,Europe,Northern Europe,High income,Developed,Europe_High income
Iceland,2013,Europe,Northern Europe,High income,Developed,Europe_High income
Iceland,2012,Europe,Northern Europe,High income,Developed,Europe_High income
Iceland,2011,Europe,Northern Europe,High income,Developed,Europe_High income
Iceland,2010,Europe,Northern Europe,High income,Developed,Europe_High income
Iceland,2009,Europe,Northern Europe,High income,Developed,Europe_High income
Iceland,2008,Europe,Northern Europe,High income,Developed,Europe_High income
Iceland,2007,Europe,Northern Europe,High income,Developed,Europe_High income
Iceland,2006,Europe,Northern Europe,High income,Developed,Europe_High income
Iceland,2005,Europe,Northern Europe,High income,Developed,Europe_High income
Iceland,2004,Europe,Northern Europe,High income,Developed,Europe_High income
Iceland,2003,Europe,Northern Europe,High income,Developed,Europe_High income
Iceland,2002,Europe,Northern Europe,High income,Developed,Europe_High income
Iceland,2001,Europe,Northern Europe,High income,Developed,Europe_High income
Iceland,2000,Europe,Northern Europe,High income,Developed,Europe_High income
Iceland,1999,Europe,Northern Europe,High income,Developed,Europe_High income
Iceland,1998,Europe,Northern Europe,High income,Developed,Europe_High income
Iceland,1997,Europe,Northern Europe,High income,Developed,Europe_High income
Iceland,1996,Europe,Northern Europe,High income,Developed,Europe_High income
Iceland,1995,Europe,Northern Europe,High income,Developed,Europe_High income
Iceland,1994,Europe,Northern Europe,High income,Developed,Europe_High income
Iceland,1993,Europe,Northern Europe,High income,Developed,Europe_High income
Iceland,1992,Europe,Northern Europe,High income,Developed,Europe_High income
Iceland,1991,Europe,Northern Europe,High income,Developed,Europe_High income
Iceland,1990,Europe,Northern Europe,High income,Developed,Europe_High income
Iceland,1989,Europe,Northern Europe,High income,Developed,Europe_High income
Iceland,1988,Europe,Northern Europe,High income,Developed,Europe_High income
Iceland,1987,Europe,Northern Europe,High income,Developed,Europe_High income
Iceland,1986,Europe,Northern Europe,High income,Developed,Europe_High income
Iceland,1985,Europe,Northern Europe,High income,Developed,Europe_High income
Iceland,1984,Europe,Northern Europe,High income,Developed,Europe_High income
Iceland,1983,Europe,Northern Europe,High income,Developed,Europe_High income
Iceland,1982,Europe,Northern Europe,High income,Developed,Europe_High income
Iceland,1981,Europe,Northern Europe,High income,Developed,Europe_High income
Iceland,1980,Europe,Northern Europe,High income,Developed,Europe_High income
Iceland,1979,Europe,Northern Europe,High income,Developed,Europe_High income
Iceland,1978,Europe,Northern Europe,High income,Developed,Europe_High income
Iceland,1977,Europe,Northern Europe,High income,Developed,Europe_High income
Iceland,1976,Europe,Northern Europe,High income,Developed,Europe_High income
Iceland,1975,Europe,Northern Europe,High income,Developed,Europe_High income
Iceland,1974,Europe,Northern Europe,High income,Developed,Europe_High income
India,2024,Asia,South Asia,Lower middle income,Developing,Asia_Lower middle income
India,2023,Asia,South Asia,Lower middle income,Developing,Asia_Lower middle income
India,2022,Asia,South Asia,Lower middle income,Developing,Asia_Lower middle income
India,2021,Asia,South Asia,Lower middle income,Developing,Asia_Lower middle income
India,2020,Asia,South Asia,Lower middle income,Developing,Asia_Lower middle income
India,2019,Asia,South Asia,Lower middle income,Developing,Asia_Lower middle income
India,2018,Asia,South Asia,Lower middle income,Developing,Asia_Lower middle income
India,2017,Asia,South Asia,Lower middle income,Developing,Asia_Lower middle income
India,2016,Asia,South Asia,Lower middle income,Developing,Asia_Lower middle income
India,2015,Asia,South Asia,Lower middle income,Developing,Asia_Lower middle income
India,2014,Asia,South Asia,Lower middle income,Developing,Asia_Lower middle income
India,2013,Asia,South Asia,Lower middle income,Developing,Asia_Lower middle income
India,2012,Asia,South Asia,Lower middle income,Developing,Asia_Lower middle income
India,2011,Asia,South Asia,Lower middle income,Developing,Asia_Lower middle income
India,2010,Asia,South Asia,Lower middle income,Developing,Asia_Lower middle income
India,2009,Asia,South Asia,Lower middle income,Developing,Asia_Lower middle income
India,2008,Asia,South Asia,Lower middle income,Developing,Asia_Lower middle income
India,2007,Asia,South Asia,Lower middle income,Developing,Asia_Lower middle income
India,2006,Asia,South Asia,Lower middle income,Developing,Asia_Lower middle income
India,2005,Asia,South Asia,Lower middle income,Developing,Asia_Lower middle income
India,2004,Asia,South Asia,Lower middle income,Developing,Asia_Lower middle income
India,2003,Asia,South Asia,Lower middle income,Developing,Asia_Lower middle income
India,2002,Asia,South Asia,Lower middle income,Developing,Asia_Lower middle income
India,2001,Asia,South Asia,Lower middle income,Developing,Asia_Lower middle income
India,2000,Asia,South Asia,Lower middle income,Developing,Asia_Lower middle income
India,1999,Asia,South Asia,Lower middle income,Developing,Asia_Lower middle income
India,1998,Asia,South Asia,Lower middle income,Developing,Asia_Lower middle income
India,1997,Asia,South Asia,Lower middle income,Developing,Asia_Lower middle income
India,1996,Asia,South Asia,Lower middle income,Developing,Asia_Lower middle income
India,1995,Asia,South Asia,Lower middle income,Developing,Asia_Lower middle income
India,1994,Asia,South Asia,Lower middle income,Developing,Asia_Lower middle income
India,1993,Asia,South Asia,Lower middle income,Developing,Asia_Lower middle income
India,1992,Asia,South Asia,Lower middle income,Developing,Asia_Lower middle income
India,1991,Asia,South Asia,Lower middle income,Developing,Asia_Lower middle income
India,1990,Asia,South Asia,Lower middle income,Developing,Asia_Lower middle income
India,1989,Asia,South Asia,Lower middle income,Developing,Asia_Lower middle income
India,1988,Asia,South Asia,Lower middle income,Developing,Asia_Lower middle income
India,1987,Asia,South Asia,Lower middle income,Developing,Asia_Lower middle income
India,1986,Asia,South Asia,Lower middle income,Developing,Asia_Lower middle income
India,1985,Asia,South Asia,Lower middle income,Developing,Asia_Lower middle income
India,1984,Asia,South Asia,Lower middle income,Developing,Asia_Lower middle income
India,1983,Asia,South Asia,Lower middle income,Developing,Asia_Lower middle income
India,1982,Asia,South Asia,Lower middle income,Developing,Asia_Lower middle income
India,1981,Asia,South Asia,Lower middle income,Developing,Asia_Lower middle income
India,1980,Asia,South Asia,Lower middle income,Developing,Asia_Lower middle income
India,1979,Asia,South Asia,Lower middle income,Developing,Asia_Lower middle income
India,1978,Asia,South Asia,Lower middle income,Developing,Asia_Lower middle income
India,1977,Asia,South Asia,Lower middle income,Developing,Asia_Lower middle income
India,1976,Asia,South Asia,Lower middle income,Developing,Asia_Lower middle income
India,1975,Asia,South Asia,Lower middle income,Developing,Asia_Lower middle income
India,1974,Asia,South Asia,Lower middle income,Developing,Asia_Lower middle income
Indonesia,2024,Asia,Southeast Asia,Lower middle income,Developing,Asia_Lower middle income
Indonesia,2023,Asia,Southeast Asia,Lower middle income,Developing,Asia_Lower middle income
Indonesia,2022,Asia,Southeast Asia,Lower middle income,Developing,Asia_Lower middle income
Indonesia,2021,Asia,Southeast Asia,Lower middle income,Developing,Asia_Lower middle income
Indonesia,2020,Asia,Southeast Asia,Lower middle income,Developing,Asia_Lower middle income
Indonesia,2019,Asia,Southeast Asia,Lower middle income,Developing,Asia_Lower middle income
Indonesia,2018,Asia,Southeast Asia,Lower middle income,Developing,Asia_Lower middle income
Indonesia,2017,Asia,Southeast Asia,Lower middle income,Developing,Asia_Lower middle income
Indonesia,2016,Asia,Southeast Asia,Lower middle income,Developing,Asia_Lower middle income
Indonesia,2015,Asia,Southeast Asia,Lower middle income,Developing,Asia_Lower middle income
Indonesia,2014,Asia,Southeast Asia,Lower middle income,Developing,Asia_Lower middle income
Indonesia,2013,Asia,Southeast Asia,Lower middle income,Developing,Asia_Lower middle income
Indonesia,2012,Asia,Southeast Asia,Lower middle income,Developing,Asia_Lower middle income
Indonesia,2011,Asia,Southeast Asia,Lower middle income,Developing,Asia_Lower middle income
Indonesia,2010,Asia,Southeast Asia,Lower middle income,Developing,Asia_Lower middle income
Indonesia,2009,Asia,Southeast Asia,Lower middle income,Developing,Asia_Lower middle income
Indonesia,2008,Asia,Southeast Asia,Lower middle income,Developing,Asia_Lower middle income
Indonesia,2007,Asia,Southeast Asia,Lower middle income,Developing,Asia_Lower middle income
Indonesia,2006,Asia,Southeast Asia,Lower middle income,Developing,Asia_Lower middle income
Indonesia,2005,Asia,Southeast Asia,Lower middle income,Developing,Asia_Lower middle income
Indonesia,2004,Asia,Southeast Asia,Lower middle income,Developing,Asia_Lower middle income
Indonesia,2003,Asia,Southeast Asia,Lower middle income,Developing,Asia_Lower middle income
Indonesia,2002,Asia,Southeast Asia,Lower middle income,Developing,Asia_Lower middle income
Indonesia,2001,Asia,Southeast Asia,Lower middle income,Developing,Asia_Lower middle income
Indonesia,2000,Asia,Southeast Asia,Lower middle income,Developing,Asia_Lower middle income
Indonesia,1999,Asia,Southeast Asia,Lower middle income,Developing,Asia_Lower middle income
Indonesia,1998,Asia,Southeast Asia,Lower middle income,Developing,Asia_Lower middle income
Indonesia,1997,Asia,Southeast Asia,Lower middle income,Developing,Asia_Lower middle income
Indonesia,1996,Asia,Southeast Asia,Lower middle income,Developing,Asia_Lower middle income
Indonesia,1995,Asia,Southeast Asia,Lower middle income,Developing,Asia_Lower middle income
Indonesia,1994,Asia,Southeast Asia,Lower middle income,Developing,Asia_Lower middle income
Indonesia,1993,Asia,Southeast Asia,Lower middle income,Developing,Asia_Lower middle income
Indonesia,1992,Asia,Southeast Asia,Lower middle income,Developing,Asia_Lower middle income
Indonesia,1991,Asia,Southeast Asia,Lower middle income,Developing,Asia_Lower middle income
Indonesia,1990,Asia,Southeast Asia,Lower middle income,Developing,Asia_Lower middle income
Indonesia,1989,Asia,Southeast Asia,Lower middle income,Developing,Asia_Lower middle income
Indonesia,1988,Asia,Southeast Asia,Lower middle income,Developing,Asia_Lower middle income
Indonesia,1987,Asia,Southeast Asia,Lower middle income,Developing,Asia_Lower middle income
Indonesia,1986,Asia,Southeast Asia,Lower middle income,Developing,Asia_Lower middle income
Indonesia,1985,Asia,Southeast Asia,Lower middle income,Developing,Asia_Lower middle income
Indonesia,1984,Asia,Southeast Asia,Lower middle income,Developing,Asia_Lower middle income
Indonesia,1983,Asia,Southeast Asia,Lower middle income,Developing,Asia_Lower middle income
Indonesia,1982,Asia,Southeast Asia,Lower middle income,Developing,Asia_Lower middle income
Indonesia,1981,Asia,Southeast Asia,Lower middle income,Developing,Asia_Lower middle income
Indonesia,1980,Asia,Southeast Asia,Lower middle income,Developing,Asia_Lower middle income
Indonesia,1979,Asia,Southeast Asia,Lower middle income,Developing,Asia_Lower middle income
Indonesia,1978,Asia,Southeast Asia,Lower middle income,Developing,Asia_Lower middle income
Indonesia,1977,Asia,Southeast Asia,Lower middle income,Developing,Asia_Lower middle income
Indonesia,1976,Asia,Southeast Asia,Lower middle income,Developing,Asia_Lower middle income
Indonesia,1975,Asia,Southeast Asia,Lower middle income,Developing,Asia_Lower middle income
Indonesia,1974,Asia,Southeast Asia,Lower middle income,Developing,Asia_Lower middle income
"Iran, Islamic Rep.",2024,Asia,Middle East,Lower middle income,Developing,Asia_Lower middle income
"Iran, Islamic Rep.",2023,Asia,Middle East,Lower middle income,Developing,Asia_Lower middle income
"Iran, Islamic Rep.",2022,Asia,Middle East,Lower middle income,Developing,Asia_Lower middle income
"Iran, Islamic Rep.",2021,Asia,Middle East,Lower middle income,Developing,Asia_Lower middle income
"Iran, Islamic Rep.",2020,Asia,Middle East,Lower middle income,Developing,Asia_Lower middle income
"Iran, Islamic Rep.",2019,Asia,Middle East,Lower middle income,Developing,Asia_Lower middle income
"Iran, Islamic Rep.",2018,Asia,Middle East,Lower middle income,Developing,Asia_Lower middle income
"Iran, Islamic Rep.",2017,Asia,Middle East,Lower middle income,Developing,Asia_Lower middle income
"Iran, Islamic Rep.",2016,Asia,Middle East,Lower middle income,Developing,Asia_Lower middle income
"Iran, Islamic Rep.",2015,Asia,Middle East,Lower middle income,Developing,Asia_Lower middle income
"Iran, Islamic Rep.",2014,Asia,Middle East,Lower middle income,Developing,Asia_Lower middle income
"Iran, Islamic Rep.",2013,Asia,Middle East,Lower middle income,Developing,Asia_Lower middle income
"Iran, Islamic Rep.",2012,Asia,Middle East,Lower middle income,Developing,Asia_Lower middle income
"Iran, Islamic Rep.",2011,Asia,Middle East,Lower middle income,Developing,Asia_Lower middle income
"Iran, Islamic Rep.",2010,Asia,Middle East,Lower middle income,Developing,Asia_Lower middle income
"Iran, Islamic Rep.",2009,Asia,Middle East,Lower middle income,Developing,Asia_Lower middle income
"Iran, Islamic Rep.",2008,Asia,Middle East,Lower middle income,Developing,Asia_Lower middle income
"Iran, Islamic Rep.",2007,Asia,Middle East,Lower middle income,Developing,Asia_Lower middle income
"Iran, Islamic Rep.",2006,Asia,Middle East,Lower middle income,Developing,Asia_Lower middle income
"Iran, Islamic Rep.",2005,Asia,Middle East,Lower middle income,Developing,Asia_Lower middle income
"Iran, Islamic Rep.",2004,Asia,Middle East,Lower middle income,Developing,Asia_Lower middle income
"Iran, Islamic Rep.",2003,Asia,Middle East,Lower middle income,Developing,Asia_Lower middle income
"Iran, Islamic Rep.",2002,Asia,Middle East,Lower middle income,Developing,Asia_Lower middle income
"Iran, Islamic Rep.",2001,Asia,Middle East,Lower middle income,Developing,Asia_Lower middle income
"Iran, Islamic Rep.",2000,Asia,Middle East,Lower middle income,Developing,Asia_Lower middle income
"Iran, Islamic Rep.",1999,Asia,Middle East,Lower middle income,Developing,Asia_Lower middle income
"Iran, Islamic Rep.",1998,Asia,Middle East,Lower middle income,Developing,Asia_Lower middle income
"Iran, Islamic Rep.",1997,Asia,Middle East,Lower middle income,Developing,Asia_Lower middle income
"Iran, Islamic Rep.",1996,Asia,Middle East,Lower middle income,Developing,Asia_Lower middle income
"Iran, Islamic Rep.",1995,Asia,Middle East,Lower middle income,Developing,Asia_Lower middle income
"Iran, Islamic Rep.",1994,Asia,Middle East,Lower middle income,Developing,Asia_Lower middle income
"Iran, Islamic Rep.",1993,Asia,Middle East,Lower middle income,Developing,Asia_Lower middle income
"Iran, Islamic Rep.",1992,Asia,Middle East,Lower middle income,Developing,Asia_Lower middle income
"Iran, Islamic Rep.",1991,Asia,Middle East,Lower middle income,Developing,Asia_Lower middle income
"Iran, Islamic Rep.",1990,Asia,Middle East,Lower middle income,Developing,Asia_Lower middle income
"Iran, Islamic Rep.",1989,Asia,Middle East,Lower middle income,Developing,Asia_Lower middle income
"Iran, Islamic Rep.",1988,Asia,Middle East,Lower middle income,Developing,Asia_Lower middle income
"Iran, Islamic Rep.",1987,Asia,Middle East,Lower middle income,Developing,Asia_Lower middle income
"Iran, Islamic Rep.",1986,Asia,Middle East,Lower middle income,Developing,Asia_Lower middle income
"Iran, Islamic Rep.",1985,Asia,Middle East,Lower middle income,Developing,Asia_Lower middle income
"Iran, Islamic Rep.",1984,Asia,Middle East,Lower middle income,Developing,Asia_Lower middle income
"Iran, Islamic Rep.",1983,Asia,Middle East,Lower middle income,Developing,Asia_Lower middle income
"Iran, Islamic Rep.",1982,Asia,Middle East,Lower middle income,Developing,Asia_Lower middle income
"Iran, Islamic Rep.",1981,Asia,Middle East,Lower middle income,Developing,Asia_Lower middle income
"Iran, Islamic Rep.",1980,Asia,Middle East,Lower middle income,Developing,Asia_Lower middle income
"Iran, Islamic Rep.",1979,Asia,Middle East,Lower middle income,Developing,Asia_Lower middle income
"Iran, Islamic Rep.",1978,Asia,Middle East,Lower middle income,Developing,Asia_Lower middle income
"Iran, Islamic Rep.",1977,Asia,Middle East,Lower middle income,Developing,Asia_Lower middle income
"Iran, Islamic Rep.",1976,Asia,Middle East,Lower middle income,Developing,Asia_Lower middle income
"Iran, Islamic Rep.",1975,Asia,Middle East,Lower middle income,Developing,Asia_Lower middle income
"Iran, Islamic Rep.",1974,Asia,Middle East,Lower middle income,Developing,Asia_Lower middle income
Iraq,2024,Asia,Middle East,Upper middle income,Developing,Asia_Upper middle income
Iraq,2023,Asia,Middle East,Upper middle income,Developing,Asia_Upper middle income
Iraq,2022,Asia,Middle East,Upper middle income,Developing,Asia_Upper middle income
Iraq,2021,Asia,Middle East,Upper middle income,Developing,Asia_Upper middle income
Iraq,2020,Asia,Middle East,Upper middle income,Developing,Asia_Upper middle income
Iraq,2019,Asia,Middle East,Upper middle income,Developing,Asia_Upper middle income
Iraq,2018,Asia,Middle East,Upper middle income,Developing,Asia_Upper middle income
Iraq,2017,Asia,Middle East,Upper middle income,Developing,Asia_Upper middle income
Iraq,2016,Asia,Middle East,Upper middle income,Developing,Asia_Upper middle income
Iraq,2015,Asia,Middle East,Upper middle income,Developing,Asia_Upper middle income
Iraq,2014,Asia,Middle East,Upper middle income,Developing,Asia_Upper middle income
Iraq,2013,Asia,Middle East,Upper middle income,Developing,Asia_Upper middle income
Iraq,2012,Asia,Middle East,Upper middle income,Developing,Asia_Upper middle income
Iraq,2011,Asia,Middle East,Upper middle income,Developing,Asia_Upper middle income
Iraq,2010,Asia,Middle East,Upper middle income,Developing,Asia_Upper middle income
Iraq,2009,Asia,Middle East,Upper middle income,Developing,Asia_Upper middle income
Iraq,2008,Asia,Middle East,Upper middle income,Developing,Asia_Upper middle income
Iraq,2007,Asia,Middle East,Upper middle income,Developing,Asia_Upper middle income
Iraq,2006,Asia,Middle East,Upper middle income,Developing,Asia_Upper middle income
Iraq,2005,Asia,Middle East,Upper middle income,Developing,Asia_Upper middle income
Iraq,2004,Asia,Middle East,Upper middle income,Developing,Asia_Upper middle income
Iraq,2003,Asia,Middle East,Upper middle income,Developing,Asia_Upper middle income
Iraq,2002,Asia,Middle East,Upper middle income,Developing,Asia_Upper middle income
Iraq,2001,Asia,Middle East,Upper middle income,Developing,Asia_Upper middle income
Iraq,2000,Asia,Middle East,Upper middle income,Developing,Asia_Upper middle income
Iraq,1999,Asia,Middle East,Upper middle income,Developing,Asia_Upper middle income
Iraq,1998,Asia,Middle East,Upper middle income,Developing,Asia_Upper middle income
Iraq,1997,Asia,Middle East,Upper middle income,Developing,Asia_Upper middle income
Iraq,1996,Asia,Middle East,Upper middle income,Developing,Asia_Upper middle income
Iraq,1995,Asia,Middle East,Upper middle income,Developing,Asia_Upper middle income
Iraq,1994,Asia,Middle East,Upper middle income,Developing,Asia_Upper middle income
Iraq,1993,Asia,Middle East,Upper middle income,Developing,Asia_Upper middle income
Iraq,1992,Asia,Middle East,Upper middle income,Developing,Asia_Upper middle income
Iraq,1991,Asia,Middle East,Upper middle income,Developing,Asia_Upper middle income
Iraq,1990,Asia,Middle East,Upper middle income,Developing,Asia_Upper middle income
Iraq,1989,Asia,Middle East,Upper middle income,Developing,Asia_Upper middle income
Iraq,1988,Asia,Middle East,Upper middle income,Developing,Asia_Upper middle income
Iraq,1987,Asia,Middle East,Upper middle income,Developing,Asia_Upper middle income
Iraq,1986,Asia,Middle East,Upper middle income,Developing,Asia_Upper middle income
Iraq,1985,Asia,Middle East,Upper middle income,Developing,Asia_Upper middle income
Iraq,1984,Asia,Middle East,Upper middle income,Developing,Asia_Upper middle income
Iraq,1983,Asia,Middle East,Upper middle income,Developing,Asia_Upper middle income
Iraq,1982,Asia,Middle East,Upper middle income,Developing,Asia_Upper middle income
Iraq,1981,Asia,Middle East,Upper middle income,Developing,Asia_Upper middle income
Iraq,1980,Asia,Middle East,Upper middle income,Developing,Asia_Upper middle income
Iraq,1979,Asia,Middle East,Upper middle income,Developing,Asia_Upper middle income
Iraq,1978,Asia,Middle East,Upper middle income,Developing,Asia_Upper middle income
Iraq,1977,Asia,Middle East,Upper middle income,Developing,Asia_Upper middle income
Iraq,1976,Asia,Middle East,Upper middle income,Developing,Asia_Upper middle income
Iraq,1975,Asia,Middle East,Upper middle income,Developing,Asia_Upper middle income
Iraq,1974,Asia,Middle East,Upper middle income,Developing,Asia_Upper middle income
Ireland,2024,Europe,Western Europe,High income,Developed,Europe_High income
Ireland,2023,Europe,Western Europe,High income,Developed,Europe_High income
Ireland,2022,Europe,Western Europe,High income,Developed,Europe_High income
Ireland,2021,Europe,Western Europe,High income,Developed,Europe_High income
Ireland,2020,Europe,Western Europe,High income,Developed,Europe_High income
Ireland,2019,Europe,Western Europe,High income,Developed,Europe_High income
Ireland,2018,Europe,Western Europe,High income,Developed,Europe_High income
Ireland,2017,Europe,Western Europe,High income,Developed,Europe_High income
Ireland,2016,Europe,Western Europe,High income,Developed,Europe_High income
Ireland,2015,Europe,Western Europe,High income,Developed,Europe_High income
Ireland,2014,Europe,Western Europe,High income,Developed,Europe_High income
Ireland,2013,Europe,Western Europe,High income,Developed,Europe_High income
Ireland,2012,Europe,Western Europe,High income,Developed,Europe_High income
Ireland,2011,Europe,Western Europe,High income,Developed,Europe_High income
Ireland,2010,Europe,Western Europe,High income,Developed,Europe_High income
Ireland,2009,Europe,Western Europe,High income,Developed,Europe_High income
Ireland,2008,Europe,Western Europe,High income,Developed,Europe_High income
Ireland,2007,Europe,Western Europe,High income,Developed,Europe_High income
Ireland,2006,Europe,Western Europe,High income,Developed,Europe_High income
Ireland,2005,Europe,Western Europe,High income,Developed,Europe_High income
Ireland,2004,Europe,Western Europe,High income,Developed,Europe_High income
Ireland,2003,Europe,Western Europe,High income,Developed,Europe_High income
Ireland,2002,Europe,Western Europe,High income,Developed,Europe_High income
Ireland,2001,Europe,Western Europe,High income,Developed,Europe_High income
Ireland,2000,Europe,Western Europe,High income,Developed,Europe_High income
Ireland,1999,Europe,Western Europe,High income,Developed,Europe_High income
Ireland,1998,Europe,Western Europe,High income,Developed,Europe_High income
Ireland,1997,Europe,Western Europe,High income,Developed,Europe_High income
Ireland,1996,Europe,Western Europe,High income,Developed,Europe_High income
Ireland,1995,Europe,Western Europe,High income,Developed,Europe_High income
Ireland,1994,Europe,Western Europe,High income,Developed,Europe_High income
Ireland,1993,Europe,Western Europe,High income,Developed,Europe_High income
Ireland,1992,Europe,Western Europe,High income,Developed,Europe_High income
Ireland,1991,Europe,Western Europe,High income,Developed,Europe_High income
Ireland,1990,Europe,Western Europe,High income,Developed,Europe_High income
Ireland,1989,Europe,Western Europe,High income,Developed,Europe_High income
Ireland,1988,Europe,Western Europe,High income,Developed,Europe_High income
Ireland,1987,Europe,Western Europe,High income,Developed,Europe_High income
Ireland,1986,Europe,Western Europe,High income,Developed,Europe_High income
Ireland,1985,Europe,Western Europe,High income,Developed,Europe_High income
Ireland,1984,Europe,Western Europe,High income,Developed,Europe_High income
Ireland,1983,Europe,Western Europe,High income,Developed,Europe_High income
Ireland,1982,Europe,Western Europe,High income,Developed,Europe_High income
Ireland,1981,Europe,Western Europe,High income,Developed,Europe_High income
Ireland,1980,Europe,Western Europe,High income,Developed,Europe_High income
Ireland,1979,Europe,Western Europe,High income,Developed,Europe_High income
Ireland,1978,Europe,Western Europe,High income,Developed,Europe_High income
Ireland,1977,Europe,Western Europe,High income,Developed,Europe_High income
Ireland,1976,Europe,Western Europe,High income,Developed,Europe_High income
Ireland,1975,Europe,Western Europe,High income,Developed,Europe_High income
Ireland,1974,Europe,Western Europe,High income,Developed,Europe_High income
Isle of Man,2024,Europe,Northern Europe,High income,Developed,Europe_High income
Isle of Man,2023,Europe,Northern Europe,High income,Developed,Europe_High income
Isle of Man,2022,Europe,Northern Europe,High income,Developed,Europe_High income
Isle of Man,2021,Europe,Northern Europe,High income,Developed,Europe_High income
Isle of Man,2020,Europe,Northern Europe,High income,Developed,Europe_High income
Isle of Man,2019,Europe,Northern Europe,High income,Developed,Europe_High income
Isle of Man,2018,Europe,Northern Europe,High income,Developed,Europe_High income
Isle of Man,2017,Europe,Northern Europe,High income,Developed,Europe_High income
Isle of Man,2016,Europe,Northern Europe,High income,Developed,Europe_High income
Isle of Man,2015,Europe,Northern Europe,High income,Developed,Europe_High income
Isle of Man,2014,Europe,Northern Europe,High income,Developed,Europe_High income
Isle of Man,2013,Europe,Northern Europe,High income,Developed,Europe_High income
Isle of Man,2012,Europe,Northern Europe,High income,Developed,Europe_High income
Isle of Man,2011,Europe,Northern Europe,High income,Developed,Europe_High income
Isle of Man,2010,Europe,Northern Europe,High income,Developed,Europe_High income
Isle of Man,2009,Europe,Northern Europe,High income,Developed,Europe_High income
Isle of Man,2008,Europe,Northern Europe,High income,Developed,Europe_High income
Isle of Man,2007,Europe,Northern Europe,High income,Developed,Europe_High income
Isle of Man,2006,Europe,Northern Europe,High income,Developed,Europe_High income
Isle of Man,2005,Europe,Northern Europe,High income,Developed,Europe_High income
Isle of Man,2004,Europe,Northern Europe,High income,Developed,Europe_High income
Isle of Man,2003,Europe,Northern Europe,High income,Developed,Europe_High income
Isle of Man,2002,Europe,Northern Europe,High income,Developed,Europe_High income
Isle of Man,2001,Europe,Northern Europe,High income,Developed,Europe_High income
Isle of Man,2000,Europe,Northern Europe,High income,Developed,Europe_High income
Isle of Man,1999,Europe,Northern Europe,High income,Developed,Europe_High income
Isle of Man,1998,Europe,Northern Europe,High income,Developed,Europe_High income
Isle of Man,1997,Europe,Northern Europe,High income,Developed,Europe_High income
Isle of Man,1996,Europe,Northern Europe,High income,Developed,Europe_High income
Isle of Man,1995,Europe,Northern Europe,High income,Developed,Europe_High income
Isle of Man,1994,Europe,Northern Europe,High income,Developed,Europe_High income
Isle of Man,1993,Europe,Northern Europe,High income,Developed,Europe_High income
Isle of Man,1992,Europe,Northern Europe,High income,Developed,Europe_High income
Isle of Man,1991,Europe,Northern Europe,High income,Developed,Europe_High income
Isle of Man,1990,Europe,Northern Europe,High income,Developed,Europe_High income
Isle of Man,1989,Europe,Northern Europe,High income,Developed,Europe_High income
Isle of Man,1988,Europe,Northern Europe,High income,Developed,Europe_High income
Isle of Man,1987,Europe,Northern Europe,High income,Developed,Europe_High income
Isle of Man,1986,Europe,Northern Europe,High income,Developed,Europe_High income
Isle of Man,1985,Europe,Northern Europe,High income,Developed,Europe_High income
Isle of Man,1984,Europe,Northern Europe,High income,Developed,Europe_High income
Isle of Man,1983,Europe,Northern Europe,High income,Developed,Europe_High income
Isle of Man,1982,Europe,Northern Europe,High income,Developed,Europe_High income
Isle of Man,1981,Europe,Northern Europe,High income,Developed,Europe_High income
Isle of Man,1980,Europe,Northern Europe,High income,Developed,Europe_High income
Isle of Man,1979,Europe,Northern Europe,High income,Developed,Europe_High income
Isle of Man,1978,Europe,Northern Europe,High income,Developed,Europe_High income
Isle of Man,1977,Europe,Northern Europe,High income,Developed,Europe_High income
Isle of Man,1976,Europe,Northern Europe,High income,Developed,Europe_High income
Isle of Man,1975,Europe,Northern Europe,High income,Developed,Europe_High income
Isle of Man,1974,Europe,Northern Europe,High income,Developed,Europe_High income
Israel,2024,Asia,Middle East,High income,Developed,Asia_High income
Israel,2023,Asia,Middle East,High income,Developed,Asia_High income
Israel,2022,Asia,Middle East,High income,Developed,Asia_High income
Israel,2021,Asia,Middle East,High income,Developed,Asia_High income
Israel,2020,Asia,Middle East,High income,Developed,Asia_High income
Israel,2019,Asia,Middle East,High income,Developed,Asia_High income
Israel,2018,Asia,Middle East,High income,Developed,Asia_High income
Israel,2017,Asia,Middle East,High income,Developed,Asia_High income
Israel,2016,Asia,Middle East,High income,Developed,Asia_High income
Israel,2015,Asia,Middle East,High income,Developed,Asia_High income
Israel,2014,Asia,Middle East,High income,Developed,Asia_High income
Israel,2013,Asia,Middle East,High income,Developed,Asia_High income
Israel,2012,Asia,Middle East,High income,Developed,Asia_High income
Israel,2011,Asia,Middle East,High income,Developed,Asia_High income
Israel,2010,Asia,Middle East,High income,Developed,Asia_High income
Israel,2009,Asia,Middle East,High income,Developed,Asia_High income
Israel,2008,Asia,Middle East,High income,Developed,Asia_High income
Israel,2007,Asia,Middle East,High income,Developed,Asia_High income
Israel,2006,Asia,Middle East,High income,Developed,Asia_High income
Israel,2005,Asia,Middle East,High income,Developed,Asia_High income
Israel,2004,Asia,Middle East,High income,Developed,Asia_High income
Israel,2003,Asia,Middle East,High income,Developed,Asia_High income
Israel,2002,Asia,Middle East,High income,Developed,Asia_High income
Israel,2001,Asia,Middle East,High income,Developed,Asia_High income
Israel,2000,Asia,Middle East,High income,Developed,Asia_High income
Israel,1999,Asia,Middle East,High income,Developed,Asia_High income
Israel,1998,Asia,Middle East,High income,Developed,Asia_High income
Israel,1997,Asia,Middle East,High income,Developed,Asia_High income
Israel,1996,Asia,Middle East,High income,Developed,Asia_High income
Israel,1995,Asia,Middle East,High income,Developed,Asia_High income
Israel,1994,Asia,Middle East,High income,Developed,Asia_High income
Israel,1993,Asia,Middle East,High income,Developed,Asia_High income
Israel,1992,Asia,Middle East,High income,Developed,Asia_High income
Israel,1991,Asia,Middle East,High income,Developed,Asia_High income
Israel,1990,Asia,Middle East,High income,Developed,Asia_High income
Israel,1989,Asia,Middle East,High income,Developed,Asia_High income
Israel,1988,Asia,Middle East,High income,Developed,Asia_High income
Israel,1987,Asia,Middle East,High income,Developed,Asia_High income
Israel,1986,Asia,Middle East,High income,Developed,Asia_High income
Israel,1985,Asia,Middle East,High income,Developed,Asia_High income
Israel,1984,Asia,Middle East,High income,Developed,Asia_High income
Israel,1983,Asia,Middle East,High income,Developed,Asia_High income
Israel,1982,Asia,Middle East,High income,Developed,Asia_High income
Israel,1981,Asia,Middle East,High income,Developed,Asia_High income
Israel,1980,Asia,Middle East,High income,Developed,Asia_High income
Israel,1979,Asia,Middle East,High income,Developed,Asia_High income
Israel,1978,Asia,Middle East,High income,Developed,Asia_High income
Israel,1977,Asia,Middle East,High income,Developed,Asia_High income
Israel,1976,Asia,Middle East,High income,Developed,Asia_High income
Israel,1975,Asia,Middle East,High income,Developed,Asia_High income
Israel,1974,Asia,Middle East,High income,Developed,Asia_High income
Italy,2024,Europe,Southern Europe,High income,Developed,Europe_High income
Italy,2023,Europe,Southern Europe,High income,Developed,Europe_High income
Italy,2022,Europe,Southern Europe,High income,Developed,Europe_High income
Italy,2021,Europe,Southern Europe,High income,Developed,Europe_High income
Italy,2020,Europe,Southern Europe,High income,Developed,Europe_High income
Italy,2019,Europe,Southern Europe,High income,Developed,Europe_High income
Italy,2018,Europe,Southern Europe,High income,Developed,Europe_High income
Italy,2017,Europe,Southern Europe,High income,Developed,Europe_High income
Italy,2016,Europe,Southern Europe,High income,Developed,Europe_High income
Italy,2015,Europe,Southern Europe,High income,Developed,Europe_High income
Italy,2014,Europe,Southern Europe,High income,Developed,Europe_High income
Italy,2013,Europe,Southern Europe,High income,Developed,Europe_High income
Italy,2012,Europe,Southern Europe,High income,Developed,Europe_High income
Italy,2011,Europe,Southern Europe,High income,Developed,Europe_High income
Italy,2010,Europe,Southern Europe,High income,Developed,Europe_High income
Italy,2009,Europe,Southern Europe,High income,Developed,Europe_High income
Italy,2008,Europe,Southern Europe,High income,Developed,Europe_High income
Italy,2007,Europe,Southern Europe,High income,Developed,Europe_High income
Italy,2006,Europe,Southern Europe,High income,Developed,Europe_High income
Italy,2005,Europe,Southern Europe,High income,Developed,Europe_High income
Italy,2004,Europe,Southern Europe,High income,Developed,Europe_High income
Italy,2003,Europe,Southern Europe,High income,Developed,Europe_High income
Italy,2002,Europe,Southern Europe,High income,Developed,Europe_High income
Italy,2001,Europe,Southern Europe,High income,Developed,Europe_High income
Italy,2000,Europe,Southern Europe,High income,Developed,Europe_High income
Italy,1999,Europe,Southern Europe,High income,Developed,Europe_High income
Italy,1998,Europe,Southern Europe,High income,Developed,Europe_High income
Italy,1997,Europe,Southern Europe,High income,Developed,Europe_High income
Italy,1996,Europe,Southern Europe,High income,Developed,Europe_High income
Italy,1995,Europe,Southern Europe,High income,Developed,Europe_High income
Italy,1994,Europe,Southern Europe,High income,Developed,Europe_High income
Italy,1993,Europe,Southern Europe,High income,Developed,Europe_High income
Italy,1992,Europe,Southern Europe,High income,Developed,Europe_High income
Italy,1991,Europe,Southern Europe,High income,Developed,Europe_High income
Italy,1990,Europe,Southern Europe,High income,Developed,Europe_High income
Italy,1989,Europe,Southern Europe,High income,Developed,Europe_High income
Italy,1988,Europe,Southern Europe,High income,Developed,Europe_High income
Italy,1987,Europe,Southern Europe,High income,Developed,Europe_High income
Italy,1986,Europe,Southern Europe,High income,Developed,Europe_High income
Italy,1985,Europe,Southern Europe,High income,Developed,Europe_High income
Italy,1984,Europe,Southern Europe,High income,Developed,Europe_High income
Italy,1983,Europe,Southern Europe,High income,Developed,Europe_High income
Italy,1982,Europe,Southern Europe,High income,Developed,Europe_High income
Italy,1981,Europe,Southern Europe,High income,Developed,Europe_High income
Italy,1980,Europe,Southern Europe,High income,Developed,Europe_High income
Italy,1979,Europe,Southern Europe,High income,Developed,Europe_High income
Italy,1978,Europe,Southern Europe,High income,Developed,Europe_High income
Italy,1977,Europe,Southern Europe,High income,Developed,Europe_High income
Italy,1976,Europe,Southern Europe,High income,Developed,Europe_High income
Italy,1975,Europe,Southern Europe,High income,Developed,Europe_High income
Italy,1974,Europe,Southern Europe,High income,Developed,Europe_High income
Jamaica,2024,North America,Caribbean,Upper middle income,Developing,North America_Upper middle income
Jamaica,2023,North America,Caribbean,Upper middle income,Developing,North America_Upper middle income
Jamaica,2022,North America,Caribbean,Upper middle income,Developing,North America_Upper middle income
Jamaica,2021,North America,Caribbean,Upper middle income,Developing,North America_Upper middle income
Jamaica,2020,North America,Caribbean,Upper middle income,Developing,North America_Upper middle income
Jamaica,2019,North America,Caribbean,Upper middle income,Developing,North America_Upper middle income
Jamaica,2018,North America,Caribbean,Upper middle income,Developing,North America_Upper middle income
Jamaica,2017,North America,Caribbean,Upper middle income,Developing,North America_Upper middle income
Jamaica,2016,North America,Caribbean,Upper middle income,Developing,North America_Upper middle income
Jamaica,2015,North America,Caribbean,Upper middle income,Developing,North America_Upper middle income
Jamaica,2014,North America,Caribbean,Upper middle income,Developing,North America_Upper middle income
Jamaica,2013,North America,Caribbean,Upper middle income,Developing,North America_Upper middle income
Jamaica,2012,North America,Caribbean,Upper middle income,Developing,North America_Upper middle income
Jamaica,2011,North America,Caribbean,Upper middle income,Developing,North America_Upper middle income
Jamaica,2010,North America,Caribbean,Upper middle income,Developing,North America_Upper middle income
Jamaica,2009,North America,Caribbean,Upper middle income,Developing,North America_Upper middle income
Jamaica,2008,North America,Caribbean,Upper middle income,Developing,North America_Upper middle income
Jamaica,2007,North America,Caribbean,Upper middle income,Developing,North America_Upper middle income
Jamaica,2006,North America,Caribbean,Upper middle income,Developing,North America_Upper middle income
Jamaica,2005,North America,Caribbean,Upper middle income,Developing,North America_Upper middle income
Jamaica,2004,North America,Caribbean,Upper middle income,Developing,North America_Upper middle income
Jamaica,2003,North America,Caribbean,Upper middle income,Developing,North America_Upper middle income
Jamaica,2002,North America,Caribbean,Upper middle income,Developing,North America_Upper middle income
Jamaica,2001,North America,Caribbean,Upper middle income,Developing,North America_Upper middle income
Jamaica,2000,North America,Caribbean,Upper middle income,Developing,North America_Upper middle income
Jamaica,1999,North America,Caribbean,Upper middle income,Developing,North America_Upper middle income
Jamaica,1998,North America,Caribbean,Upper middle income,Developing,North America_Upper middle income
Jamaica,1997,North America,Caribbean,Upper middle income,Developing,North America_Upper middle income
Jamaica,1996,North America,Caribbean,Upper middle income,Developing,North America_Upper middle income
Jamaica,1995,North America,Caribbean,Upper middle income,Developing,North America_Upper middle income
Jamaica,1994,North America,Caribbean,Upper middle income,Developing,North America_Upper middle income
Jamaica,1993,North America,Caribbean,Upper middle income,Developing,North America_Upper middle income
Jamaica,1992,North America,Caribbean,Upper middle income,Developing,North America_Upper middle income
Jamaica,1991,North America,Caribbean,Upper middle income,Developing,North America_Upper middle income
Jamaica,1990,North America,Caribbean,Upper middle income,Developing,North America_Upper middle income
Jamaica,1989,North America,Caribbean,Upper middle income,Developing,North America_Upper middle income
Jamaica,1988,North America,Caribbean,Upper middle income,Developing,North America_Upper middle income
Jamaica,1987,North America,Caribbean,Upper middle income,Developing,North America_Upper middle income
Jamaica,1986,North America,Caribbean,Upper middle income,Developing,North America_Upper middle income
Jamaica,1985,North America,Caribbean,Upper middle income,Developing,North America_Upper middle income
Jamaica,1984,North America,Caribbean,Upper middle income,Developing,North America_Upper middle income
Jamaica,1983,North America,Caribbean,Upper middle income,Developing,North America_Upper middle income
Jamaica,1982,North America,Caribbean,Upper middle income,Developing,North America_Upper middle income
Jamaica,1981,North America,Caribbean,Upper middle income,Developing,North America_Upper middle income
Jamaica,1980,North America,Caribbean,Upper middle income,Developing,North America_Upper middle income
Jamaica,1979,North America,Caribbean,Upper middle income,Developing,North America_Upper middle income
Jamaica,1978,North America,Caribbean,Upper middle income,Developing,North America_Upper middle income
Jamaica,1977,North America,Caribbean,Upper middle income,Developing,North America_Upper middle income
Jamaica,1976,North America,Caribbean,Upper middle income,Developing,North America_Upper middle income
Jamaica,1975,North America,Caribbean,Upper middle income,Developing,North America_Upper middle income
Jamaica,1974,North America,Caribbean,Upper middle income,Developing,North America_Upper middle income
Japan,2024,Asia,East Asia,High income,Developed,Asia_High income
Japan,2023,Asia,East Asia,High income,Developed,Asia_High income
Japan,2022,Asia,East Asia,High income,Developed,Asia_High income
Japan,2021,Asia,East Asia,High income,Developed,Asia_High income
Japan,2020,Asia,East Asia,High income,Developed,Asia_High income
Japan,2019,Asia,East Asia,High income,Developed,Asia_High income
Japan,2018,Asia,East Asia,High income,Developed,Asia_High income
Japan,2017,Asia,East Asia,High income,Developed,Asia_High income
Japan,2016,Asia,East Asia,High income,Developed,Asia_High income
Japan,2015,Asia,East Asia,High income,Developed,Asia_High income
Japan,2014,Asia,East Asia,High income,Developed,Asia_High income
Japan,2013,Asia,East Asia,High income,Developed,Asia_High income
Japan,2012,Asia,East Asia,High income,Developed,Asia_High income
Japan,2011,Asia,East Asia,High income,Developed,Asia_High income
Japan,2010,Asia,East Asia,High income,Developed,Asia_High income
Japan,2009,Asia,East Asia,High income,Developed,Asia_High income
Japan,2008,Asia,East Asia,High income,Developed,Asia_High income
Japan,2007,Asia,East Asia,High income,Developed,Asia_High income
Japan,2006,Asia,East Asia,High income,Developed,Asia_High income
Japan,2005,Asia,East Asia,High income,Developed,Asia_High income
Japan,2004,Asia,East Asia,High income,Developed,Asia_High income
Japan,2003,Asia,East Asia,High income,Developed,Asia_High income
Japan,2002,Asia,East Asia,High income,Developed,Asia_High income
Japan,2001,Asia,East Asia,High income,Developed,Asia_High income
Japan,2000,Asia,East Asia,High income,Developed,Asia_High income
Japan,1999,Asia,East Asia,High income,Developed,Asia_High income
Japan,1998,Asia,East Asia,High income,Developed,Asia_High income
Japan,1997,Asia,East Asia,High income,Developed,Asia_High income
Japan,1996,Asia,East Asia,High income,Developed,Asia_High income
Japan,1995,Asia,East Asia,High income,Developed,Asia_High income
Japan,1994,Asia,East Asia,High income,Developed,Asia_High income
Japan,1993,Asia,East Asia,High income,Developed,Asia_High income
Japan,1992,Asia,East Asia,High income,Developed,Asia_High income
Japan,1991,Asia,East Asia,High income,Developed,Asia_High income
Japan,1990,Asia,East Asia,High income,Developed,Asia_High income
Japan,1989,Asia,East Asia,High income,Developed,Asia_High income
Japan,1988,Asia,East Asia,High income,Developed,Asia_High income
Japan,1987,Asia,East Asia,High income,Developed,Asia_High income
Japan,1986,Asia,East Asia,High income,Developed,Asia_High income
Japan,1985,Asia,East Asia,High income,Developed,Asia_High income
Japan,1984,Asia,East Asia,High income,Developed,Asia_High income
Japan,1983,Asia,East Asia,High income,Developed,Asia_High income
Japan,1982,Asia,East Asia,High income,Developed,Asia_High income
Japan,1981,Asia,East Asia,High income,Developed,Asia_High income
Japan,1980,Asia,East Asia,High income,Developed,Asia_High income
Japan,1979,Asia,East Asia,High income,Developed,Asia_High income
Japan,1978,Asia,East Asia,High income,Developed,Asia_High income
Japan,1977,Asia,East Asia,High income,Developed,Asia_High income
Japan,1976,Asia,East Asia,High income,Developed,Asia_High income
Japan,1975,Asia,East Asia,High income,Developed,Asia_High income
Japan,1974,Asia,East Asia,High income,Developed,Asia_High income
Jordan,2024,Asia,Middle East,Upper middle income,Developing,Asia_Upper middle income
Jordan,2023,Asia,Middle East,Upper middle income,Developing,Asia_Upper middle income
Jordan,2022,Asia,Middle East,Upper middle income,Developing,Asia_Upper middle income
Jordan,2021,Asia,Middle East,Upper middle income,Developing,Asia_Upper middle income
Jordan,2020,Asia,Middle East,Upper middle income,Developing,Asia_Upper middle income
Jordan,2019,Asia,Middle East,Upper middle income,Developing,Asia_Upper middle income
Jordan,2018,Asia,Middle East,Upper middle income,Developing,Asia_Upper middle income
Jordan,2017,Asia,Middle East,Upper middle income,Developing,Asia_Upper middle income
Jordan,2016,Asia,Middle East,Upper middle income,Developing,Asia_Upper middle income
Jordan,2015,Asia,Middle East,Upper middle income,Developing,Asia_Upper middle income
Jordan,2014,Asia,Middle East,Upper middle income,Developing,Asia_Upper middle income
Jordan,2013,Asia,Middle East,Upper middle income,Developing,Asia_Upper middle income
Jordan,2012,Asia,Middle East,Upper middle income,Developing,Asia_Upper middle income
Jordan,2011,Asia,Middle East,Upper middle income,Developing,Asia_Upper middle income
Jordan,2010,Asia,Middle East,Upper middle income,Developing,Asia_Upper middle income
Jordan,2009,Asia,Middle East,Upper middle income,Developing,Asia_Upper middle income
Jordan,2008,Asia,Middle East,Upper middle income,Developing,Asia_Upper middle income
Jordan,2007,Asia,Middle East,Upper middle income,Developing,Asia_Upper middle income
Jordan,2006,Asia,Middle East,Upper middle income,Developing,Asia_Upper middle income
Jordan,2005,Asia,Middle East,Upper middle income,Developing,Asia_Upper middle income
Jordan,2004,Asia,Middle East,Upper middle income,Developing,Asia_Upper middle income
Jordan,2003,Asia,Middle East,Upper middle income,Developing,Asia_Upper middle income
Jordan,2002,Asia,Middle East,Upper middle income,Developing,Asia_Upper middle income
Jordan,2001,Asia,Middle East,Upper middle income,Developing,Asia_Upper middle income
Jordan,2000,Asia,Middle East,Upper middle income,Developing,Asia_Upper middle income
Jordan,1999,Asia,Middle East,Upper middle income,Developing,Asia_Upper middle income
Jordan,1998,Asia,Middle East,Upper middle income,Developing,Asia_Upper middle income
Jordan,1997,Asia,Middle East,Upper middle income,Developing,Asia_Upper middle income
Jordan,1996,Asia,Middle East,Upper middle income,Developing,Asia_Upper middle income
Jordan,1995,Asia,Middle East,Upper middle income,Developing,Asia_Upper middle income
Jordan,1994,Asia,Middle East,Upper middle income,Developing,Asia_Upper middle income
Jordan,1993,Asia,Middle East,Upper middle income,Developing,Asia_Upper middle income
Jordan,1992,Asia,Middle East,Upper middle income,Developing,Asia_Upper middle income
Jordan,1991,Asia,Middle East,Upper middle income,Developing,Asia_Upper middle income
Jordan,1990,Asia,Middle East,Upper middle income,Developing,Asia_Upper middle income
Jordan,1989,Asia,Middle East,Upper middle income,Developing,Asia_Upper middle income
Jordan,1988,Asia,Middle East,Upper middle income,Developing,Asia_Upper middle income
Jordan,1987,Asia,Middle East,Upper middle income,Developing,Asia_Upper middle income
Jordan,1986,Asia,Middle East,Upper middle income,Developing,Asia_Upper middle income
Jordan,1985,Asia,Middle East,Upper middle income,Developing,Asia_Upper middle income
Jordan,1984,Asia,Middle East,Upper middle income,Developing,Asia_Upper middle income
Jordan,1983,Asia,Middle East,Upper middle income,Developing,Asia_Upper middle income
Jordan,1982,Asia,Middle East,Upper middle income,Developing,Asia_Upper middle income
Jordan,1981,Asia,Middle East,Upper middle income,Developing,Asia_Upper middle income
Jordan,1980,Asia,Middle East,Upper middle income,Developing,Asia_Upper middle income
Jordan,1979,Asia,Middle East,Upper middle income,Developing,Asia_Upper middle income
Jordan,1978,Asia,Middle East,Upper middle income,Developing,Asia_Upper middle income
Jordan,1977,Asia,Middle East,Upper middle income,Developing,Asia_Upper middle income
Jordan,1976,Asia,Middle East,Upper middle income,Developing,Asia_Upper middle income
Jordan,1975,Asia,Middle East,Upper middle income,Developing,Asia_Upper middle income
Jordan,1974,Asia,Middle East,Upper middle income,Developing,Asia_Upper middle income
Kazakhstan,2024,Asia,Central Asia,Upper middle income,Developing,Asia_Upper middle income
Kazakhstan,2023,Asia,Central Asia,Upper middle income,Developing,Asia_Upper middle income
Kazakhstan,2022,Asia,Central Asia,Upper middle income,Developing,Asia_Upper middle income
Kazakhstan,2021,Asia,Central Asia,Upper middle income,Developing,Asia_Upper middle income
Kazakhstan,2020,Asia,Central Asia,Upper middle income,Developing,Asia_Upper middle income
Kazakhstan,2019,Asia,Central Asia,Upper middle income,Developing,Asia_Upper middle income
Kazakhstan,2018,Asia,Central Asia,Upper middle income,Developing,Asia_Upper middle income
Kazakhstan,2017,Asia,Central Asia,Upper middle income,Developing,Asia_Upper middle income
Kazakhstan,2016,Asia,Central Asia,Upper middle income,Developing,Asia_Upper middle income
Kazakhstan,2015,Asia,Central Asia,Upper middle income,Developing,Asia_Upper middle income
Kazakhstan,2014,Asia,Central Asia,Upper middle income,Developing,Asia_Upper middle income
Kazakhstan,2013,Asia,Central Asia,Upper middle income,Developing,Asia_Upper middle income
Kazakhstan,2012,Asia,Central Asia,Upper middle income,Developing,Asia_Upper middle income
Kazakhstan,2011,Asia,Central Asia,Upper middle income,Developing,Asia_Upper middle income
Kazakhstan,2010,Asia,Central Asia,Upper middle income,Developing,Asia_Upper middle income
Kazakhstan,2009,Asia,Central Asia,Upper middle income,Developing,Asia_Upper middle income
Kazakhstan,2008,Asia,Central Asia,Upper middle income,Developing,Asia_Upper middle income
Kazakhstan,2007,Asia,Central Asia,Upper middle income,Developing,Asia_Upper middle income
Kazakhstan,2006,Asia,Central Asia,Upper middle income,Developing,Asia_Upper middle income
Kazakhstan,2005,Asia,Central Asia,Upper middle income,Developing,Asia_Upper middle income
Kazakhstan,2004,Asia,Central Asia,Upper middle income,Developing,Asia_Upper middle income
Kazakhstan,2003,Asia,Central Asia,Upper middle income,Developing,Asia_Upper middle income
Kazakhstan,2002,Asia,Central Asia,Upper middle income,Developing,Asia_Upper middle income
Kazakhstan,2001,Asia,Central Asia,Upper middle income,Developing,Asia_Upper middle income
Kazakhstan,2000,Asia,Central Asia,Upper middle income,Developing,Asia_Upper middle income
Kazakhstan,1999,Asia,Central Asia,Upper middle income,Developing,Asia_Upper middle income
Kazakhstan,1998,Asia,Central Asia,Upper middle income,Developing,Asia_Upper middle income
Kazakhstan,1997,Asia,Central Asia,Upper middle income,Developing,Asia_Upper middle income
Kazakhstan,1996,Asia,Central Asia,Upper middle income,Developing,Asia_Upper middle income
Kazakhstan,1995,Asia,Central Asia,Upper middle income,Developing,Asia_Upper middle income
Kazakhstan,1994,Asia,Central Asia,Upper middle income,Developing,Asia_Upper middle income
Kazakhstan,1993,Asia,Central Asia,Upper middle income,Developing,Asia_Upper middle income
Kazakhstan,1992,Asia,Central Asia,Upper middle income,Developing,Asia_Upper middle income
Kazakhstan,1991,Asia,Central Asia,Upper middle income,Developing,Asia_Upper middle income
Kazakhstan,1990,Asia,Central Asia,Upper middle income,Developing,Asia_Upper middle income
Kazakhstan,1989,Asia,Central Asia,Upper middle income,Developing,Asia_Upper middle income
Kazakhstan,1988,Asia,Central Asia,Upper middle income,Developing,Asia_Upper middle income
Kazakhstan,1987,Asia,Central Asia,Upper middle income,Developing,Asia_Upper middle income
Kazakhstan,1986,Asia,Central Asia,Upper middle income,Developing,Asia_Upper middle income
Kazakhstan,1985,Asia,Central Asia,Upper middle income,Developing,Asia_Upper middle income
Kazakhstan,1984,Asia,Central Asia,Upper middle income,Developing,Asia_Upper middle income
Kazakhstan,1983,Asia,Central Asia,Upper middle income,Developing,Asia_Upper middle income
Kazakhstan,1982,Asia,Central Asia,Upper middle income,Developing,Asia_Upper middle income
Kazakhstan,1981,Asia,Central Asia,Upper middle income,Developing,Asia_Upper middle income
Kazakhstan,1980,Asia,Central Asia,Upper middle income,Developing,Asia_Upper middle income
Kazakhstan,1979,Asia,Central Asia,Upper middle income,Developing,Asia_Upper middle income
Kazakhstan,1978,Asia,Central Asia,Upper middle income,Developing,Asia_Upper middle income
Kazakhstan,1977,Asia,Central Asia,Upper middle income,Developing,Asia_Upper middle income
Kazakhstan,1976,Asia,Central Asia,Upper middle income,Developing,Asia_Upper middle income
Kazakhstan,1975,Asia,Central Asia,Upper middle income,Developing,Asia_Upper middle income
Kazakhstan,1974,Asia,Central Asia,Upper middle income,Developing,Asia_Upper middle income
Kenya,2024,Africa,East Africa,Lower middle income,Developing,Africa_Lower middle income
Kenya,2023,Africa,East Africa,Lower middle income,Developing,Africa_Lower middle income
Kenya,2022,Africa,East Africa,Lower middle income,Developing,Africa_Lower middle income
Kenya,2021,Africa,East Africa,Lower middle income,Developing,Africa_Lower middle income
Kenya,2020,Africa,East Africa,Lower middle income,Developing,Africa_Lower middle income
Kenya,2019,Africa,East Africa,Lower middle income,Developing,Africa_Lower middle income
Kenya,2018,Africa,East Africa,Lower middle income,Developing,Africa_Lower middle income
Kenya,2017,Africa,East Africa,Lower middle income,Developing,Africa_Lower middle income
Kenya,2016,Africa,East Africa,Lower middle income,Developing,Africa_Lower middle income
Kenya,2015,Africa,East Africa,Lower middle income,Developing,Africa_Lower middle income
Kenya,2014,Africa,East Africa,Lower middle income,Developing,Africa_Lower middle income
Kenya,2013,Africa,East Africa,Lower middle income,Developing,Africa_Lower middle income
Kenya,2012,Africa,East Africa,Lower middle income,Developing,Africa_Lower middle income
Kenya,2011,Africa,East Africa,Lower middle income,Developing,Africa_Lower middle income
Kenya,2010,Africa,East Africa,Lower middle income,Developing,Africa_Lower middle income
Kenya,2009,Africa,East Africa,Lower middle income,Developing,Africa_Lower middle income
Kenya,2008,Africa,East Africa,Lower middle income,Developing,Africa_Lower middle income
Kenya,2007,Africa,East Africa,Lower middle income,Developing,Africa_Lower middle income
Kenya,2006,Africa,East Africa,Lower middle income,Developing,Africa_Lower middle income
Kenya,2005,Africa,East Africa,Lower middle income,Developing,Africa_Lower middle income
Kenya,2004,Africa,East Africa,Lower middle income,Developing,Africa_Lower middle income
Kenya,2003,Africa,East Africa,Lower middle income,Developing,Africa_Lower middle income
Kenya,2002,Africa,East Africa,Lower middle income,Developing,Africa_Lower middle income
Kenya,2001,Africa,East Africa,Lower middle income,Developing,Africa_Lower middle income
Kenya,2000,Africa,East Africa,Lower middle income,Developing,Africa_Lower middle income
Kenya,1999,Africa,East Africa,Lower middle income,Developing,Africa_Lower middle income
Kenya,1998,Africa,East Africa,Lower middle income,Developing,Africa_Lower middle income
Kenya,1997,Africa,East Africa,Lower middle income,Developing,Africa_Lower middle income
Kenya,1996,Africa,East Africa,Lower middle income,Developing,Africa_Lower middle income
Kenya,1995,Africa,East Africa,Lower middle income,Developing,Africa_Lower middle income
Kenya,1994,Africa,East Africa,Lower middle income,Developing,Africa_Lower middle income
Kenya,1993,Africa,East Africa,Lower middle income,Developing,Africa_Lower middle income
Kenya,1992,Africa,East Africa,Lower middle income,Developing,Africa_Lower middle income
Kenya,1991,Africa,East Africa,Lower middle income,Developing,Africa_Lower middle income
Kenya,1990,Africa,East Africa,Lower middle income,Developing,Africa_Lower middle income
Kenya,1989,Africa,East Africa,Lower middle income,Developing,Africa_Lower middle income
Kenya,1988,Africa,East Africa,Lower middle income,Developing,Africa_Lower middle income
Kenya,1987,Africa,East Africa,Lower middle income,Developing,Africa_Lower middle income
Kenya,1986,Africa,East Africa,Lower middle income,Developing,Africa_Lower middle income
Kenya,1985,Africa,East Africa,Lower middle income,Developing,Africa_Lower middle income
Kenya,1984,Africa,East Africa,Lower middle income,Developing,Africa_Lower middle income
Kenya,1983,Africa,East Africa,Lower middle income,Developing,Africa_Lower middle income
Kenya,1982,Africa,East Africa,Lower middle income,Developing,Africa_Lower middle income
Kenya,1981,Africa,East Africa,Lower middle income,Developing,Africa_Lower middle income
Kenya,1980,Africa,East Africa,Lower middle income,Developing,Africa_Lower middle income
Kenya,1979,Africa,East Africa,Lower middle income,Developing,Africa_Lower middle income
Kenya,1978,Africa,East Africa,Lower middle income,Developing,Africa_Lower middle income
Kenya,1977,Africa,East Africa,Lower middle income,Developing,Africa_Lower middle income
Kenya,1976,Africa,East Africa,Lower middle income,Developing,Africa_Lower middle income
Kenya,1975,Africa,East Africa,Lower middle income,Developing,Africa_Lower middle income
Kenya,1974,Africa,East Africa,Lower middle income,Developing,Africa_Lower middle income
Kiribati,2024,Oceania,Micronesia,Lower middle income,Developing,Oceania_Lower middle income
Kiribati,2023,Oceania,Micronesia,Lower middle income,Developing,Oceania_Lower middle income
Kiribati,2022,Oceania,Micronesia,Lower middle income,Developing,Oceania_Lower middle income
Kiribati,2021,Oceania,Micronesia,Lower middle income,Developing,Oceania_Lower middle income
Kiribati,2020,Oceania,Micronesia,Lower middle income,Developing,Oceania_Lower middle income
Kiribati,2019,Oceania,Micronesia,Lower middle income,Developing,Oceania_Lower middle income
Kiribati,2018,Oceania,Micronesia,Lower middle income,Developing,Oceania_Lower middle income
Kiribati,2017,Oceania,Micronesia,Lower middle income,Developing,Oceania_Lower middle income
Kiribati,2016,Oceania,Micronesia,Lower middle income,Developing,Oceania_Lower middle income
Kiribati,2015,Oceania,Micronesia,Lower middle income,Developing,Oceania_Lower middle income
Kiribati,2014,Oceania,Micronesia,Lower middle income,Developing,Oceania_Lower middle income
Kiribati,2013,Oceania,Micronesia,Lower middle income,Developing,Oceania_Lower middle income
Kiribati,2012,Oceania,Micronesia,Lower middle income,Developing,Oceania_Lower middle income
Kiribati,2011,Oceania,Micronesia,Lower middle income,Developing,Oceania_Lower middle income
Kiribati,2010,Oceania,Micronesia,Lower middle income,Developing,Oceania_Lower middle income
Kiribati,2009,Oceania,Micronesia,Lower middle income,Developing,Oceania_Lower middle income
Kiribati,2008,Oceania,Micronesia,Lower middle income,Developing,Oceania_Lower middle income
Kiribati,2007,Oceania,Micronesia,Lower middle income,Developing,Oceania_Lower middle income
Kiribati,2006,Oceania,Micronesia,Lower middle income,Developing,Oceania_Lower middle income
Kiribati,2005,Oceania,Micronesia,Lower middle income,Developing,Oceania_Lower middle income
Kiribati,2004,Oceania,Micronesia,Lower middle income,Developing,Oceania_Lower middle income
Kiribati,2003,Oceania,Micronesia,Lower middle income,Developing,Oceania_Lower middle income
Kiribati,2002,Oceania,Micronesia,Lower middle income,Developing,Oceania_Lower middle income
Kiribati,2001,Oceania,Micronesia,Lower middle income,Developing,Oceania_Lower middle income
Kiribati,2000,Oceania,Micronesia,Lower middle income,Developing,Oceania_Lower middle income
Kiribati,1999,Oceania,Micronesia,Lower middle income,Developing,Oceania_Lower middle income
Kiribati,1998,Oceania,Micronesia,Lower middle income,Developing,Oceania_Lower middle income
Kiribati,1997,Oceania,Micronesia,Lower middle income,Developing,Oceania_Lower middle income
Kiribati,1996,Oceania,Micronesia,Lower middle income,Developing,Oceania_Lower middle income
Kiribati,1995,Oceania,Micronesia,Lower middle income,Developing,Oceania_Lower middle income
Kiribati,1994,Oceania,Micronesia,Lower middle income,Developing,Oceania_Lower middle income
Kiribati,1993,Oceania,Micronesia,Lower middle income,Developing,Oceania_Lower middle income
Kiribati,1992,Oceania,Micronesia,Lower middle income,Developing,Oceania_Lower middle income
Kiribati,1991,Oceania,Micronesia,Lower middle income,Developing,Oceania_Lower middle income
Kiribati,1990,Oceania,Micronesia,Lower middle income,Developing,Oceania_Lower middle income
Kiribati,1989,Oceania,Micronesia,Lower middle income,Developing,Oceania_Lower middle income
Kiribati,1988,Oceania,Micronesia,Lower middle income,Developing,Oceania_Lower middle income
Kiribati,1987,Oceania,Micronesia,Lower middle income,Developing,Oceania_Lower middle income
Kiribati,1986,Oceania,Micronesia,Lower middle income,Developing,Oceania_Lower middle income
Kiribati,1985,Oceania,Micronesia,Lower middle income,Developing,Oceania_Lower middle income
Kiribati,1984,Oceania,Micronesia,Lower middle income,Developing,Oceania_Lower middle income
Kiribati,1983,Oceania,Micronesia,Lower middle income,Developing,Oceania_Lower middle income
Kiribati,1982,Oceania,Micronesia,Lower middle income,Developing,Oceania_Lower middle income
Kiribati,1981,Oceania,Micronesia,Lower middle income,Developing,Oceania_Lower middle income
Kiribati,1980,Oceania,Micronesia,Lower middle income,Developing,Oceania_Lower middle income
Kiribati,1979,Oceania,Micronesia,Lower middle income,Developing,Oceania_Lower middle income
Kiribati,1978,Oceania,Micronesia,Lower middle income,Developing,Oceania_Lower middle income
Kiribati,1977,Oceania,Micronesia,Lower middle income,Developing,Oceania_Lower middle income
Kiribati,1976,Oceania,Micronesia,Lower middle income,Developing,Oceania_Lower middle income
Kiribati,1975,Oceania,Micronesia,Lower middle income,Developing,Oceania_Lower middle income
Kiribati,1974,Oceania,Micronesia,Lower middle income,Developing,Oceania_Lower middle income
"Korea, Dem. People's Rep.",2024,Asia,East Asia,Low income,Developing,Asia_Low income
"Korea, Dem. People's Rep.",2023,Asia,East Asia,Low income,Developing,Asia_Low income
"Korea, Dem. People's Rep.",2022,Asia,East Asia,Low income,Developing,Asia_Low income
"Korea, Dem. People's Rep.",2021,Asia,East Asia,Low income,Developing,Asia_Low income
"Korea, Dem. People's Rep.",2020,Asia,East Asia,Low income,Developing,Asia_Low income
"Korea, Dem. People's Rep.",2019,Asia,East Asia,Low income,Developing,Asia_Low income
"Korea, Dem. People's Rep.",2018,Asia,East Asia,Low income,Developing,Asia_Low income
"Korea, Dem. People's Rep.",2017,Asia,East Asia,Low income,Developing,Asia_Low income
"Korea, Dem. People's Rep.",2016,Asia,East Asia,Low income,Developing,Asia_Low income
"Korea, Dem. People's Rep.",2015,Asia,East Asia,Low income,Developing,Asia_Low income
"Korea, Dem. People's Rep.",2014,Asia,East Asia,Low income,Developing,Asia_Low income
"Korea, Dem. People's Rep.",2013,Asia,East Asia,Low income,Developing,Asia_Low income
"Korea, Dem. People's Rep.",2012,Asia,East Asia,Low income,Developing,Asia_Low income
"Korea, Dem. People's Rep.",2011,Asia,East Asia,Low income,Developing,Asia_Low income
"Korea, Dem. People's Rep.",2010,Asia,East Asia,Low income,Developing,Asia_Low income
"Korea, Dem. People's Rep.",2009,Asia,East Asia,Low income,Developing,Asia_Low income
"Korea, Dem. People's Rep.",2008,Asia,East Asia,Low income,Developing,Asia_Low income
"Korea, Dem. People's Rep.",2007,Asia,East Asia,Low income,Developing,Asia_Low income
"Korea, Dem. People's Rep.",2006,Asia,East Asia,Low income,Developing,Asia_Low income
"Korea, Dem. People's Rep.",2005,Asia,East Asia,Low income,Developing,Asia_Low income
"Korea, Dem. People's Rep.",2004,Asia,East Asia,Low income,Developing,Asia_Low income
"Korea, Dem. People's Rep.",2003,Asia,East Asia,Low income,Developing,Asia_Low income
"Korea, Dem. People's Rep.",2002,Asia,East Asia,Low income,Developing,Asia_Low income
"Korea, Dem. People's Rep.",2001,Asia,East Asia,Low income,Developing,Asia_Low income
"Korea, Dem. People's Rep.",2000,Asia,East Asia,Low income,Developing,Asia_Low income
"Korea, Dem. People's Rep.",1999,Asia,East Asia,Low income,Developing,Asia_Low income
"Korea, Dem. People's Rep.",1998,Asia,East Asia,Low income,Developing,Asia_Low income
"Korea, Dem. People's Rep.",1997,Asia,East Asia,Low income,Developing,Asia_Low income
"Korea, Dem. People's Rep.",1996,Asia,East Asia,Low income,Developing,Asia_Low income
"Korea, Dem. People's Rep.",1995,Asia,East Asia,Low income,Developing,Asia_Low income
"Korea, Dem. People's Rep.",1994,Asia,East Asia,Low income,Developing,Asia_Low income
"Korea, Dem. People's Rep.",1993,Asia,East Asia,Low income,Developing,Asia_Low income
"Korea, Dem. People's Rep.",1992,Asia,East Asia,Low income,Developing,Asia_Low income
"Korea, Dem. People's Rep.",1991,Asia,East Asia,Low income,Developing,Asia_Low income
"Korea, Dem. People's Rep.",1990,Asia,East Asia,Low income,Developing,Asia_Low income
"Korea, Dem. People's Rep.",1989,Asia,East Asia,Low income,Developing,Asia_Low income
"Korea, Dem. People's Rep.",1988,Asia,East Asia,Low income,Developing,Asia_Low income
"Korea, Dem. People's Rep.",1987,Asia,East Asia,Low income,Developing,Asia_Low income
"Korea, Dem. People's Rep.",1986,Asia,East Asia,Low income,Developing,Asia_Low income
"Korea, Dem. People's Rep.",1985,Asia,East Asia,Low income,Developing,Asia_Low income
"Korea, Dem. People's Rep.",1984,Asia,East Asia,Low income,Developing,Asia_Low income
"Korea, Dem. People's Rep.",1983,Asia,East Asia,Low income,Developing,Asia_Low income
"Korea, Dem. People's Rep.",1982,Asia,East Asia,Low income,Developing,Asia_Low income
"Korea, Dem. People's Rep.",1981,Asia,East Asia,Low income,Developing,Asia_Low income
"Korea, Dem. People's Rep.",1980,Asia,East Asia,Low income,Developing,Asia_Low income
"Korea, Dem. People's Rep.",1979,Asia,East Asia,Low income,Developing,Asia_Low income
"Korea, Dem. People's Rep.",1978,Asia,East Asia,Low income,Developing,Asia_Low income
"Korea, Dem. People's Rep.",1977,Asia,East Asia,Low income,Developing,Asia_Low income
"Korea, Dem. People's Rep.",1976,Asia,East Asia,Low income,Developing,Asia_Low income
"Korea, Dem. People's Rep.",1975,Asia,East Asia,Low income,Developing,Asia_Low income
"Korea, Dem. People's Rep.",1974,Asia,East Asia,Low income,Developing,Asia_Low income
"Korea, Rep.",2024,Asia,East Asia,High income,Developed,Asia_High income
"Korea, Rep.",2023,Asia,East Asia,High income,Developed,Asia_High income
"Korea, Rep.",2022,Asia,East Asia,High income,Developed,Asia_High income
"Korea, Rep.",2021,Asia,East Asia,High income,Developed,Asia_High income
"Korea, Rep.",2020,Asia,East Asia,High income,Developed,Asia_High income
"Korea, Rep.",2019,Asia,East Asia,High income,Developed,Asia_High income
"Korea, Rep.",2018,Asia,East Asia,High income,Developed,Asia_High income
"Korea, Rep.",2017,Asia,East Asia,High income,Developed,Asia_High income
"Korea, Rep.",2016,Asia,East Asia,High income,Developed,Asia_High income
"Korea, Rep.",2015,Asia,East Asia,High income,Developed,Asia_High income
"Korea, Rep.",2014,Asia,East Asia,High income,Developed,Asia_High income
"Korea, Rep.",2013,Asia,East Asia,High income,Developed,Asia_High income
"Korea, Rep.",2012,Asia,East Asia,High income,Developed,Asia_High income
"Korea, Rep.",2011,Asia,East Asia,High income,Developed,Asia_High income
"Korea, Rep.",2010,Asia,East Asia,High income,Developed,Asia_High income
"Korea, Rep.",2009,Asia,East Asia,High income,Developed,Asia_High income
"Korea, Rep.",2008,Asia,East Asia,High income,Developed,Asia_High income
"Korea, Rep.",2007,Asia,East Asia,High income,Developed,Asia_High income
"Korea, Rep.",2006,Asia,East Asia,High income,Developed,Asia_High income
"Korea, Rep.",2005,Asia,East Asia,High income,Developed,Asia_High income
"Korea, Rep.",2004,Asia,East Asia,High income,Developed,Asia_High income
"Korea, Rep.",2003,Asia,East Asia,High income,Developed,Asia_High income
"Korea, Rep.",2002,Asia,East Asia,High income,Developed,Asia_High income
"Korea, Rep.",2001,Asia,East Asia,High income,Developed,Asia_High income
"Korea, Rep.",2000,Asia,East Asia,High income,Developed,Asia_High income
"Korea, Rep.",1999,Asia,East Asia,High income,Developed,Asia_High income
"Korea, Rep.",1998,Asia,East Asia,High income,Developed,Asia_High income
"Korea, Rep.",1997,Asia,East Asia,High income,Developed,Asia_High income
"Korea, Rep.",1996,Asia,East Asia,High income,Developed,Asia_High income
"Korea, Rep.",1995,Asia,East Asia,High income,Developed,Asia_High income
"Korea, Rep.",1994,Asia,East Asia,High income,Developed,Asia_High income
"Korea, Rep.",1993,Asia,East Asia,High income,Developed,Asia_High income
"Korea, Rep.",1992,Asia,East Asia,High income,Developed,Asia_High income
"Korea, Rep.",1991,Asia,East Asia,High income,Developed,Asia_High income
"Korea, Rep.",1990,Asia,East Asia,High income,Developed,Asia_High income
"Korea, Rep.",1989,Asia,East Asia,High income,Developed,Asia_High income
"Korea, Rep.",1988,Asia,East Asia,High income,Developed,Asia_High income
"Korea, Rep.",1987,Asia,East Asia,High income,Developed,Asia_High income
"Korea, Rep.",1986,Asia,East Asia,High income,Developed,Asia_High income
"Korea, Rep.",1985,Asia,East Asia,High income,Developed,Asia_High income
"Korea, Rep.",1984,Asia,East Asia,High income,Developed,Asia_High income
"Korea, Rep.",1983,Asia,East Asia,High income,Developed,Asia_High income
"Korea, Rep.",1982,Asia,East Asia,High income,Developed,Asia_High income
"Korea, Rep.",1981,Asia,East Asia,High income,Developed,Asia_High income
"Korea, Rep.",1980,Asia,East Asia,High income,Developed,Asia_High income
"Korea, Rep.",1979,Asia,East Asia,High income,Developed,Asia_High income
"Korea, Rep.",1978,Asia,East Asia,High income,Developed,Asia_High income
"Korea, Rep.",1977,Asia,East Asia,High income,Developed,Asia_High income
"Korea, Rep.",1976,Asia,East Asia,High income,Developed,Asia_High income
"Korea, Rep.",1975,Asia,East Asia,High income,Developed,Asia_High income
"Korea, Rep.",1974,Asia,East Asia,High income,Developed,Asia_High income
Kosovo,2024,Europe,Southern Europe,Upper middle income,Developing,Europe_Upper middle income
Kosovo,2023,Europe,Southern Europe,Upper middle income,Developing,Europe_Upper middle income
Kosovo,2022,Europe,Southern Europe,Upper middle income,Developing,Europe_Upper middle income
Kosovo,2021,Europe,Southern Europe,Upper middle income,Developing,Europe_Upper middle income
Kosovo,2020,Europe,Southern Europe,Upper middle income,Developing,Europe_Upper middle income
Kosovo,2019,Europe,Southern Europe,Upper middle income,Developing,Europe_Upper middle income
Kosovo,2018,Europe,Southern Europe,Upper middle income,Developing,Europe_Upper middle income
Kosovo,2017,Europe,Southern Europe,Upper middle income,Developing,Europe_Upper middle income
Kosovo,2016,Europe,Southern Europe,Upper middle income,Developing,Europe_Upper middle income
Kosovo,2015,Europe,Southern Europe,Upper middle income,Developing,Europe_Upper middle income
Kosovo,2014,Europe,Southern Europe,Upper middle income,Developing,Europe_Upper middle income
Kosovo,2013,Europe,Southern Europe,Upper middle income,Developing,Europe_Upper middle income
Kosovo,2012,Europe,Southern Europe,Upper middle income,Developing,Europe_Upper middle income
Kosovo,2011,Europe,Southern Europe,Upper middle income,Developing,Europe_Upper middle income
Kosovo,2010,Europe,Southern Europe,Upper middle income,Developing,Europe_Upper middle income
Kosovo,2009,Europe,Southern Europe,Upper middle income,Developing,Europe_Upper middle income
Kosovo,2008,Europe,Southern Europe,Upper middle income,Developing,Europe_Upper middle income
Kosovo,2007,Europe,Southern Europe,Upper middle income,Developing,Europe_Upper middle income
Kosovo,2006,Europe,Southern Europe,Upper middle income,Developing,Europe_Upper middle income
Kosovo,2005,Europe,Southern Europe,Upper middle income,Developing,Europe_Upper middle income
Kosovo,2004,Europe,Southern Europe,Upper middle income,Developing,Europe_Upper middle income
Kosovo,2003,Europe,Southern Europe,Upper middle income,Developing,Europe_Upper middle income
Kosovo,2002,Europe,Southern Europe,Upper middle income,Developing,Europe_Upper middle income
Kosovo,2001,Europe,Southern Europe,Upper middle income,Developing,Europe_Upper middle income
Kosovo,2000,Europe,Southern Europe,Upper middle income,Developing,Europe_Upper middle income
Kosovo,1999,Europe,Southern Europe,Upper middle income,Developing,Europe_Upper middle income
Kosovo,1998,Europe,Southern Europe,Upper middle income,Developing,Europe_Upper middle income
Kosovo,1997,Europe,Southern Europe,Upper middle income,Developing,Europe_Upper middle income
Kosovo,1996,Europe,Southern Europe,Upper middle income,Developing,Europe_Upper middle income
Kosovo,1995,Europe,Southern Europe,Upper middle income,Developing,Europe_Upper middle income
Kosovo,1994,Europe,Southern Europe,Upper middle income,Developing,Europe_Upper middle income
Kosovo,1993,Europe,Southern Europe,Upper middle income,Developing,Europe_Upper middle income
Kosovo,1992,Europe,Southern Europe,Upper middle income,Developing,Europe_Upper middle income
Kosovo,1991,Europe,Southern Europe,Upper middle income,Developing,Europe_Upper middle income
Kosovo,1990,Europe,Southern Europe,Upper middle income,Developing,Europe_Upper middle income
Kosovo,1989,Europe,Southern Europe,Upper middle income,Developing,Europe_Upper middle income
Kosovo,1988,Europe,Southern Europe,Upper middle income,Developing,Europe_Upper middle income
Kosovo,1987,Europe,Southern Europe,Upper middle income,Developing,Europe_Upper middle income
Kosovo,1986,Europe,Southern Europe,Upper middle income,Developing,Europe_Upper middle income
Kosovo,1985,Europe,Southern Europe,Upper middle income,Developing,Europe_Upper middle income
Kosovo,1984,Europe,Southern Europe,Upper middle income,Developing,Europe_Upper middle income
Kosovo,1983,Europe,Southern Europe,Upper middle income,Developing,Europe_Upper middle income
Kosovo,1982,Europe,Southern Europe,Upper middle income,Developing,Europe_Upper middle income
Kosovo,1981,Europe,Southern Europe,Upper middle income,Developing,Europe_Upper middle income
Kosovo,1980,Europe,Southern Europe,Upper middle income,Developing,Europe_Upper middle income
Kosovo,1979,Europe,Southern Europe,Upper middle income,Developing,Europe_Upper middle income
Kosovo,1978,Europe,Southern Europe,Upper middle income,Developing,Europe_Upper middle income
Kosovo,1977,Europe,Southern Europe,Upper middle income,Developing,Europe_Upper middle income
Kosovo,1976,Europe,Southern Europe,Upper middle income,Developing,Europe_Upper middle income
Kosovo,1975,Europe,Southern Europe,Upper middle income,Developing,Europe_Upper middle income
Kosovo,1974,Europe,Southern Europe,Upper middle income,Developing,Europe_Upper middle income
Kuwait,2024,Asia,Middle East,High income,Developing,Asia_High income
Kuwait,2023,Asia,Middle East,High income,Developing,Asia_High income
Kuwait,2022,Asia,Middle East,High income,Developing,Asia_High income
Kuwait,2021,Asia,Middle East,High income,Developing,Asia_High income
Kuwait,2020,Asia,Middle East,High income,Developing,Asia_High income
Kuwait,2019,Asia,Middle East,High income,Developing,Asia_High income
Kuwait,2018,Asia,Middle East,High income,Developing,Asia_High income
Kuwait,2017,Asia,Middle East,High income,Developing,Asia_High income
Kuwait,2016,Asia,Middle East,High income,Developing,Asia_High income
Kuwait,2015,Asia,Middle East,High income,Developing,Asia_High income
Kuwait,2014,Asia,Middle East,High income,Developing,Asia_High income
Kuwait,2013,Asia,Middle East,High income,Developing,Asia_High income
Kuwait,2012,Asia,Middle East,High income,Developing,Asia_High income
Kuwait,2011,Asia,Middle East,High income,Developing,Asia_High income
Kuwait,2010,Asia,Middle East,High income,Developing,Asia_High income
Kuwait,2009,Asia,Middle East,High income,Developing,Asia_High income
Kuwait,2008,Asia,Middle East,High income,Developing,Asia_High income
Kuwait,2007,Asia,Middle East,High income,Developing,Asia_High income
Kuwait,2006,Asia,Middle East,High income,Developing,Asia_High income
Kuwait,2005,Asia,Middle East,High income,Developing,Asia_High income
Kuwait,2004,Asia,Middle East,High income,Developing,Asia_High income
Kuwait,2003,Asia,Middle East,High income,Developing,Asia_High income
Kuwait,2002,Asia,Middle East,High income,Developing,Asia_High income
Kuwait,2001,Asia,Middle East,High income,Developing,Asia_High income
Kuwait,2000,Asia,Middle East,High income,Developing,Asia_High income
Kuwait,1999,Asia,Middle East,High income,Developing,Asia_High income
Kuwait,1998,Asia,Middle East,High income,Developing,Asia_High income
Kuwait,1997,Asia,Middle East,High income,Developing,Asia_High income
Kuwait,1996,Asia,Middle East,High income,Developing,Asia_High income
Kuwait,1995,Asia,Middle East,High income,Developing,Asia_High income
Kuwait,1994,Asia,Middle East,High income,Developing,Asia_High income
Kuwait,1993,Asia,Middle East,High income,Developing,Asia_High income
Kuwait,1992,Asia,Middle East,High income,Developing,Asia_High income
Kuwait,1991,Asia,Middle East,High income,Developing,Asia_High income
Kuwait,1990,Asia,Middle East,High income,Developing,Asia_High income
Kuwait,1989,Asia,Middle East,High income,Developing,Asia_High income
Kuwait,1988,Asia,Middle East,High income,Developing,Asia_High income
Kuwait,1987,Asia,Middle East,High income,Developing,Asia_High income
Kuwait,1986,Asia,Middle East,High income,Developing,Asia_High income
Kuwait,1985,Asia,Middle East,High income,Developing,Asia_High income
Kuwait,1984,Asia,Middle East,High income,Developing,Asia_High income
Kuwait,1983,Asia,Middle East,High income,Developing,Asia_High income
Kuwait,1982,Asia,Middle East,High income,Developing,Asia_High income
Kuwait,1981,Asia,Middle East,High income,Developing,Asia_High income
Kuwait,1980,Asia,Middle East,High income,Developing,Asia_High income
Kuwait,1979,Asia,Middle East,High income,Developing,Asia_High income
Kuwait,1978,Asia,Middle East,High income,Developing,Asia_High income
Kuwait,1977,Asia,Middle East,High income,Developing,Asia_High income
Kuwait,1976,Asia,Middle East,High income,Developing,Asia_High income
Kuwait,1975,Asia,Middle East,High income,Developing,Asia_High income
Kuwait,1974,Asia,Middle East,High income,Developing,Asia_High income
Kyrgyz Republic,2024,Asia,Central Asia,Lower middle income,Developing,Asia_Lower middle income
Kyrgyz Republic,2023,Asia,Central Asia,Lower middle income,Developing,Asia_Lower middle income
Kyrgyz Republic,2022,Asia,Central Asia,Lower middle income,Developing,Asia_Lower middle income
Kyrgyz Republic,2021,Asia,Central Asia,Lower middle income,Developing,Asia_Lower middle income
Kyrgyz Republic,2020,Asia,Central Asia,Lower middle income,Developing,Asia_Lower middle income
Kyrgyz Republic,2019,Asia,Central Asia,Lower middle income,Developing,Asia_Lower middle income
Kyrgyz Republic,2018,Asia,Central Asia,Lower middle income,Developing,Asia_Lower middle income
Kyrgyz Republic,2017,Asia,Central Asia,Lower middle income,Developing,Asia_Lower middle income
Kyrgyz Republic,2016,Asia,Central Asia,Lower middle income,Developing,Asia_Lower middle income
Kyrgyz Republic,2015,Asia,Central Asia,Lower middle income,Developing,Asia_Lower middle income
Kyrgyz Republic,2014,Asia,Central Asia,Lower middle income,Developing,Asia_Lower middle income
Kyrgyz Republic,2013,Asia,Central Asia,Lower middle income,Developing,Asia_Lower middle income
Kyrgyz Republic,2012,Asia,Central Asia,Lower middle income,Developing,Asia_Lower middle income
Kyrgyz Republic,2011,Asia,Central Asia,Lower middle income,Developing,Asia_Lower middle income
Kyrgyz Republic,2010,Asia,Central Asia,Lower middle income,Developing,Asia_Lower middle income
Kyrgyz Republic,2009,Asia,Central Asia,Lower middle income,Developing,Asia_Lower middle income
Kyrgyz Republic,2008,Asia,Central Asia,Lower middle income,Developing,Asia_Lower middle income
Kyrgyz Republic,2007,Asia,Central Asia,Lower middle income,Developing,Asia_Lower middle income
Kyrgyz Republic,2006,Asia,Central Asia,Lower middle income,Developing,Asia_Lower middle income
Kyrgyz Republic,2005,Asia,Central Asia,Lower middle income,Developing,Asia_Lower middle income
Kyrgyz Republic,2004,Asia,Central Asia,Lower middle income,Developing,Asia_Lower middle income
Kyrgyz Republic,2003,Asia,Central Asia,Lower middle income,Developing,Asia_Lower middle income
Kyrgyz Republic,2002,Asia,Central Asia,Lower middle income,Developing,Asia_Lower middle income
Kyrgyz Republic,2001,Asia,Central Asia,Lower middle income,Developing,Asia_Lower middle income
Kyrgyz Republic,2000,Asia,Central Asia,Lower middle income,Developing,Asia_Lower middle income
Kyrgyz Republic,1999,Asia,Central Asia,Lower middle income,Developing,Asia_Lower middle income
Kyrgyz Republic,1998,Asia,Central Asia,Lower middle income,Developing,Asia_Lower middle income
Kyrgyz Republic,1997,Asia,Central Asia,Lower middle income,Developing,Asia_Lower middle income
Kyrgyz Republic,1996,Asia,Central Asia,Lower middle income,Developing,Asia_Lower middle income
Kyrgyz Republic,1995,Asia,Central Asia,Lower middle income,Developing,Asia_Lower middle income
Kyrgyz Republic,1994,Asia,Central Asia,Lower middle income,Developing,Asia_Lower middle income
Kyrgyz Republic,1993,Asia,Central Asia,Lower middle income,Developing,Asia_Lower middle income
Kyrgyz Republic,1992,Asia,Central Asia,Lower middle income,Developing,Asia_Lower middle income
Kyrgyz Republic,1991,Asia,Central Asia,Lower middle income,Developing,Asia_Lower middle income
Kyrgyz Republic,1990,Asia,Central Asia,Lower middle income,Developing,Asia_Lower middle income
Kyrgyz Republic,1989,Asia,Central Asia,Lower middle income,Developing,Asia_Lower middle income
Kyrgyz Republic,1988,Asia,Central Asia,Lower middle income,Developing,Asia_Lower middle income
Kyrgyz Republic,1987,Asia,Central Asia,Lower middle income,Developing,Asia_Lower middle income
Kyrgyz Republic,1986,Asia,Central Asia,Lower middle income,Developing,Asia_Lower middle income
Kyrgyz Republic,1985,Asia,Central Asia,Lower middle income,Developing,Asia_Lower middle income
Kyrgyz Republic,1984,Asia,Central Asia,Lower middle income,Developing,Asia_Lower middle income
Kyrgyz Republic,1983,Asia,Central Asia,Lower middle income,Developing,Asia_Lower middle income
Kyrgyz Republic,1982,Asia,Central Asia,Lower middle income,Developing,Asia_Lower middle income
Kyrgyz Republic,1981,Asia,Central Asia,Lower middle income,Developing,Asia_Lower middle income
Kyrgyz Republic,1980,Asia,Central Asia,Lower middle income,Developing,Asia_Lower middle income
Kyrgyz Republic,1979,Asia,Central Asia,Lower middle income,Developing,Asia_Lower middle income
Kyrgyz Republic,1978,Asia,Central Asia,Lower middle income,Developing,Asia_Lower middle income
Kyrgyz Republic,1977,Asia,Central Asia,Lower middle income,Developing,Asia_Lower middle income
Kyrgyz Republic,1976,Asia,Central Asia,Lower middle income,Developing,Asia_Lower middle income
Kyrgyz Republic,1975,Asia,Central Asia,Lower middle income,Developing,Asia_Lower middle income
Kyrgyz Republic,1974,Asia,Central Asia,Lower middle income,Developing,Asia_Lower middle income
Lao PDR,2024,Asia,Southeast Asia,Lower middle income,Developing,Asia_Lower middle income
Lao PDR,2023,Asia,Southeast Asia,Lower middle income,Developing,Asia_Lower middle income
Lao PDR,2022,Asia,Southeast Asia,Lower middle income,Developing,Asia_Lower middle income
Lao PDR,2021,Asia,Southeast Asia,Lower middle income,Developing,Asia_Lower middle income
Lao PDR,2020,Asia,Southeast Asia,Lower middle income,Developing,Asia_Lower middle income
Lao PDR,2019,Asia,Southeast Asia,Lower middle income,Developing,Asia_Lower middle income
Lao PDR,2018,Asia,Southeast Asia,Lower middle income,Developing,Asia_Lower middle income
Lao PDR,2017,Asia,Southeast Asia,Lower middle income,Developing,Asia_Lower middle income
Lao PDR,2016,Asia,Southeast Asia,Lower middle income,Developing,Asia_Lower middle income
Lao PDR,2015,Asia,Southeast Asia,Lower middle income,Developing,Asia_Lower middle income
Lao PDR,2014,Asia,Southeast Asia,Lower middle income,Developing,Asia_Lower middle income
Lao PDR,2013,Asia,Southeast Asia,Lower middle income,Developing,Asia_Lower middle income
Lao PDR,2012,Asia,Southeast Asia,Lower middle income,Developing,Asia_Lower middle income
Lao PDR,2011,Asia,Southeast Asia,Lower middle income,Developing,Asia_Lower middle income
Lao PDR,2010,Asia,Southeast Asia,Lower middle income,Developing,Asia_Lower middle income
Lao PDR,2009,Asia,Southeast Asia,Lower middle income,Developing,Asia_Lower middle income
Lao PDR,2008,Asia,Southeast Asia,Lower middle income,Developing,Asia_Lower middle income
Lao PDR,2007,Asia,Southeast Asia,Lower middle income,Developing,Asia_Lower middle income
Lao PDR,2006,Asia,Southeast Asia,Lower middle income,Developing,Asia_Lower middle income
Lao PDR,2005,Asia,Southeast Asia,Lower middle income,Developing,Asia_Lower middle income
Lao PDR,2004,Asia,Southeast Asia,Lower middle income,Developing,Asia_Lower middle income
Lao PDR,2003,Asia,Southeast Asia,Lower middle income,Developing,Asia_Lower middle income
Lao PDR,2002,Asia,Southeast Asia,Lower middle income,Developing,Asia_Lower middle income
Lao PDR,2001,Asia,Southeast Asia,Lower middle income,Developing,Asia_Lower middle income
Lao PDR,2000,Asia,Southeast Asia,Lower middle income,Developing,Asia_Lower middle income
Lao PDR,1999,Asia,Southeast Asia,Lower middle income,Developing,Asia_Lower middle income
Lao PDR,1998,Asia,Southeast Asia,Lower middle income,Developing,Asia_Lower middle income
Lao PDR,1997,Asia,Southeast Asia,Lower middle income,Developing,Asia_Lower middle income
Lao PDR,1996,Asia,Southeast Asia,Lower middle income,Developing,Asia_Lower middle income
Lao PDR,1995,Asia,Southeast Asia,Lower middle income,Developing,Asia_Lower middle income
Lao PDR,1994,Asia,Southeast Asia,Lower middle income,Developing,Asia_Lower middle income
Lao PDR,1993,Asia,Southeast Asia,Lower middle income,Developing,Asia_Lower middle income
Lao PDR,1992,Asia,Southeast Asia,Lower middle income,Developing,Asia_Lower middle income
Lao PDR,1991,Asia,Southeast Asia,Lower middle income,Developing,Asia_Lower middle income
Lao PDR,1990,Asia,Southeast Asia,Lower middle income,Developing,Asia_Lower middle income
Lao PDR,1989,Asia,Southeast Asia,Lower middle income,Developing,Asia_Lower middle income
Lao PDR,1988,Asia,Southeast Asia,Lower middle income,Developing,Asia_Lower middle income
Lao PDR,1987,Asia,Southeast Asia,Lower middle income,Developing,Asia_Lower middle income
Lao PDR,1986,Asia,Southeast Asia,Lower middle income,Developing,Asia_Lower middle income
Lao PDR,1985,Asia,Southeast Asia,Lower middle income,Developing,Asia_Lower middle income
Lao PDR,1984,Asia,Southeast Asia,Lower middle income,Developing,Asia_Lower middle income
Lao PDR,1983,Asia,Southeast Asia,Lower middle income,Developing,Asia_Lower middle income
Lao PDR,1982,Asia,Southeast Asia,Lower middle income,Developing,Asia_Lower middle income
Lao PDR,1981,Asia,Southeast Asia,Lower middle income,Developing,Asia_Lower middle income
Lao PDR,1980,Asia,Southeast Asia,Lower middle income,Developing,Asia_Lower middle income
Lao PDR,1979,Asia,Southeast Asia,Lower middle income,Developing,Asia_Lower middle income
Lao PDR,1978,Asia,Southeast Asia,Lower middle income,Developing,Asia_Lower middle income
Lao PDR,1977,Asia,Southeast Asia,Lower middle income,Developing,Asia_Lower middle income
Lao PDR,1976,Asia,Southeast Asia,Lower middle income,Developing,Asia_Lower middle income
Lao PDR,1975,Asia,Southeast Asia,Lower middle income,Developing,Asia_Lower middle income
Lao PDR,1974,Asia,Southeast Asia,Lower middle income,Developing,Asia_Lower middle income
Latvia,2024,Europe,Northern Europe,High income,Developed,Europe_High income
Latvia,2023,Europe,Northern Europe,High income,Developed,Europe_High income
Latvia,2022,Europe,Northern Europe,High income,Developed,Europe_High income
Latvia,2021,Europe,Northern Europe,High income,Developed,Europe_High income
Latvia,2020,Europe,Northern Europe,High income,Developed,Europe_High income
Latvia,2019,Europe,Northern Europe,High income,Developed,Europe_High income
Latvia,2018,Europe,Northern Europe,High income,Developed,Europe_High income
Latvia,2017,Europe,Northern Europe,High income,Developed,Europe_High income
Latvia,2016,Europe,Northern Europe,High income,Developed,Europe_High income
Latvia,2015,Europe,Northern Europe,High income,Developed,Europe_High income
Latvia,2014,Europe,Northern Europe,High income,Developed,Europe_High income
Latvia,2013,Europe,Northern Europe,High income,Developed,Europe_High income
Latvia,2012,Europe,Northern Europe,High income,Developed,Europe_High income
Latvia,2011,Europe,Northern Europe,High income,Developed,Europe_High income
Latvia,2010,Europe,Northern Europe,High income,Developed,Europe_High income
Latvia,2009,Europe,Northern Europe,High income,Developed,Europe_High income
Latvia,2008,Europe,Northern Europe,High income,Developed,Europe_High income
Latvia,2007,Europe,Northern Europe,High income,Developed,Europe_High income
Latvia,2006,Europe,Northern Europe,High income,Developed,Europe_High income
Latvia,2005,Europe,Northern Europe,High income,Developed,Europe_High income
Latvia,2004,Europe,Northern Europe,High income,Developed,Europe_High income
Latvia,2003,Europe,Northern Europe,High income,Developed,Europe_High income
Latvia,2002,Europe,Northern Europe,High income,Developed,Europe_High income
Latvia,2001,Europe,Northern Europe,High income,Developed,Europe_High income
Latvia,2000,Europe,Northern Europe,High income,Developed,Europe_High income
Latvia,1999,Europe,Northern Europe,High income,Developed,Europe_High income
Latvia,1998,Europe,Northern Europe,High income,Developed,Europe_High income
Latvia,1997,Europe,Northern Europe,High income,Developed,Europe_High income
Latvia,1996,Europe,Northern Europe,High income,Developed,Europe_High income
Latvia,1995,Europe,Northern Europe,High income,Developed,Europe_High income
Latvia,1994,Europe,Northern Europe,High income,Developed,Europe_High income
Latvia,1993,Europe,Northern Europe,High income,Developed,Europe_High income
Latvia,1992,Europe,Northern Europe,High income,Developed,Europe_High income
Latvia,1991,Europe,Northern Europe,High income,Developed,Europe_High income
Latvia,1990,Europe,Northern Europe,High income,Developed,Europe_High income
Latvia,1989,Europe,Northern Europe,High income,Developed,Europe_High income
Latvia,1988,Europe,Northern Europe,High income,Developed,Europe_High income
Latvia,1987,Europe,Northern Europe,High income,Developed,Europe_High income
Latvia,1986,Europe,Northern Europe,High income,Developed,Europe_High income
Latvia,1985,Europe,Northern Europe,High income,Developed,Europe_High income
Latvia,1984,Europe,Northern Europe,High income,Developed,Europe_High income
Latvia,1983,Europe,Northern Europe,High income,Developed,Europe_High income
Latvia,1982,Europe,Northern Europe,High income,Developed,Europe_High income
Latvia,1981,Europe,Northern Europe,High income,Developed,Europe_High income
Latvia,1980,Europe,Northern Europe,High income,Developed,Europe_High income
Latvia,1979,Europe,Northern Europe,High income,Developed,Europe_High income
Latvia,1978,Europe,Northern Europe,High income,Developed,Europe_High income
Latvia,1977,Europe,Northern Europe,High income,Developed,Europe_High income
Latvia,1976,Europe,Northern Europe,High income,Developed,Europe_High income
Latvia,1975,Europe,Northern Europe,High income,Developed,Europe_High income
Latvia,1974,Europe,Northern Europe,High income,Developed,Europe_High income
Lebanon,2024,Asia,Middle East,Upper middle income,Developing,Asia_Upper middle income
Lebanon,2023,Asia,Middle East,Upper middle income,Developing,Asia_Upper middle income
Lebanon,2022,Asia,Middle East,Upper middle income,Developing,Asia_Upper middle income
Lebanon,2021,Asia,Middle East,Upper middle income,Developing,Asia_Upper middle income
Lebanon,2020,Asia,Middle East,Upper middle income,Developing,Asia_Upper middle income
Lebanon,2019,Asia,Middle East,Upper middle income,Developing,Asia_Upper middle income
Lebanon,2018,Asia,Middle East,Upper middle income,Developing,Asia_Upper middle income
Lebanon,2017,Asia,Middle East,Upper middle income,Developing,Asia_Upper middle income
Lebanon,2016,Asia,Middle East,Upper middle income,Developing,Asia_Upper middle income
Lebanon,2015,Asia,Middle East,Upper middle income,Developing,Asia_Upper middle income
Lebanon,2014,Asia,Middle East,Upper middle income,Developing,Asia_Upper middle income
Lebanon,2013,Asia,Middle East,Upper middle income,Developing,Asia_Upper middle income
Lebanon,2012,Asia,Middle East,Upper middle income,Developing,Asia_Upper middle income
Lebanon,2011,Asia,Middle East,Upper middle income,Developing,Asia_Upper middle income
Lebanon,2010,Asia,Middle East,Upper middle income,Developing,Asia_Upper middle income
Lebanon,2009,Asia,Middle East,Upper middle income,Developing,Asia_Upper middle income
Lebanon,2008,Asia,Middle East,Upper middle income,Developing,Asia_Upper middle income
Lebanon,2007,Asia,Middle East,Upper middle income,Developing,Asia_Upper middle income
Lebanon,2006,Asia,Middle East,Upper middle income,Developing,Asia_Upper middle income
Lebanon,2005,Asia,Middle East,Upper middle income,Developing,Asia_Upper middle income
Lebanon,2004,Asia,Middle East,Upper middle income,Developing,Asia_Upper middle income
Lebanon,2003,Asia,Middle East,Upper middle income,Developing,Asia_Upper middle income
Lebanon,2002,Asia,Middle East,Upper middle income,Developing,Asia_Upper middle income
Lebanon,2001,Asia,Middle East,Upper middle income,Developing,Asia_Upper middle income
Lebanon,2000,Asia,Middle East,Upper middle income,Developing,Asia_Upper middle income
Lebanon,1999,Asia,Middle East,Upper middle income,Developing,Asia_Upper middle income
Lebanon,1998,Asia,Middle East,Upper middle income,Developing,Asia_Upper middle income
Lebanon,1997,Asia,Middle East,Upper middle income,Developing,Asia_Upper middle income
Lebanon,1996,Asia,Middle East,Upper middle income,Developing,Asia_Upper middle income
Lebanon,1995,Asia,Middle East,Upper middle income,Developing,Asia_Upper middle income
Lebanon,1994,Asia,Middle East,Upper middle income,Developing,Asia_Upper middle income
Lebanon,1993,Asia,Middle East,Upper middle income,Developing,Asia_Upper middle income
Lebanon,1992,Asia,Middle East,Upper middle income,Developing,Asia_Upper middle income
Lebanon,1991,Asia,Middle East,Upper middle income,Developing,Asia_Upper middle income
Lebanon,1990,Asia,Middle East,Upper middle income,Developing,Asia_Upper middle income
Lebanon,1989,Asia,Middle East,Upper middle income,Developing,Asia_Upper middle income
Lebanon,1988,Asia,Middle East,Upper middle income,Developing,Asia_Upper middle income
Lebanon,1987,Asia,Middle East,Upper middle income,Developing,Asia_Upper middle income
Lebanon,1986,Asia,Middle East,Upper middle income,Developing,Asia_Upper middle income
Lebanon,1985,Asia,Middle East,Upper middle income,Developing,Asia_Upper middle income
Lebanon,1984,Asia,Middle East,Upper middle income,Developing,Asia_Upper middle income
Lebanon,1983,Asia,Middle East,Upper middle income,Developing,Asia_Upper middle income
Lebanon,1982,Asia,Middle East,Upper middle income,Developing,Asia_Upper middle income
Lebanon,1981,Asia,Middle East,Upper middle income,Developing,Asia_Upper middle income
Lebanon,1980,Asia,Middle East,Upper middle income,Developing,Asia_Upper middle income
Lebanon,1979,Asia,Middle East,Upper middle income,Developing,Asia_Upper middle income
Lebanon,1978,Asia,Middle East,Upper middle income,Developing,Asia_Upper middle income
Lebanon,1977,Asia,Middle East,Upper middle income,Developing,Asia_Upper middle income
Lebanon,1976,Asia,Middle East,Upper middle income,Developing,Asia_Upper middle income
Lebanon,1975,Asia,Middle East,Upper middle income,Developing,Asia_Upper middle income
Lebanon,1974,Asia,Middle East,Upper middle income,Developing,Asia_Upper middle income
Lesotho,2024,Africa,Southern Africa,Lower middle income,Developing,Africa_Lower middle income
Lesotho,2023,Africa,Southern Africa,Lower middle income,Developing,Africa_Lower middle income
Lesotho,2022,Africa,Southern Africa,Lower middle income,Developing,Africa_Lower middle income
Lesotho,2021,Africa,Southern Africa,Lower middle income,Developing,Africa_Lower middle income
Lesotho,2020,Africa,Southern Africa,Lower middle income,Developing,Africa_Lower middle income
Lesotho,2019,Africa,Southern Africa,Lower middle income,Developing,Africa_Lower middle income
Lesotho,2018,Africa,Southern Africa,Lower middle income,Developing,Africa_Lower middle income
Lesotho,2017,Africa,Southern Africa,Lower middle income,Developing,Africa_Lower middle income
Lesotho,2016,Africa,Southern Africa,Lower middle income,Developing,Africa_Lower middle income
Lesotho,2015,Africa,Southern Africa,Lower middle income,Developing,Africa_Lower middle income
Lesotho,2014,Africa,Southern Africa,Lower middle income,Developing,Africa_Lower middle income
Lesotho,2013,Africa,Southern Africa,Lower middle income,Developing,Africa_Lower middle income
Lesotho,2012,Africa,Southern Africa,Lower middle income,Developing,Africa_Lower middle income
Lesotho,2011,Africa,Southern Africa,Lower middle income,Developing,Africa_Lower middle income
Lesotho,2010,Africa,Southern Africa,Lower middle income,Developing,Africa_Lower middle income
Lesotho,2009,Africa,Southern Africa,Lower middle income,Developing,Africa_Lower middle income
Lesotho,2008,Africa,Southern Africa,Lower middle income,Developing,Africa_Lower middle income
Lesotho,2007,Africa,Southern Africa,Lower middle income,Developing,Africa_Lower middle income
Lesotho,2006,Africa,Southern Africa,Lower middle income,Developing,Africa_Lower middle income
Lesotho,2005,Africa,Southern Africa,Lower middle income,Developing,Africa_Lower middle income
Lesotho,2004,Africa,Southern Africa,Lower middle income,Developing,Africa_Lower middle income
Lesotho,2003,Africa,Southern Africa,Lower middle income,Developing,Africa_Lower middle income
Lesotho,2002,Africa,Southern Africa,Lower middle income,Developing,Africa_Lower middle income
Lesotho,2001,Africa,Southern Africa,Lower middle income,Developing,Africa_Lower middle income
Lesotho,2000,Africa,Southern Africa,Lower middle income,Developing,Africa_Lower middle income
Lesotho,1999,Africa,Southern Africa,Lower middle income,Developing,Africa_Lower middle income
Lesotho,1998,Africa,Southern Africa,Lower middle income,Developing,Africa_Lower middle income
Lesotho,1997,Africa,Southern Africa,Lower middle income,Developing,Africa_Lower middle income
Lesotho,1996,Africa,Southern Africa,Lower middle income,Developing,Africa_Lower middle income
Lesotho,1995,Africa,Southern Africa,Lower middle income,Developing,Africa_Lower middle income
Lesotho,1994,Africa,Southern Africa,Lower middle income,Developing,Africa_Lower middle income
Lesotho,1993,Africa,Southern Africa,Lower middle income,Developing,Africa_Lower middle income
Lesotho,1992,Africa,Southern Africa,Lower middle income,Developing,Africa_Lower middle income
Lesotho,1991,Africa,Southern Africa,Lower middle income,Developing,Africa_Lower middle income
Lesotho,1990,Africa,Southern Africa,Lower middle income,Developing,Africa_Lower middle income
Lesotho,1989,Africa,Southern Africa,Lower middle income,Developing,Africa_Lower middle income
Lesotho,1988,Africa,Southern Africa,Lower middle income,Developing,Africa_Lower middle income
Lesotho,1987,Africa,Southern Africa,Lower middle income,Developing,Africa_Lower middle income
Lesotho,1986,Africa,Southern Africa,Lower middle income,Developing,Africa_Lower middle income
Lesotho,1985,Africa,Southern Africa,Lower middle income,Developing,Africa_Lower middle income
Lesotho,1984,Africa,Southern Africa,Lower middle income,Developing,Africa_Lower middle income
Lesotho,1983,Africa,Southern Africa,Lower middle income,Developing,Africa_Lower middle income
Lesotho,1982,Africa,Southern Africa,Lower middle income,Developing,Africa_Lower middle income
Lesotho,1981,Africa,Southern Africa,Lower middle income,Developing,Africa_Lower middle income
Lesotho,1980,Africa,Southern Africa,Lower middle income,Developing,Africa_Lower middle income
Lesotho,1979,Africa,Southern Africa,Lower middle income,Developing,Africa_Lower middle income
Lesotho,1978,Africa,Southern Africa,Lower middle income,Developing,Africa_Lower middle income
Lesotho,1977,Africa,Southern Africa,Lower middle income,Developing,Africa_Lower middle income
Lesotho,1976,Africa,Southern Africa,Lower middle income,Developing,Africa_Lower middle income
Lesotho,1975,Africa,Southern Africa,Lower middle income,Developing,Africa_Lower middle income
Lesotho,1974,Africa,Southern Africa,Lower middle income,Developing,Africa_Lower middle income
Liberia,2024,Africa,West Africa,Low income,Developing,Africa_Low income
Liberia,2023,Africa,West Africa,Low income,Developing,Africa_Low income
Liberia,2022,Africa,West Africa,Low income,Developing,Africa_Low income
Liberia,2021,Africa,West Africa,Low income,Developing,Africa_Low income
Liberia,2020,Africa,West Africa,Low income,Developing,Africa_Low income
Liberia,2019,Africa,West Africa,Low income,Developing,Africa_Low income
Liberia,2018,Africa,West Africa,Low income,Developing,Africa_Low income
Liberia,2017,Africa,West Africa,Low income,Developing,Africa_Low income
Liberia,2016,Africa,West Africa,Low income,Developing,Africa_Low income
Liberia,2015,Africa,West Africa,Low income,Developing,Africa_Low income
Liberia,2014,Africa,West Africa,Low income,Developing,Africa_Low income
Liberia,2013,Africa,West Africa,Low income,Developing,Africa_Low income
Liberia,2012,Africa,West Africa,Low income,Developing,Africa_Low income
Liberia,2011,Africa,West Africa,Low income,Developing,Africa_Low income
Liberia,2010,Africa,West Africa,Low income,Developing,Africa_Low income
Liberia,2009,Africa,West Africa,Low income,Developing,Africa_Low income
Liberia,2008,Africa,West Africa,Low income,Developing,Africa_Low income
Liberia,2007,Africa,West Africa,Low income,Developing,Africa_Low income
Liberia,2006,Africa,West Africa,Low income,Developing,Africa_Low income
Liberia,2005,Africa,West Africa,Low income,Developing,Africa_Low income
Liberia,2004,Africa,West Africa,Low income,Developing,Africa_Low income
Liberia,2003,Africa,West Africa,Low income,Developing,Africa_Low income
Liberia,2002,Africa,West Africa,Low income,Developing,Africa_Low income
Liberia,2001,Africa,West Africa,Low income,Developing,Africa_Low income
Liberia,2000,Africa,West Africa,Low income,Developing,Africa_Low income
Liberia,1999,Africa,West Africa,Low income,Developing,Africa_Low income
Liberia,1998,Africa,West Africa,Low income,Developing,Africa_Low income
Liberia,1997,Africa,West Africa,Low income,Developing,Africa_Low income
Liberia,1996,Africa,West Africa,Low income,Developing,Africa_Low income
Liberia,1995,Africa,West Africa,Low income,Developing,Africa_Low income
Liberia,1994,Africa,West Africa,Low income,Developing,Africa_Low income
Liberia,1993,Africa,West Africa,Low income,Developing,Africa_Low income
Liberia,1992,Africa,West Africa,Low income,Developing,Africa_Low income
Liberia,1991,Africa,West Africa,Low income,Developing,Africa_Low income
Liberia,1990,Africa,West Africa,Low income,Developing,Africa_Low income
Liberia,1989,Africa,West Africa,Low income,Developing,Africa_Low income
Liberia,1988,Africa,West Africa,Low income,Developing,Africa_Low income
Liberia,1987,Africa,West Africa,Low income,Developing,Africa_Low income
Liberia,1986,Africa,West Africa,Low income,Developing,Africa_Low income
Liberia,1985,Africa,West Africa,Low income,Developing,Africa_Low income
Liberia,1984,Africa,West Africa,Low income,Developing,Africa_Low income
Liberia,1983,Africa,West Africa,Low income,Developing,Africa_Low income
Liberia,1982,Africa,West Africa,Low income,Developing,Africa_Low income
Liberia,1981,Africa,West Africa,Low income,Developing,Africa_Low income
Liberia,1980,Africa,West Africa,Low income,Developing,Africa_Low income
Liberia,1979,Africa,West Africa,Low income,Developing,Africa_Low income
Liberia,1978,Africa,West Africa,Low income,Developing,Africa_Low income
Liberia,1977,Africa,West Africa,Low income,Developing,Africa_Low income
Liberia,1976,Africa,West Africa,Low income,Developing,Africa_Low income
Liberia,1975,Africa,West Africa,Low income,Developing,Africa_Low income
Liberia,1974,Africa,West Africa,Low income,Developing,Africa_Low income
Libya,2024,Africa,North Africa,Upper middle income,Developing,Africa_Upper middle income
Libya,2023,Africa,North Africa,Upper middle income,Developing,Africa_Upper middle income
Libya,2022,Africa,North Africa,Upper middle income,Developing,Africa_Upper middle income
Libya,2021,Africa,North Africa,Upper middle income,Developing,Africa_Upper middle income
Libya,2020,Africa,North Africa,Upper middle income,Developing,Africa_Upper middle income
Libya,2019,Africa,North Africa,Upper middle income,Developing,Africa_Upper middle income
Libya,2018,Africa,North Africa,Upper middle income,Developing,Africa_Upper middle income
Libya,2017,Africa,North Africa,Upper middle income,Developing,Africa_Upper middle income
Libya,2016,Africa,North Africa,Upper middle income,Developing,Africa_Upper middle income
Libya,2015,Africa,North Africa,Upper middle income,Developing,Africa_Upper middle income
Libya,2014,Africa,North Africa,Upper middle income,Developing,Africa_Upper middle income
Libya,2013,Africa,North Africa,Upper middle income,Developing,Africa_Upper middle income
Libya,2012,Africa,North Africa,Upper middle income,Developing,Africa_Upper middle income
Libya,2011,Africa,North Africa,Upper middle income,Developing,Africa_Upper middle income
Libya,2010,Africa,North Africa,Upper middle income,Developing,Africa_Upper middle income
Libya,2009,Africa,North Africa,Upper middle income,Developing,Africa_Upper middle income
Libya,2008,Africa,North Africa,Upper middle income,Developing,Africa_Upper middle income
Libya,2007,Africa,North Africa,Upper middle income,Developing,Africa_Upper middle income
Libya,2006,Africa,North Africa,Upper middle income,Developing,Africa_Upper middle income
Libya,2005,Africa,North Africa,Upper middle income,Developing,Africa_Upper middle income
Libya,2004,Africa,North Africa,Upper middle income,Developing,Africa_Upper middle income
Libya,2003,Africa,North Africa,Upper middle income,Developing,Africa_Upper middle income
Libya,2002,Africa,North Africa,Upper middle income,Developing,Africa_Upper middle income
Libya,2001,Africa,North Africa,Upper middle income,Developing,Africa_Upper middle income
Libya,2000,Africa,North Africa,Upper middle income,Developing,Africa_Upper middle income
Libya,1999,Africa,North Africa,Upper middle income,Developing,Africa_Upper middle income
Libya,1998,Africa,North Africa,Upper middle income,Developing,Africa_Upper middle income
Libya,1997,Africa,North Africa,Upper middle income,Developing,Africa_Upper middle income
Libya,1996,Africa,North Africa,Upper middle income,Developing,Africa_Upper middle income
Libya,1995,Africa,North Africa,Upper middle income,Developing,Africa_Upper middle income
Libya,1994,Africa,North Africa,Upper middle income,Developing,Africa_Upper middle income
Libya,1993,Africa,North Africa,Upper middle income,Developing,Africa_Upper middle income
Libya,1992,Africa,North Africa,Upper middle income,Developing,Africa_Upper middle income
Libya,1991,Africa,North Africa,Upper middle income,Developing,Africa_Upper middle income
Libya,1990,Africa,North Africa,Upper middle income,Developing,Africa_Upper middle income
Libya,1989,Africa,North Africa,Upper middle income,Developing,Africa_Upper middle income
Libya,1988,Africa,North Africa,Upper middle income,Developing,Africa_Upper middle income
Libya,1987,Africa,North Africa,Upper middle income,Developing,Africa_Upper middle income
Libya,1986,Africa,North Africa,Upper middle income,Developing,Africa_Upper middle income
Libya,1985,Africa,North Africa,Upper middle income,Developing,Africa_Upper middle income
Libya,1984,Africa,North Africa,Upper middle income,Developing,Africa_Upper middle income
Libya,1983,Africa,North Africa,Upper middle income,Developing,Africa_Upper middle income
Libya,1982,Africa,North Africa,Upper middle income,Developing,Africa_Upper middle income
Libya,1981,Africa,North Africa,Upper middle income,Developing,Africa_Upper middle income
Libya,1980,Africa,North Africa,Upper middle income,Developing,Africa_Upper middle income
Libya,1979,Africa,North Africa,Upper middle income,Developing,Africa_Upper middle income
Libya,1978,Africa,North Africa,Upper middle income,Developing,Africa_Upper middle income
Libya,1977,Africa,North Africa,Upper middle income,Developing,Africa_Upper middle income
Libya,1976,Africa,North Africa,Upper middle income,Developing,Africa_Upper middle income
Libya,1975,Africa,North Africa,Upper middle income,Developing,Africa_Upper middle income
Libya,1974,Africa,North Africa,Upper middle income,Developing,Africa_Upper middle income
Liechtenstein,2024,Europe,Western Europe,High income,Developed,Europe_High income
Liechtenstein,2023,Europe,Western Europe,High income,Developed,Europe_High income
Liechtenstein,2022,Europe,Western Europe,High income,Developed,Europe_High income
Liechtenstein,2021,Europe,Western Europe,High income,Developed,Europe_High income
Liechtenstein,2020,Europe,Western Europe,High income,Developed,Europe_High income
Liechtenstein,2019,Europe,Western Europe,High income,Developed,Europe_High income
Liechtenstein,2018,Europe,Western Europe,High income,Developed,Europe_High income
Liechtenstein,2017,Europe,Western Europe,High income,Developed,Europe_High income
Liechtenstein,2016,Europe,Western Europe,High income,Developed,Europe_High income
Liechtenstein,2015,Europe,Western Europe,High income,Developed,Europe_High income
Liechtenstein,2014,Europe,Western Europe,High income,Developed,Europe_High income
Liechtenstein,2013,Europe,Western Europe,High income,Developed,Europe_High income
Liechtenstein,2012,Europe,Western Europe,High income,Developed,Europe_High income
Liechtenstein,2011,Europe,Western Europe,High income,Developed,Europe_High income
Liechtenstein,2010,Europe,Western Europe,High income,Developed,Europe_High income
Liechtenstein,2009,Europe,Western Europe,High income,Developed,Europe_High income
Liechtenstein,2008,Europe,Western Europe,High income,Developed,Europe_High income
Liechtenstein,2007,Europe,Western Europe,High income,Developed,Europe_High income
Liechtenstein,2006,Europe,Western Europe,High income,Developed,Europe_High income
Liechtenstein,2005,Europe,Western Europe,High income,Developed,Europe_High income
Liechtenstein,2004,Europe,Western Europe,High income,Developed,Europe_High income
Liechtenstein,2003,Europe,Western Europe,High income,Developed,Europe_High income
Liechtenstein,2002,Europe,Western Europe,High income,Developed,Europe_High income
Liechtenstein,2001,Europe,Western Europe,High income,Developed,Europe_High income
Liechtenstein,2000,Europe,Western Europe,High income,Developed,Europe_High income
Liechtenstein,1999,Europe,Western Europe,High income,Developed,Europe_High income
Liechtenstein,1998,Europe,Western Europe,High income,Developed,Europe_High income
Liechtenstein,1997,Europe,Western Europe,High income,Developed,Europe_High income
Liechtenstein,1996,Europe,Western Europe,High income,Developed,Europe_High income
Liechtenstein,1995,Europe,Western Europe,High income,Developed,Europe_High income
Liechtenstein,1994,Europe,Western Europe,High income,Developed,Europe_High income
Liechtenstein,1993,Europe,Western Europe,High income,Developed,Europe_High income
Liechtenstein,1992,Europe,Western Europe,High income,Developed,Europe_High income
Liechtenstein,1991,Europe,Western Europe,High income,Developed,Europe_High income
Liechtenstein,1990,Europe,Western Europe,High income,Developed,Europe_High income
Liechtenstein,1989,Europe,Western Europe,High income,Developed,Europe_High income
Liechtenstein,1988,Europe,Western Europe,High income,Developed,Europe_High income
Liechtenstein,1987,Europe,Western Europe,High income,Developed,Europe_High income
Liechtenstein,1986,Europe,Western Europe,High income,Developed,Europe_High income
Liechtenstein,1985,Europe,Western Europe,High income,Developed,Europe_High income
Liechtenstein,1984,Europe,Western Europe,High income,Developed,Europe_High income
Liechtenstein,1983,Europe,Western Europe,High income,Developed,Europe_High income
Liechtenstein,1982,Europe,Western Europe,High income,Developed,Europe_High income
Liechtenstein,1981,Europe,Western Europe,High income,Developed,Europe_High income
Liechtenstein,1980,Europe,Western Europe,High income,Developed,Europe_High income
Liechtenstein,1979,Europe,Western Europe,High income,Developed,Europe_High income
Liechtenstein,1978,Europe,Western Europe,High income,Developed,Europe_High income
Liechtenstein,1977,Europe,Western Europe,High income,Developed,Europe_High income
Liechtenstein,1976,Europe,Western Europe,High income,Developed,Europe_High income
Liechtenstein,1975,Europe,Western Europe,High income,Developed,Europe_High income
Liechtenstein,1974,Europe,Western Europe,High income,Developed,Europe_High income
Lithuania,2024,Europe,Northern Europe,High income,Developed,Europe_High income
Lithuania,2023,Europe,Northern Europe,High income,Developed,Europe_High income
Lithuania,2022,Europe,Northern Europe,High income,Developed,Europe_High income
Lithuania,2021,Europe,Northern Europe,High income,Developed,Europe_High income
Lithuania,2020,Europe,Northern Europe,High income,Developed,Europe_High income
Lithuania,2019,Europe,Northern Europe,High income,Developed,Europe_High income
Lithuania,2018,Europe,Northern Europe,High income,Developed,Europe_High income
Lithuania,2017,Europe,Northern Europe,High income,Developed,Europe_High income
Lithuania,2016,Europe,Northern Europe,High income,Developed,Europe_High income
Lithuania,2015,Europe,Northern Europe,High income,Developed,Europe_High income
Lithuania,2014,Europe,Northern Europe,High income,Developed,Europe_High income
Lithuania,2013,Europe,Northern Europe,High income,Developed,Europe_High income
Lithuania,2012,Europe,Northern Europe,High income,Developed,Europe_High income
Lithuania,2011,Europe,Northern Europe,High income,Developed,Europe_High income
Lithuania,2010,Europe,Northern Europe,High income,Developed,Europe_High income
Lithuania,2009,Europe,Northern Europe,High income,Developed,Europe_High income
Lithuania,2008,Europe,Northern Europe,High income,Developed,Europe_High income
Lithuania,2007,Europe,Northern Europe,High income,Developed,Europe_High income
Lithuania,2006,Europe,Northern Europe,High income,Developed,Europe_High income
Lithuania,2005,Europe,Northern Europe,High income,Developed,Europe_High income
Lithuania,2004,Europe,Northern Europe,High income,Developed,Europe_High income
Lithuania,2003,Europe,Northern Europe,High income,Developed,Europe_High income
Lithuania,2002,Europe,Northern Europe,High income,Developed,Europe_High income
Lithuania,2001,Europe,Northern Europe,High income,Developed,Europe_High income
Lithuania,2000,Europe,Northern Europe,High income,Developed,Europe_High income
Lithuania,1999,Europe,Northern Europe,High income,Developed,Europe_High income
Lithuania,1998,Europe,Northern Europe,High income,Developed,Europe_High income
Lithuania,1997,Europe,Northern Europe,High income,Developed,Europe_High income
Lithuania,1996,Europe,Northern Europe,High income,Developed,Europe_High income
Lithuania,1995,Europe,Northern Europe,High income,Developed,Europe_High income
Lithuania,1994,Europe,Northern Europe,High income,Developed,Europe_High income
Lithuania,1993,Europe,Northern Europe,High income,Developed,Europe_High income
Lithuania,1992,Europe,Northern Europe,High income,Developed,Europe_High income
Lithuania,1991,Europe,Northern Europe,High income,Developed,Europe_High income
Lithuania,1990,Europe,Northern Europe,High income,Developed,Europe_High income
Lithuania,1989,Europe,Northern Europe,High income,Developed,Europe_High income
Lithuania,1988,Europe,Northern Europe,High income,Developed,Europe_High income
Lithuania,1987,Europe,Northern Europe,High income,Developed,Europe_High income
Lithuania,1986,Europe,Northern Europe,High income,Developed,Europe_High income
Lithuania,1985,Europe,Northern Europe,High income,Developed,Europe_High income
Lithuania,1984,Europe,Northern Europe,High income,Developed,Europe_High income
Lithuania,1983,Europe,Northern Europe,High income,Developed,Europe_High income
Lithuania,1982,Europe,Northern Europe,High income,Developed,Europe_High income
Lithuania,1981,Europe,Northern Europe,High income,Developed,Europe_High income
Lithuania,1980,Europe,Northern Europe,High income,Developed,Europe_High income
Lithuania,1979,Europe,Northern Europe,High income,Developed,Europe_High income
Lithuania,1978,Europe,Northern Europe,High income,Developed,Europe_High income
Lithuania,1977,Europe,Northern Europe,High income,Developed,Europe_High income
Lithuania,1976,Europe,Northern Europe,High income,Developed,Europe_High income
Lithuania,1975,Europe,Northern Europe,High income,Developed,Europe_High income
Lithuania,1974,Europe,Northern Europe,High income,Developed,Europe_High income
Luxembourg,2024,Europe,Western Europe,High income,Developed,Europe_High income
Luxembourg,2023,Europe,Western Europe,High income,Developed,Europe_High income
Luxembourg,2022,Europe,Western Europe,High income,Developed,Europe_High income
Luxembourg,2021,Europe,Western Europe,High income,Developed,Europe_High income
Luxembourg,2020,Europe,Western Europe,High income,Developed,Europe_High income
Luxembourg,2019,Europe,Western Europe,High income,Developed,Europe_High income
Luxembourg,2018,Europe,Western Europe,High income,Developed,Europe_High income
Luxembourg,2017,Europe,Western Europe,High income,Developed,Europe_High income
Luxembourg,2016,Europe,Western Europe,High income,Developed,Europe_High income
Luxembourg,2015,Europe,Western Europe,High income,Developed,Europe_High income
Luxembourg,2014,Europe,Western Europe,High income,Developed,Europe_High income
Luxembourg,2013,Europe,Western Europe,High income,Developed,Europe_High income
Luxembourg,2012,Europe,Western Europe,High income,Developed,Europe_High income
Luxembourg,2011,Europe,Western Europe,High income,Developed,Europe_High income
Luxembourg,2010,Europe,Western Europe,High income,Developed,Europe_High income
Luxembourg,2009,Europe,Western Europe,High income,Developed,Europe_High income
Luxembourg,2008,Europe,Western Europe,High income,Developed,Europe_High income
Luxembourg,2007,Europe,Western Europe,High income,Developed,Europe_High income
Luxembourg,2006,Europe,Western Europe,High income,Developed,Europe_High income
Luxembourg,2005,Europe,Western Europe,High income,Developed,Europe_High income
Luxembourg,2004,Europe,Western Europe,High income,Developed,Europe_High income
Luxembourg,2003,Europe,Western Europe,High income,Developed,Europe_High income
Luxembourg,2002,Europe,Western Europe,High income,Developed,Europe_High income
Luxembourg,2001,Europe,Western Europe,High income,Developed,Europe_High income
Luxembourg,2000,Europe,Western Europe,High income,Developed,Europe_High income
Luxembourg,1999,Europe,Western Europe,High income,Developed,Europe_High income
Luxembourg,1998,Europe,Western Europe,High income,Developed,Europe_High income
Luxembourg,1997,Europe,Western Europe,High income,Developed,Europe_High income
Luxembourg,1996,Europe,Western Europe,High income,Developed,Europe_High income
Luxembourg,1995,Europe,Western Europe,High income,Developed,Europe_High income
Luxembourg,1994,Europe,Western Europe,High income,Developed,Europe_High income
Luxembourg,1993,Europe,Western Europe,High income,Developed,Europe_High income
Luxembourg,1992,Europe,Western Europe,High income,Developed,Europe_High income
Luxembourg,1991,Europe,Western Europe,High income,Developed,Europe_High income
Luxembourg,1990,Europe,Western Europe,High income,Developed,Europe_High income
Luxembourg,1989,Europe,Western Europe,High income,Developed,Europe_High income
Luxembourg,1988,Europe,Western Europe,High income,Developed,Europe_High income
Luxembourg,1987,Europe,Western Europe,High income,Developed,Europe_High income
Luxembourg,1986,Europe,Western Europe,High income,Developed,Europe_High income
Luxembourg,1985,Europe,Western Europe,High income,Developed,Europe_High income
Luxembourg,1984,Europe,Western Europe,High income,Developed,Europe_High income
Luxembourg,1983,Europe,Western Europe,High income,Developed,Europe_High income
Luxembourg,1982,Europe,Western Europe,High income,Developed,Europe_High income
Luxembourg,1981,Europe,Western Europe,High income,Developed,Europe_High income
Luxembourg,1980,Europe,Western Europe,High income,Developed,Europe_High income
Luxembourg,1979,Europe,Western Europe,High income,Developed,Europe_High income
Luxembourg,1978,Europe,Western Europe,High income,Developed,Europe_High income
Luxembourg,1977,Europe,Western Europe,High income,Developed,Europe_High income
Luxembourg,1976,Europe,Western Europe,High income,Developed,Europe_High income
Luxembourg,1975,Europe,Western Europe,High income,Developed,Europe_High income
Luxembourg,1974,Europe,Western Europe,High income,Developed,Europe_High income
"Macao SAR, China",2024,Asia,East Asia,High income,Developed,Asia_High income
"Macao SAR, China",2023,Asia,East Asia,High income,Developed,Asia_High income
"Macao SAR, China",2022,Asia,East Asia,High income,Developed,Asia_High income
"Macao SAR, China",2021,Asia,East Asia,High income,Developed,Asia_High income
"Macao SAR, China",2020,Asia,East Asia,High income,Developed,Asia_High income
"Macao SAR, China",2019,Asia,East Asia,High income,Developed,Asia_High income
"Macao SAR, China",2018,Asia,East Asia,High income,Developed,Asia_High income
"Macao SAR, China",2017,Asia,East Asia,High income,Developed,Asia_High income
"Macao SAR, China",2016,Asia,East Asia,High income,Developed,Asia_High income
"Macao SAR, China",2015,Asia,East Asia,High income,Developed,Asia_High income
"Macao SAR, China",2014,Asia,East Asia,High income,Developed,Asia_High income
"Macao SAR, China",2013,Asia,East Asia,High income,Developed,Asia_High income
"Macao SAR, China",2012,Asia,East Asia,High income,Developed,Asia_High income
"Macao SAR, China",2011,Asia,East Asia,High income,Developed,Asia_High income
"Macao SAR, China",2010,Asia,East Asia,High income,Developed,Asia_High income
"Macao SAR, China",2009,Asia,East Asia,High income,Developed,Asia_High income
"Macao SAR, China",2008,Asia,East Asia,High income,Developed,Asia_High income
"Macao SAR, China",2007,Asia,East Asia,High income,Developed,Asia_High income
"Macao SAR, China",2006,Asia,East Asia,High income,Developed,Asia_High income
"Macao SAR, China",2005,Asia,East Asia,High income,Developed,Asia_High income
"Macao SAR, China",2004,Asia,East Asia,High income,Developed,Asia_High income
"Macao SAR, China",2003,Asia,East Asia,High income,Developed,Asia_High income
"Macao SAR, China",2002,Asia,East Asia,High income,Developed,Asia_High income
"Macao SAR, China",2001,Asia,East Asia,High income,Developed,Asia_High income
"Macao SAR, China",2000,Asia,East Asia,High income,Developed,Asia_High income
"Macao SAR, China",1999,Asia,East Asia,High income,Developed,Asia_High income
"Macao SAR, China",1998,Asia,East Asia,High income,Developed,Asia_High income
"Macao SAR, China",1997,Asia,East Asia,High income,Developed,Asia_High income
"Macao SAR, China",1996,Asia,East Asia,High income,Developed,Asia_High income
"Macao SAR, China",1995,Asia,East Asia,High income,Developed,Asia_High income
"Macao SAR, China",1994,Asia,East Asia,High income,Developed,Asia_High income
"Macao SAR, China",1993,Asia,East Asia,High income,Developed,Asia_High income
"Macao SAR, China",1992,Asia,East Asia,High income,Developed,Asia_High income
"Macao SAR, China",1991,Asia,East Asia,High income,Developed,Asia_High income
"Macao SAR, China",1990,Asia,East Asia,High income,Developed,Asia_High income
"Macao SAR, China",1989,Asia,East Asia,High income,Developed,Asia_High income
"Macao SAR, China",1988,Asia,East Asia,High income,Developed,Asia_High income
"Macao SAR, China",1987,Asia,East Asia,High income,Developed,Asia_High income
"Macao SAR, China",1986,Asia,East Asia,High income,Developed,Asia_High income
"Macao SAR, China",1985,Asia,East Asia,High income,Developed,Asia_High income
"Macao SAR, China",1984,Asia,East Asia,High income,Developed,Asia_High income
"Macao SAR, China",1983,Asia,East Asia,High income,Developed,Asia_High income
"Macao SAR, China",1982,Asia,East Asia,High income,Developed,Asia_High income
"Macao SAR, China",1981,Asia,East Asia,High income,Developed,Asia_High income
"Macao SAR, China",1980,Asia,East Asia,High income,Developed,Asia_High income
"Macao SAR, China",1979,Asia,East Asia,High income,Developed,Asia_High income
"Macao SAR, China",1978,Asia,East Asia,High income,Developed,Asia_High income
"Macao SAR, China",1977,Asia,East Asia,High income,Developed,Asia_High income
"Macao SAR, China",1976,Asia,East Asia,High income,Developed,Asia_High income
"Macao SAR, China",1975,Asia,East Asia,High income,Developed,Asia_High income
"Macao SAR, China",1974,Asia,East Asia,High income,Developed,Asia_High income
Madagascar,2024,Africa,East Africa,Low income,Developing,Africa_Low income
Madagascar,2023,Africa,East Africa,Low income,Developing,Africa_Low income
Madagascar,2022,Africa,East Africa,Low income,Developing,Africa_Low income
Madagascar,2021,Africa,East Africa,Low income,Developing,Africa_Low income
Madagascar,2020,Africa,East Africa,Low income,Developing,Africa_Low income
Madagascar,2019,Africa,East Africa,Low income,Developing,Africa_Low income
Madagascar,2018,Africa,East Africa,Low income,Developing,Africa_Low income
Madagascar,2017,Africa,East Africa,Low income,Developing,Africa_Low income
Madagascar,2016,Africa,East Africa,Low income,Developing,Africa_Low income
Madagascar,2015,Africa,East Africa,Low income,Developing,Africa_Low income
Madagascar,2014,Africa,East Africa,Low income,Developing,Africa_Low income
Madagascar,2013,Africa,East Africa,Low income,Developing,Africa_Low income
Madagascar,2012,Africa,East Africa,Low income,Developing,Africa_Low income
Madagascar,2011,Africa,East Africa,Low income,Developing,Africa_Low income
Madagascar,2010,Africa,East Africa,Low income,Developing,Africa_Low income
Madagascar,2009,Africa,East Africa,Low income,Developing,Africa_Low income
Madagascar,2008,Africa,East Africa,Low income,Developing,Africa_Low income
Madagascar,2007,Africa,East Africa,Low income,Developing,Africa_Low income
Madagascar,2006,Africa,East Africa,Low income,Developing,Africa_Low income
Madagascar,2005,Africa,East Africa,Low income,Developing,Africa_Low income
Madagascar,2004,Africa,East Africa,Low income,Developing,Africa_Low income
Madagascar,2003,Africa,East Africa,Low income,Developing,Africa_Low income
Madagascar,2002,Africa,East Africa,Low income,Developing,Africa_Low income
Madagascar,2001,Africa,East Africa,Low income,Developing,Africa_Low income
Madagascar,2000,Africa,East Africa,Low income,Developing,Africa_Low income
Madagascar,1999,Africa,East Africa,Low income,Developing,Africa_Low income
Madagascar,1998,Africa,East Africa,Low income,Developing,Africa_Low income
Madagascar,1997,Africa,East Africa,Low income,Developing,Africa_Low income
Madagascar,1996,Africa,East Africa,Low income,Developing,Africa_Low income
Madagascar,1995,Africa,East Africa,Low income,Developing,Africa_Low income
Madagascar,1994,Africa,East Africa,Low income,Developing,Africa_Low income
Madagascar,1993,Africa,East Africa,Low income,Developing,Africa_Low income
Madagascar,1992,Africa,East Africa,Low income,Developing,Africa_Low income
Madagascar,1991,Africa,East Africa,Low income,Developing,Africa_Low income
Madagascar,1990,Africa,East Africa,Low income,Developing,Africa_Low income
Madagascar,1989,Africa,East Africa,Low income,Developing,Africa_Low income
Madagascar,1988,Africa,East Africa,Low income,Developing,Africa_Low income
Madagascar,1987,Africa,East Africa,Low income,Developing,Africa_Low income
Madagascar,1986,Africa,East Africa,Low income,Developing,Africa_Low income
Madagascar,1985,Africa,East Africa,Low income,Developing,Africa_Low income
Madagascar,1984,Africa,East Africa,Low income,Developing,Africa_Low income
Madagascar,1983,Africa,East Africa,Low income,Developing,Africa_Low income
Madagascar,1982,Africa,East Africa,Low income,Developing,Africa_Low income
Madagascar,1981,Africa,East Africa,Low income,Developing,Africa_Low income
Madagascar,1980,Africa,East Africa,Low income,Developing,Africa_Low income
Madagascar,1979,Africa,East Africa,Low income,Developing,Africa_Low income
Madagascar,1978,Africa,East Africa,Low income,Developing,Africa_Low income
Madagascar,1977,Africa,East Africa,Low income,Developing,Africa_Low income
Madagascar,1976,Africa,East Africa,Low income,Developing,Africa_Low income
Madagascar,1975,Africa,East Africa,Low income,Developing,Africa_Low income
Madagascar,1974,Africa,East Africa,Low income,Developing,Africa_Low income
Malawi,2024,Africa,East Africa,Low income,Developing,Africa_Low income
Malawi,2023,Africa,East Africa,Low income,Developing,Africa_Low income
Malawi,2022,Africa,East Africa,Low income,Developing,Africa_Low income
Malawi,2021,Africa,East Africa,Low income,Developing,Africa_Low income
Malawi,2020,Africa,East Africa,Low income,Developing,Africa_Low income
Malawi,2019,Africa,East Africa,Low income,Developing,Africa_Low income
Malawi,2018,Africa,East Africa,Low income,Developing,Africa_Low income
Malawi,2017,Africa,East Africa,Low income,Developing,Africa_Low income
Malawi,2016,Africa,East Africa,Low income,Developing,Africa_Low income
Malawi,2015,Africa,East Africa,Low income,Developing,Africa_Low income
Malawi,2014,Africa,East Africa,Low income,Developing,Africa_Low income
Malawi,2013,Africa,East Africa,Low income,Developing,Africa_Low income
Malawi,2012,Africa,East Africa,Low income,Developing,Africa_Low income
Malawi,2011,Africa,East Africa,Low income,Developing,Africa_Low income
Malawi,2010,Africa,East Africa,Low income,Developing,Africa_Low income
Malawi,2009,Africa,East Africa,Low income,Developing,Africa_Low income
Malawi,2008,Africa,East Africa,Low income,Developing,Africa_Low income
Malawi,2007,Africa,East Africa,Low income,Developing,Africa_Low income
Malawi,2006,Africa,East Africa,Low income,Developing,Africa_Low income
Malawi,2005,Africa,East Africa,Low income,Developing,Africa_Low income
Malawi,2004,Africa,East Africa,Low income,Developing,Africa_Low income
Malawi,2003,Africa,East Africa,Low income,Developing,Africa_Low income
Malawi,2002,Africa,East Africa,Low income,Developing,Africa_Low income
Malawi,2001,Africa,East Africa,Low income,Developing,Africa_Low income
Malawi,2000,Africa,East Africa,Low income,Developing,Africa_Low income
Malawi,1999,Africa,East Africa,Low income,Developing,Africa_Low income
Malawi,1998,Africa,East Africa,Low income,Developing,Africa_Low income
Malawi,1997,Africa,East Africa,Low income,Developing,Africa_Low income
Malawi,1996,Africa,East Africa,Low income,Developing,Africa_Low income
Malawi,1995,Africa,East Africa,Low income,Developing,Africa_Low income
Malawi,1994,Africa,East Africa,Low income,Developing,Africa_Low income
Malawi,1993,Africa,East Africa,Low income,Developing,Africa_Low income
Malawi,1992,Africa,East Africa,Low income,Developing,Africa_Low income
Malawi,1991,Africa,East Africa,Low income,Developing,Africa_Low income
Malawi,1990,Africa,East Africa,Low income,Developing,Africa_Low income
Malawi,1989,Africa,East Africa,Low income,Developing,Africa_Low income
Malawi,1988,Africa,East Africa,Low income,Developing,Africa_Low income
Malawi,1987,Africa,East Africa,Low income,Developing,Africa_Low income
Malawi,1986,Africa,East Africa,Low income,Developing,Africa_Low income
Malawi,1985,Africa,East Africa,Low income,Developing,Africa_Low income
Malawi,1984,Africa,East Africa,Low income,Developing,Africa_Low income
Malawi,1983,Africa,East Africa,Low income,Developing,Africa_Low income
Malawi,1982,Africa,East Africa,Low income,Developing,Africa_Low income
Malawi,1981,Africa,East Africa,Low income,Developing,Africa_Low income
Malawi,1980,Africa,East Africa,Low income,Developing,Africa_Low income
Malawi,1979,Africa,East Africa,Low income,Developing,Africa_Low income
Malawi,1978,Africa,East Africa,Low income,Developing,Africa_Low income
Malawi,1977,Africa,East Africa,Low income,Developing,Africa_Low income
Malawi,1976,Africa,East Africa,Low income,Developing,Africa_Low income
Malawi,1975,Africa,East Africa,Low income,Developing,Africa_Low income
Malawi,1974,Africa,East Africa,Low income,Developing,Africa_Low income
Malaysia,2024,Asia,Southeast Asia,Upper middle income,Developing,Asia_Upper middle income
Malaysia,2023,Asia,Southeast Asia,Upper middle income,Developing,Asia_Upper middle income
Malaysia,2022,Asia,Southeast Asia,Upper middle income,Developing,Asia_Upper middle income
Malaysia,2021,Asia,Southeast Asia,Upper middle income,Developing,Asia_Upper middle income
Malaysia,2020,Asia,Southeast Asia,Upper middle income,Developing,Asia_Upper middle income
Malaysia,2019,Asia,Southeast Asia,Upper middle income,Developing,Asia_Upper middle income
Malaysia,2018,Asia,Southeast Asia,Upper middle income,Developing,Asia_Upper middle income
Malaysia,2017,Asia,Southeast Asia,Upper middle income,Developing,Asia_Upper middle income
Malaysia,2016,Asia,Southeast Asia,Upper middle income,Developing,Asia_Upper middle income
Malaysia,2015,Asia,Southeast Asia,Upper middle income,Developing,Asia_Upper middle income
Malaysia,2014,Asia,Southeast Asia,Upper middle income,Developing,Asia_Upper middle income
Malaysia,2013,Asia,Southeast Asia,Upper middle income,Developing,Asia_Upper middle income
Malaysia,2012,Asia,Southeast Asia,Upper middle income,Developing,Asia_Upper middle income
Malaysia,2011,Asia,Southeast Asia,Upper middle income,Developing,Asia_Upper middle income
Malaysia,2010,Asia,Southeast Asia,Upper middle income,Developing,Asia_Upper middle income
Malaysia,2009,Asia,Southeast Asia,Upper middle income,Developing,Asia_Upper middle income
Malaysia,2008,Asia,Southeast Asia,Upper middle income,Developing,Asia_Upper middle income
Malaysia,2007,Asia,Southeast Asia,Upper middle income,Developing,Asia_Upper middle income
Malaysia,2006,Asia,Southeast Asia,Upper middle income,Developing,Asia_Upper middle income
Malaysia,2005,Asia,Southeast Asia,Upper middle income,Developing,Asia_Upper middle income
Malaysia,2004,Asia,Southeast Asia,Upper middle income,Developing,Asia_Upper middle income
Malaysia,2003,Asia,Southeast Asia,Upper middle income,Developing,Asia_Upper middle income
Malaysia,2002,Asia,Southeast Asia,Upper middle income,Developing,Asia_Upper middle income
Malaysia,2001,Asia,Southeast Asia,Upper middle income,Developing,Asia_Upper middle income
Malaysia,2000,Asia,Southeast Asia,Upper middle income,Developing,Asia_Upper middle income
Malaysia,1999,Asia,Southeast Asia,Upper middle income,Developing,Asia_Upper middle income
Malaysia,1998,Asia,Southeast Asia,Upper middle income,Developing,Asia_Upper middle income
Malaysia,1997,Asia,Southeast Asia,Upper middle income,Developing,Asia_Upper middle income
Malaysia,1996,Asia,Southeast Asia,Upper middle income,Developing,Asia_Upper middle income
Malaysia,1995,Asia,Southeast Asia,Upper middle income,Developing,Asia_Upper middle income
Malaysia,1994,Asia,Southeast Asia,Upper middle income,Developing,Asia_Upper middle income
Malaysia,1993,Asia,Southeast Asia,Upper middle income,Developing,Asia_Upper middle income
Malaysia,1992,Asia,Southeast Asia,Upper middle income,Developing,Asia_Upper middle income
Malaysia,1991,Asia,Southeast Asia,Upper middle income,Developing,Asia_Upper middle income
Malaysia,1990,Asia,Southeast Asia,Upper middle income,Developing,Asia_Upper middle income
Malaysia,1989,Asia,Southeast Asia,Upper middle income,Developing,Asia_Upper middle income
Malaysia,1988,Asia,Southeast Asia,Upper middle income,Developing,Asia_Upper middle income
Malaysia,1987,Asia,Southeast Asia,Upper middle income,Developing,Asia_Upper middle income
Malaysia,1986,Asia,Southeast Asia,Upper middle income,Developing,Asia_Upper middle income
Malaysia,1985,Asia,Southeast Asia,Upper middle income,Developing,Asia_Upper middle income
Malaysia,1984,Asia,Southeast Asia,Upper middle income,Developing,Asia_Upper middle income
Malaysia,1983,Asia,Southeast Asia,Upper middle income,Developing,Asia_Upper middle income
Malaysia,1982,Asia,Southeast Asia,Upper middle income,Developing,Asia_Upper middle income
Malaysia,1981,Asia,Southeast Asia,Upper middle income,Developing,Asia_Upper middle income
Malaysia,1980,Asia,Southeast Asia,Upper middle income,Developing,Asia_Upper middle income
Malaysia,1979,Asia,Southeast Asia,Upper middle income,Developing,Asia_Upper middle income
Malaysia,1978,Asia,Southeast Asia,Upper middle income,Developing,Asia_Upper middle income
Malaysia,1977,Asia,Southeast Asia,Upper middle income,Developing,Asia_Upper middle income
Malaysia,1976,Asia,Southeast Asia,Upper middle income,Developing,Asia_Upper middle income
Malaysia,1975,Asia,Southeast Asia,Upper middle income,Developing,Asia_Upper middle income
Malaysia,1974,Asia,Southeast Asia,Upper middle income,Developing,Asia_Upper middle income
Maldives,2024,Asia,South Asia,Upper middle income,Developing,Asia_Upper middle income
Maldives,2023,Asia,South Asia,Upper middle income,Developing,Asia_Upper middle income
Maldives,2022,Asia,South Asia,Upper middle income,Developing,Asia_Upper middle income
Maldives,2021,Asia,South Asia,Upper middle income,Developing,Asia_Upper middle income
Maldives,2020,Asia,South Asia,Upper middle income,Developing,Asia_Upper middle income
Maldives,2019,Asia,South Asia,Upper middle income,Developing,Asia_Upper middle income
Maldives,2018,Asia,South Asia,Upper middle income,Developing,Asia_Upper middle income
Maldives,2017,Asia,South Asia,Upper middle income,Developing,Asia_Upper middle income
Maldives,2016,Asia,South Asia,Upper middle income,Developing,Asia_Upper middle income
Maldives,2015,Asia,South Asia,Upper middle income,Developing,Asia_Upper middle income
Maldives,2014,Asia,South Asia,Upper middle income,Developing,Asia_Upper middle income
Maldives,2013,Asia,South Asia,Upper middle income,Developing,Asia_Upper middle income
Maldives,2012,Asia,South Asia,Upper middle income,Developing,Asia_Upper middle income
Maldives,2011,Asia,South Asia,Upper middle income,Developing,Asia_Upper middle income
Maldives,2010,Asia,South Asia,Upper middle income,Developing,Asia_Upper middle income
Maldives,2009,Asia,South Asia,Upper middle income,Developing,Asia_Upper middle income
Maldives,2008,Asia,South Asia,Upper middle income,Developing,Asia_Upper middle income
Maldives,2007,Asia,South Asia,Upper middle income,Developing,Asia_Upper middle income
Maldives,2006,Asia,South Asia,Upper middle income,Developing,Asia_Upper middle income
Maldives,2005,Asia,South Asia,Upper middle income,Developing,Asia_Upper middle income
Maldives,2004,Asia,South Asia,Upper middle income,Developing,Asia_Upper middle income
Maldives,2003,Asia,South Asia,Upper middle income,Developing,Asia_Upper middle income
Maldives,2002,Asia,South Asia,Upper middle income,Developing,Asia_Upper middle income
Maldives,2001,Asia,South Asia,Upper middle income,Developing,Asia_Upper middle income
Maldives,2000,Asia,South Asia,Upper middle income,Developing,Asia_Upper middle income
Maldives,1999,Asia,South Asia,Upper middle income,Developing,Asia_Upper middle income
Maldives,1998,Asia,South Asia,Upper middle income,Developing,Asia_Upper middle income
Maldives,1997,Asia,South Asia,Upper middle income,Developing,Asia_Upper middle income
Maldives,1996,Asia,South Asia,Upper middle income,Developing,Asia_Upper middle income
Maldives,1995,Asia,South Asia,Upper middle income,Developing,Asia_Upper middle income
Maldives,1994,Asia,South Asia,Upper middle income,Developing,Asia_Upper middle income
Maldives,1993,Asia,South Asia,Upper middle income,Developing,Asia_Upper middle income
Maldives,1992,Asia,South Asia,Upper middle income,Developing,Asia_Upper middle income
Maldives,1991,Asia,South Asia,Upper middle income,Developing,Asia_Upper middle income
Maldives,1990,Asia,South Asia,Upper middle income,Developing,Asia_Upper middle income
Maldives,1989,Asia,South Asia,Upper middle income,Developing,Asia_Upper middle income
Maldives,1988,Asia,South Asia,Upper middle income,Developing,Asia_Upper middle income
Maldives,1987,Asia,South Asia,Upper middle income,Developing,Asia_Upper middle income
Maldives,1986,Asia,South Asia,Upper middle income,Developing,Asia_Upper middle income
Maldives,1985,Asia,South Asia,Upper middle income,Developing,Asia_Upper middle income
Maldives,1984,Asia,South Asia,Upper middle income,Developing,Asia_Upper middle income
Maldives,1983,Asia,South Asia,Upper middle income,Developing,Asia_Upper middle income
Maldives,1982,Asia,South Asia,Upper middle income,Developing,Asia_Upper middle income
Maldives,1981,Asia,South Asia,Upper middle income,Developing,Asia_Upper middle income
Maldives,1980,Asia,South Asia,Upper middle income,Developing,Asia_Upper middle income
Maldives,1979,Asia,South Asia,Upper middle income,Developing,Asia_Upper middle income
Maldives,1978,Asia,South Asia,Upper middle income,Developing,Asia_Upper middle income
Maldives,1977,Asia,South Asia,Upper middle income,Developing,Asia_Upper middle income
Maldives,1976,Asia,South Asia,Upper middle income,Developing,Asia_Upper middle income
Maldives,1975,Asia,South Asia,Upper middle income,Developing,Asia_Upper middle income
Maldives,1974,Asia,South Asia,Upper middle income,Developing,Asia_Upper middle income
Mali,2024,Africa,West Africa,Low income,Developing,Africa_Low income
Mali,2023,Africa,West Africa,Low income,Developing,Africa_Low income
Mali,2022,Africa,West Africa,Low income,Developing,Africa_Low income
Mali,2021,Africa,West Africa,Low income,Developing,Africa_Low income
Mali,2020,Africa,West Africa,Low income,Developing,Africa_Low income
Mali,2019,Africa,West Africa,Low income,Developing,Africa_Low income
Mali,2018,Africa,West Africa,Low income,Developing,Africa_Low income
Mali,2017,Africa,West Africa,Low income,Developing,Africa_Low income
Mali,2016,Africa,West Africa,Low income,Developing,Africa_Low income
Mali,2015,Africa,West Africa,Low income,Developing,Africa_Low income
Mali,2014,Africa,West Africa,Low income,Developing,Africa_Low income
Mali,2013,Africa,West Africa,Low income,Developing,Africa_Low income
Mali,2012,Africa,West Africa,Low income,Developing,Africa_Low income
Mali,2011,Africa,West Africa,Low income,Developing,Africa_Low income
Mali,2010,Africa,West Africa,Low income,Developing,Africa_Low income
Mali,2009,Africa,West Africa,Low income,Developing,Africa_Low income
Mali,2008,Africa,West Africa,Low income,Developing,Africa_Low income
Mali,2007,Africa,West Africa,Low income,Developing,Africa_Low income
Mali,2006,Africa,West Africa,Low income,Developing,Africa_Low income
Mali,2005,Africa,West Africa,Low income,Developing,Africa_Low income
Mali,2004,Africa,West Africa,Low income,Developing,Africa_Low income
Mali,2003,Africa,West Africa,Low income,Developing,Africa_Low income
Mali,2002,Africa,West Africa,Low income,Developing,Africa_Low income
Mali,2001,Africa,West Africa,Low income,Developing,Africa_Low income
Mali,2000,Africa,West Africa,Low income,Developing,Africa_Low income
Mali,1999,Africa,West Africa,Low income,Developing,Africa_Low income
Mali,1998,Africa,West Africa,Low income,Developing,Africa_Low income
Mali,1997,Africa,West Africa,Low income,Developing,Africa_Low income
Mali,1996,Africa,West Africa,Low income,Developing,Africa_Low income
Mali,1995,Africa,West Africa,Low income,Developing,Africa_Low income
Mali,1994,Africa,West Africa,Low income,Developing,Africa_Low income
Mali,1993,Africa,West Africa,Low income,Developing,Africa_Low income
Mali,1992,Africa,West Africa,Low income,Developing,Africa_Low income
Mali,1991,Africa,West Africa,Low income,Developing,Africa_Low income
Mali,1990,Africa,West Africa,Low income,Developing,Africa_Low income
Mali,1989,Africa,West Africa,Low income,Developing,Africa_Low income
Mali,1988,Africa,West Africa,Low income,Developing,Africa_Low income
Mali,1987,Africa,West Africa,Low income,Developing,Africa_Low income
Mali,1986,Africa,West Africa,Low income,Developing,Africa_Low income
Mali,1985,Africa,West Africa,Low income,Developing,Africa_Low income
Mali,1984,Africa,West Africa,Low income,Developing,Africa_Low income
Mali,1983,Africa,West Africa,Low income,Developing,Africa_Low income
Mali,1982,Africa,West Africa,Low income,Developing,Africa_Low income
Mali,1981,Africa,West Africa,Low income,Developing,Africa_Low income
Mali,1980,Africa,West Africa,Low income,Developing,Africa_Low income
Mali,1979,Africa,West Africa,Low income,Developing,Africa_Low income
Mali,1978,Africa,West Africa,Low income,Developing,Africa_Low income
Mali,1977,Africa,West Africa,Low income,Developing,Africa_Low income
Mali,1976,Africa,West Africa,Low income,Developing,Africa_Low income
Mali,1975,Africa,West Africa,Low income,Developing,Africa_Low income
Mali,1974,Africa,West Africa,Low income,Developing,Africa_Low income
Malta,2024,Europe,Southern Europe,High income,Developed,Europe_High income
Malta,2023,Europe,Southern Europe,High income,Developed,Europe_High income
Malta,2022,Europe,Southern Europe,High income,Developed,Europe_High income
Malta,2021,Europe,Southern Europe,High income,Developed,Europe_High income
Malta,2020,Europe,Southern Europe,High income,Developed,Europe_High income
Malta,2019,Europe,Southern Europe,High income,Developed,Europe_High income
Malta,2018,Europe,Southern Europe,High income,Developed,Europe_High income
Malta,2017,Europe,Southern Europe,High income,Developed,Europe_High income
Malta,2016,Europe,Southern Europe,High income,Developed,Europe_High income
Malta,2015,Europe,Southern Europe,High income,Developed,Europe_High income
Malta,2014,Europe,Southern Europe,High income,Developed,Europe_High income
Malta,2013,Europe,Southern Europe,High income,Developed,Europe_High income
Malta,2012,Europe,Southern Europe,High income,Developed,Europe_High income
Malta,2011,Europe,Southern Europe,High income,Developed,Europe_High income
Malta,2010,Europe,Southern Europe,High income,Developed,Europe_High income
Malta,2009,Europe,Southern Europe,High income,Developed,Europe_High income
Malta,2008,Europe,Southern Europe,High income,Developed,Europe_High income
Malta,2007,Europe,Southern Europe,High income,Developed,Europe_High income
Malta,2006,Europe,Southern Europe,High income,Developed,Europe_High income
Malta,2005,Europe,Southern Europe,High income,Developed,Europe_High income
Malta,2004,Europe,Southern Europe,High income,Developed,Europe_High income
Malta,2003,Europe,Southern Europe,High income,Developed,Europe_High income
Malta,2002,Europe,Southern Europe,High income,Developed,Europe_High income
Malta,2001,Europe,Southern Europe,High income,Developed,Europe_High income
Malta,2000,Europe,Southern Europe,High income,Developed,Europe_High income
Malta,1999,Europe,Southern Europe,High income,Developed,Europe_High income
Malta,1998,Europe,Southern Europe,High income,Developed,Europe_High income
Malta,1997,Europe,Southern Europe,High income,Developed,Europe_High income
Malta,1996,Europe,Southern Europe,High income,Developed,Europe_High income
Malta,1995,Europe,Southern Europe,High income,Developed,Europe_High income
Malta,1994,Europe,Southern Europe,High income,Developed,Europe_High income
Malta,1993,Europe,Southern Europe,High income,Developed,Europe_High income
Malta,1992,Europe,Southern Europe,High income,Developed,Europe_High income
Malta,1991,Europe,Southern Europe,High income,Developed,Europe_High income
Malta,1990,Europe,Southern Europe,High income,Developed,Europe_High income
Malta,1989,Europe,Southern Europe,High income,Developed,Europe_High income
Malta,1988,Europe,Southern Europe,High income,Developed,Europe_High income
Malta,1987,Europe,Southern Europe,High income,Developed,Europe_High income
Malta,1986,Europe,Southern Europe,High income,Developed,Europe_High income
Malta,1985,Europe,Southern Europe,High income,Developed,Europe_High income
Malta,1984,Europe,Southern Europe,High income,Developed,Europe_High income
Malta,1983,Europe,Southern Europe,High income,Developed,Europe_High income
Malta,1982,Europe,Southern Europe,High income,Developed,Europe_High income
Malta,1981,Europe,Southern Europe,High income,Developed,Europe_High income
Malta,1980,Europe,Southern Europe,High income,Developed,Europe_High income
Malta,1979,Europe,Southern Europe,High income,Developed,Europe_High income
Malta,1978,Europe,Southern Europe,High income,Developed,Europe_High income
Malta,1977,Europe,Southern Europe,High income,Developed,Europe_High income
Malta,1976,Europe,Southern Europe,High income,Developed,Europe_High income
Malta,1975,Europe,Southern Europe,High income,Developed,Europe_High income
Malta,1974,Europe,Southern Europe,High income,Developed,Europe_High income
Marshall Islands,2024,Oceania,Micronesia,Upper middle income,Developing,Oceania_Upper middle income
Marshall Islands,2023,Oceania,Micronesia,Upper middle income,Developing,Oceania_Upper middle income
Marshall Islands,2022,Oceania,Micronesia,Upper middle income,Developing,Oceania_Upper middle income
Marshall Islands,2021,Oceania,Micronesia,Upper middle income,Developing,Oceania_Upper middle income
Marshall Islands,2020,Oceania,Micronesia,Upper middle income,Developing,Oceania_Upper middle income
Marshall Islands,2019,Oceania,Micronesia,Upper middle income,Developing,Oceania_Upper middle income
Marshall Islands,2018,Oceania,Micronesia,Upper middle income,Developing,Oceania_Upper middle income
Marshall Islands,2017,Oceania,Micronesia,Upper middle income,Developing,Oceania_Upper middle income
Marshall Islands,2016,Oceania,Micronesia,Upper middle income,Developing,Oceania_Upper middle income
Marshall Islands,2015,Oceania,Micronesia,Upper middle income,Developing,Oceania_Upper middle income
Marshall Islands,2014,Oceania,Micronesia,Upper middle income,Developing,Oceania_Upper middle income
Marshall Islands,2013,Oceania,Micronesia,Upper middle income,Developing,Oceania_Upper middle income
Marshall Islands,2012,Oceania,Micronesia,Upper middle income,Developing,Oceania_Upper middle income
Marshall Islands,2011,Oceania,Micronesia,Upper middle income,Developing,Oceania_Upper middle income
Marshall Islands,2010,Oceania,Micronesia,Upper middle income,Developing,Oceania_Upper middle income
Marshall Islands,2009,Oceania,Micronesia,Upper middle income,Developing,Oceania_Upper middle income
Marshall Islands,2008,Oceania,Micronesia,Upper middle income,Developing,Oceania_Upper middle income
Marshall Islands,2007,Oceania,Micronesia,Upper middle income,Developing,Oceania_Upper middle income
Marshall Islands,2006,Oceania,Micronesia,Upper middle income,Developing,Oceania_Upper middle income
Marshall Islands,2005,Oceania,Micronesia,Upper middle income,Developing,Oceania_Upper middle income
Marshall Islands,2004,Oceania,Micronesia,Upper middle income,Developing,Oceania_Upper middle income
Marshall Islands,2003,Oceania,Micronesia,Upper middle income,Developing,Oceania_Upper middle income
Marshall Islands,2002,Oceania,Micronesia,Upper middle income,Developing,Oceania_Upper middle income
Marshall Islands,2001,Oceania,Micronesia,Upper middle income,Developing,Oceania_Upper middle income
Marshall Islands,2000,Oceania,Micronesia,Upper middle income,Developing,Oceania_Upper middle income
Marshall Islands,1999,Oceania,Micronesia,Upper middle income,Developing,Oceania_Upper middle income
Marshall Islands,1998,Oceania,Micronesia,Upper middle income,Developing,Oceania_Upper middle income
Marshall Islands,1997,Oceania,Micronesia,Upper middle income,Developing,Oceania_Upper middle income
Marshall Islands,1996,Oceania,Micronesia,Upper middle income,Developing,Oceania_Upper middle income
Marshall Islands,1995,Oceania,Micronesia,Upper middle income,Developing,Oceania_Upper middle income
Marshall Islands,1994,Oceania,Micronesia,Upper middle income,Developing,Oceania_Upper middle income
Marshall Islands,1993,Oceania,Micronesia,Upper middle income,Developing,Oceania_Upper middle income
Marshall Islands,1992,Oceania,Micronesia,Upper middle income,Developing,Oceania_Upper middle income
Marshall Islands,1991,Oceania,Micronesia,Upper middle income,Developing,Oceania_Upper middle income
Marshall Islands,1990,Oceania,Micronesia,Upper middle income,Developing,Oceania_Upper middle income
Marshall Islands,1989,Oceania,Micronesia,Upper middle income,Developing,Oceania_Upper middle income
Marshall Islands,1988,Oceania,Micronesia,Upper middle income,Developing,Oceania_Upper middle income
Marshall Islands,1987,Oceania,Micronesia,Upper middle income,Developing,Oceania_Upper middle income
Marshall Islands,1986,Oceania,Micronesia,Upper middle income,Developing,Oceania_Upper middle income
Marshall Islands,1985,Oceania,Micronesia,Upper middle income,Developing,Oceania_Upper middle income
Marshall Islands,1984,Oceania,Micronesia,Upper middle income,Developing,Oceania_Upper middle income
Marshall Islands,1983,Oceania,Micronesia,Upper middle income,Developing,Oceania_Upper middle income
Marshall Islands,1982,Oceania,Micronesia,Upper middle income,Developing,Oceania_Upper middle income
Marshall Islands,1981,Oceania,Micronesia,Upper middle income,Developing,Oceania_Upper middle income
Marshall Islands,1980,Oceania,Micronesia,Upper middle income,Developing,Oceania_Upper middle income
Marshall Islands,1979,Oceania,Micronesia,Upper middle income,Developing,Oceania_Upper middle income
Marshall Islands,1978,Oceania,Micronesia,Upper middle income,Developing,Oceania_Upper middle income
Marshall Islands,1977,Oceania,Micronesia,Upper middle income,Developing,Oceania_Upper middle income
Marshall Islands,1976,Oceania,Micronesia,Upper middle income,Developing,Oceania_Upper middle income
Marshall Islands,1975,Oceania,Micronesia,Upper middle income,Developing,Oceania_Upper middle income
Marshall Islands,1974,Oceania,Micronesia,Upper middle income,Developing,Oceania_Upper middle income
Mauritania,2024,Africa,West Africa,Lower middle income,Developing,Africa_Lower middle income
Mauritania,2023,Africa,West Africa,Lower middle income,Developing,Africa_Lower middle income
Mauritania,2022,Africa,West Africa,Lower middle income,Developing,Africa_Lower middle income
Mauritania,2021,Africa,West Africa,Lower middle income,Developing,Africa_Lower middle income
Mauritania,2020,Africa,West Africa,Lower middle income,Developing,Africa_Lower middle income
Mauritania,2019,Africa,West Africa,Lower middle income,Developing,Africa_Lower middle income
Mauritania,2018,Africa,West Africa,Lower middle income,Developing,Africa_Lower middle income
Mauritania,2017,Africa,West Africa,Lower middle income,Developing,Africa_Lower middle income
Mauritania,2016,Africa,West Africa,Lower middle income,Developing,Africa_Lower middle income
Mauritania,2015,Africa,West Africa,Lower middle income,Developing,Africa_Lower middle income
Mauritania,2014,Africa,West Africa,Lower middle income,Developing,Africa_Lower middle income
Mauritania,2013,Africa,West Africa,Lower middle income,Developing,Africa_Lower middle income
Mauritania,2012,Africa,West Africa,Lower middle income,Developing,Africa_Lower middle income
Mauritania,2011,Africa,West Africa,Lower middle income,Developing,Africa_Lower middle income
Mauritania,2010,Africa,West Africa,Lower middle income,Developing,Africa_Lower middle income
Mauritania,2009,Africa,West Africa,Lower middle income,Developing,Africa_Lower middle income
Mauritania,2008,Africa,West Africa,Lower middle income,Developing,Africa_Lower middle income
Mauritania,2007,Africa,West Africa,Lower middle income,Developing,Africa_Lower middle income
Mauritania,2006,Africa,West Africa,Lower middle income,Developing,Africa_Lower middle income
Mauritania,2005,Africa,West Africa,Lower middle income,Developing,Africa_Lower middle income
Mauritania,2004,Africa,West Africa,Lower middle income,Developing,Africa_Lower middle income
Mauritania,2003,Africa,West Africa,Lower middle income,Developing,Africa_Lower middle income
Mauritania,2002,Africa,West Africa,Lower middle income,Developing,Africa_Lower middle income
Mauritania,2001,Africa,West Africa,Lower middle income,Developing,Africa_Lower middle income
Mauritania,2000,Africa,West Africa,Lower middle income,Developing,Africa_Lower middle income
Mauritania,1999,Africa,West Africa,Lower middle income,Developing,Africa_Lower middle income
Mauritania,1998,Africa,West Africa,Lower middle income,Developing,Africa_Lower middle income
Mauritania,1997,Africa,West Africa,Lower middle income,Developing,Africa_Lower middle income
Mauritania,1996,Africa,West Africa,Lower middle income,Developing,Africa_Lower middle income
Mauritania,1995,Africa,West Africa,Lower middle income,Developing,Africa_Lower middle income
Mauritania,1994,Africa,West Africa,Lower middle income,Developing,Africa_Lower middle income
Mauritania,1993,Africa,West Africa,Lower middle income,Developing,Africa_Lower middle income
Mauritania,1992,Africa,West Africa,Lower middle income,Developing,Africa_Lower middle income
Mauritania,1991,Africa,West Africa,Lower middle income,Developing,Africa_Lower middle income
Mauritania,1990,Africa,West Africa,Lower middle income,Developing,Africa_Lower middle income
Mauritania,1989,Africa,West Africa,Lower middle income,Developing,Africa_Lower middle income
Mauritania,1988,Africa,West Africa,Lower middle income,Developing,Africa_Lower middle income
Mauritania,1987,Africa,West Africa,Lower middle income,Developing,Africa_Lower middle income
Mauritania,1986,Africa,West Africa,Lower middle income,Developing,Africa_Lower middle income
Mauritania,1985,Africa,West Africa,Lower middle income,Developing,Africa_Lower middle income
Mauritania,1984,Africa,West Africa,Lower middle income,Developing,Africa_Lower middle income
Mauritania,1983,Africa,West Africa,Lower middle income,Developing,Africa_Lower middle income
Mauritania,1982,Africa,West Africa,Lower middle income,Developing,Africa_Lower middle income
Mauritania,1981,Africa,West Africa,Lower middle income,Developing,Africa_Lower middle income
Mauritania,1980,Africa,West Africa,Lower middle income,Developing,Africa_Lower middle income
Mauritania,1979,Africa,West Africa,Lower middle income,Developing,Africa_Lower middle income
Mauritania,1978,Africa,West Africa,Lower middle income,Developing,Africa_Lower middle income
Mauritania,1977,Africa,West Africa,Lower middle income,Developing,Africa_Lower middle income
Mauritania,1976,Africa,West Africa,Lower middle income,Developing,Africa_Lower middle income
Mauritania,1975,Africa,West Africa,Lower middle income,Developing,Africa_Lower middle income
Mauritania,1974,Africa,West Africa,Lower middle income,Developing,Africa_Lower middle income
Mauritius,2024,Africa,East Africa,Upper middle income,Developing,Africa_Upper middle income
Mauritius,2023,Africa,East Africa,Upper middle income,Developing,Africa_Upper middle income
Mauritius,2022,Africa,East Africa,Upper middle income,Developing,Africa_Upper middle income
Mauritius,2021,Africa,East Africa,Upper middle income,Developing,Africa_Upper middle income
Mauritius,2020,Africa,East Africa,Upper middle income,Developing,Africa_Upper middle income
Mauritius,2019,Africa,East Africa,Upper middle income,Developing,Africa_Upper middle income
Mauritius,2018,Africa,East Africa,Upper middle income,Developing,Africa_Upper middle income
Mauritius,2017,Africa,East Africa,Upper middle income,Developing,Africa_Upper middle income
Mauritius,2016,Africa,East Africa,Upper middle income,Developing,Africa_Upper middle income
Mauritius,2015,Africa,East Africa,Upper middle income,Developing,Africa_Upper middle income
Mauritius,2014,Africa,East Africa,Upper middle income,Developing,Africa_Upper middle income
Mauritius,2013,Africa,East Africa,Upper middle income,Developing,Africa_Upper middle income
Mauritius,2012,Africa,East Africa,Upper middle income,Developing,Africa_Upper middle income
Mauritius,2011,Africa,East Africa,Upper middle income,Developing,Africa_Upper middle income
Mauritius,2010,Africa,East Africa,Upper middle income,Developing,Africa_Upper middle income
Mauritius,2009,Africa,East Africa,Upper middle income,Developing,Africa_Upper middle income
Mauritius,2008,Africa,East Africa,Upper middle income,Developing,Africa_Upper middle income
Mauritius,2007,Africa,East Africa,Upper middle income,Developing,Africa_Upper middle income
Mauritius,2006,Africa,East Africa,Upper middle income,Developing,Africa_Upper middle income
Mauritius,2005,Africa,East Africa,Upper middle income,Developing,Africa_Upper middle income
Mauritius,2004,Africa,East Africa,Upper middle income,Developing,Africa_Upper middle income
Mauritius,2003,Africa,East Africa,Upper middle income,Developing,Africa_Upper middle income
Mauritius,2002,Africa,East Africa,Upper middle income,Developing,Africa_Upper middle income
Mauritius,2001,Africa,East Africa,Upper middle income,Developing,Africa_Upper middle income
Mauritius,2000,Africa,East Africa,Upper middle income,Developing,Africa_Upper middle income
Mauritius,1999,Africa,East Africa,Upper middle income,Developing,Africa_Upper middle income
Mauritius,1998,Africa,East Africa,Upper middle income,Developing,Africa_Upper middle income
Mauritius,1997,Africa,East Africa,Upper middle income,Developing,Africa_Upper middle income
Mauritius,1996,Africa,East Africa,Upper middle income,Developing,Africa_Upper middle income
Mauritius,1995,Africa,East Africa,Upper middle income,Developing,Africa_Upper middle income
Mauritius,1994,Africa,East Africa,Upper middle income,Developing,Africa_Upper middle income
Mauritius,1993,Africa,East Africa,Upper middle income,Developing,Africa_Upper middle income
Mauritius,1992,Africa,East Africa,Upper middle income,Developing,Africa_Upper middle income
Mauritius,1991,Africa,East Africa,Upper middle income,Developing,Africa_Upper middle income
Mauritius,1990,Africa,East Africa,Upper middle income,Developing,Africa_Upper middle income
Mauritius,1989,Africa,East Africa,Upper middle income,Developing,Africa_Upper middle income
Mauritius,1988,Africa,East Africa,Upper middle income,Developing,Africa_Upper middle income
Mauritius,1987,Africa,East Africa,Upper middle income,Developing,Africa_Upper middle income
Mauritius,1986,Africa,East Africa,Upper middle income,Developing,Africa_Upper middle income
Mauritius,1985,Africa,East Africa,Upper middle income,Developing,Africa_Upper middle income
Mauritius,1984,Africa,East Africa,Upper middle income,Developing,Africa_Upper middle income
Mauritius,1983,Africa,East Africa,Upper middle income,Developing,Africa_Upper middle income
Mauritius,1982,Africa,East Africa,Upper middle income,Developing,Africa_Upper middle income
Mauritius,1981,Africa,East Africa,Upper middle income,Developing,Africa_Upper middle income
Mauritius,1980,Africa,East Africa,Upper middle income,Developing,Africa_Upper middle income
Mauritius,1979,Africa,East Africa,Upper middle income,Developing,Africa_Upper middle income
Mauritius,1978,Africa,East Africa,Upper middle income,Developing,Africa_Upper middle income
Mauritius,1977,Africa,East Africa,Upper middle income,Developing,Africa_Upper middle income
Mauritius,1976,Africa,East Africa,Upper middle income,Developing,Africa_Upper middle income
Mauritius,1975,Africa,East Africa,Upper middle income,Developing,Africa_Upper middle income
Mauritius,1974,Africa,East Africa,Upper middle income,Developing,Africa_Upper middle income
Mexico,2024,North America,Central America,Upper middle income,Developing,North America_Upper middle income
Mexico,2023,North America,Central America,Upper middle income,Developing,North America_Upper middle income
Mexico,2022,North America,Central America,Upper middle income,Developing,North America_Upper middle income
Mexico,2021,North America,Central America,Upper middle income,Developing,North America_Upper middle income
Mexico,2020,North America,Central America,Upper middle income,Developing,North America_Upper middle income
Mexico,2019,North America,Central America,Upper middle income,Developing,North America_Upper middle income
Mexico,2018,North America,Central America,Upper middle income,Developing,North America_Upper middle income
Mexico,2017,North America,Central America,Upper middle income,Developing,North America_Upper middle income
Mexico,2016,North America,Central America,Upper middle income,Developing,North America_Upper middle income
Mexico,2015,North America,Central America,Upper middle income,Developing,North America_Upper middle income
Mexico,2014,North America,Central America,Upper middle income,Developing,North America_Upper middle income
Mexico,2013,North America,Central America,Upper middle income,Developing,North America_Upper middle income
Mexico,2012,North America,Central America,Upper middle income,Developing,North America_Upper middle income
Mexico,2011,North America,Central America,Upper middle income,Developing,North America_Upper middle income
Mexico,2010,North America,Central America,Upper middle income,Developing,North America_Upper middle income
Mexico,2009,North America,Central America,Upper middle income,Developing,North America_Upper middle income
Mexico,2008,North America,Central America,Upper middle income,Developing,North America_Upper middle income
Mexico,2007,North America,Central America,Upper middle income,Developing,North America_Upper middle income
Mexico,2006,North America,Central America,Upper middle income,Developing,North America_Upper middle income
Mexico,2005,North America,Central America,Upper middle income,Developing,North America_Upper middle income
Mexico,2004,North America,Central America,Upper middle income,Developing,North America_Upper middle income
Mexico,2003,North America,Central America,Upper middle income,Developing,North America_Upper middle income
Mexico,2002,North America,Central America,Upper middle income,Developing,North America_Upper middle income
Mexico,2001,North America,Central America,Upper middle income,Developing,North America_Upper middle income
Mexico,2000,North America,Central America,Upper middle income,Developing,North America_Upper middle income
Mexico,1999,North America,Central America,Upper middle income,Developing,North America_Upper middle income
Mexico,1998,North America,Central America,Upper middle income,Developing,North America_Upper middle income
Mexico,1997,North America,Central America,Upper middle income,Developing,North America_Upper middle income
Mexico,1996,North America,Central America,Upper middle income,Developing,North America_Upper middle income
Mexico,1995,North America,Central America,Upper middle income,Developing,North America_Upper middle income
Mexico,1994,North America,Central America,Upper middle income,Developing,North America_Upper middle income
Mexico,1993,North America,Central America,Upper middle income,Developing,North America_Upper middle income
Mexico,1992,North America,Central America,Upper middle income,Developing,North America_Upper middle income
Mexico,1991,North America,Central America,Upper middle income,Developing,North America_Upper middle income
Mexico,1990,North America,Central America,Upper middle income,Developing,North America_Upper middle income
Mexico,1989,North America,Central America,Upper middle income,Developing,North America_Upper middle income
Mexico,1988,North America,Central America,Upper middle income,Developing,North America_Upper middle income
Mexico,1987,North America,Central America,Upper middle income,Developing,North America_Upper middle income
Mexico,1986,North America,Central America,Upper middle income,Developing,North America_Upper middle income
Mexico,1985,North America,Central America,Upper middle income,Developing,North America_Upper middle income
Mexico,1984,North America,Central America,Upper middle income,Developing,North America_Upper middle income
Mexico,1983,North America,Central America,Upper middle income,Developing,North America_Upper middle income
Mexico,1982,North America,Central America,Upper middle income,Developing,North America_Upper middle income
Mexico,1981,North America,Central America,Upper middle income,Developing,North America_Upper middle income
Mexico,1980,North America,Central America,Upper middle income,Developing,North America_Upper middle income
Mexico,1979,North America,Central America,Upper middle income,Developing,North America_Upper middle income
Mexico,1978,North America,Central America,Upper middle income,Developing,North America_Upper middle income
Mexico,1977,North America,Central America,Upper middle income,Developing,North America_Upper middle income
Mexico,1976,North America,Central America,Upper middle income,Developing,North America_Upper middle income
Mexico,1975,North America,Central America,Upper middle income,Developing,North America_Upper middle income
Mexico,1974,North America,Central America,Upper middle income,Developing,North America_Upper middle income
"Micronesia, Fed. Sts.",2024,Oceania,Micronesia,Lower middle income,Developing,Oceania_Lower middle income
"Micronesia, Fed. Sts.",2023,Oceania,Micronesia,Lower middle income,Developing,Oceania_Lower middle income
"Micronesia, Fed. Sts.",2022,Oceania,Micronesia,Lower middle income,Developing,Oceania_Lower middle income
"Micronesia, Fed. Sts.",2021,Oceania,Micronesia,Lower middle income,Developing,Oceania_Lower middle income
"Micronesia, Fed. Sts.",2020,Oceania,Micronesia,Lower middle income,Developing,Oceania_Lower middle income
"Micronesia, Fed. Sts.",2019,Oceania,Micronesia,Lower middle income,Developing,Oceania_Lower middle income
"Micronesia, Fed. Sts.",2018,Oceania,Micronesia,Lower middle income,Developing,Oceania_Lower middle income
"Micronesia, Fed. Sts.",2017,Oceania,Micronesia,Lower middle income,Developing,Oceania_Lower middle income
"Micronesia, Fed. Sts.",2016,Oceania,Micronesia,Lower middle income,Developing,Oceania_Lower middle income
"Micronesia, Fed. Sts.",2015,Oceania,Micronesia,Lower middle income,Developing,Oceania_Lower middle income
"Micronesia, Fed. Sts.",2014,Oceania,Micronesia,Lower middle income,Developing,Oceania_Lower middle income
"Micronesia, Fed. Sts.",2013,Oceania,Micronesia,Lower middle income,Developing,Oceania_Lower middle income
"Micronesia, Fed. Sts.",2012,Oceania,Micronesia,Lower middle income,Developing,Oceania_Lower middle income
"Micronesia, Fed. Sts.",2011,Oceania,Micronesia,Lower middle income,Developing,Oceania_Lower middle income
"Micronesia, Fed. Sts.",2010,Oceania,Micronesia,Lower middle income,Developing,Oceania_Lower middle income
"Micronesia, Fed. Sts.",2009,Oceania,Micronesia,Lower middle income,Developing,Oceania_Lower middle income
"Micronesia, Fed. Sts.",2008,Oceania,Micronesia,Lower middle income,Developing,Oceania_Lower middle income
"Micronesia, Fed. Sts.",2007,Oceania,Micronesia,Lower middle income,Developing,Oceania_Lower middle income
"Micronesia, Fed. Sts.",2006,Oceania,Micronesia,Lower middle income,Developing,Oceania_Lower middle income
"Micronesia, Fed. Sts.",2005,Oceania,Micronesia,Lower middle income,Developing,Oceania_Lower middle income
"Micronesia, Fed. Sts.",2004,Oceania,Micronesia,Lower middle income,Developing,Oceania_Lower middle income
"Micronesia, Fed. Sts.",2003,Oceania,Micronesia,Lower middle income,Developing,Oceania_Lower middle income
"Micronesia, Fed. Sts.",2002,Oceania,Micronesia,Lower middle income,Developing,Oceania_Lower middle income
"Micronesia, Fed. Sts.",2001,Oceania,Micronesia,Lower middle income,Developing,Oceania_Lower middle income
"Micronesia, Fed. Sts.",2000,Oceania,Micronesia,Lower middle income,Developing,Oceania_Lower middle income
"Micronesia, Fed. Sts.",1999,Oceania,Micronesia,Lower middle income,Developing,Oceania_Lower middle income
"Micronesia, Fed. Sts.",1998,Oceania,Micronesia,Lower middle income,Developing,Oceania_Lower middle income
"Micronesia, Fed. Sts.",1997,Oceania,Micronesia,Lower middle income,Developing,Oceania_Lower middle income
"Micronesia, Fed. Sts.",1996,Oceania,Micronesia,Lower middle income,Developing,Oceania_Lower middle income
"Micronesia, Fed. Sts.",1995,Oceania,Micronesia,Lower middle income,Developing,Oceania_Lower middle income
"Micronesia, Fed. Sts.",1994,Oceania,Micronesia,Lower middle income,Developing,Oceania_Lower middle income
"Micronesia, Fed. Sts.",1993,Oceania,Micronesia,Lower middle income,Developing,Oceania_Lower middle income
"Micronesia, Fed. Sts.",1992,Oceania,Micronesia,Lower middle income,Developing,Oceania_Lower middle income
"Micronesia, Fed. Sts.",1991,Oceania,Micronesia,Lower middle income,Developing,Oceania_Lower middle income
"Micronesia, Fed. Sts.",1990,Oceania,Micronesia,Lower middle income,Developing,Oceania_Lower middle income
"Micronesia, Fed. Sts.",1989,Oceania,Micronesia,Lower middle income,Developing,Oceania_Lower middle income
"Micronesia, Fed. Sts.",1988,Oceania,Micronesia,Lower middle income,Developing,Oceania_Lower middle income
"Micronesia, Fed. Sts.",1987,Oceania,Micronesia,Lower middle income,Developing,Oceania_Lower middle income
"Micronesia, Fed. Sts.",1986,Oceania,Micronesia,Lower middle income,Developing,Oceania_Lower middle income
"Micronesia, Fed. Sts.",1985,Oceania,Micronesia,Lower middle income,Developing,Oceania_Lower middle income
"Micronesia, Fed. Sts.",1984,Oceania,Micronesia,Lower middle income,Developing,Oceania_Lower middle income
"Micronesia, Fed. Sts.",1983,Oceania,Micronesia,Lower middle income,Developing,Oceania_Lower middle income
"Micronesia, Fed. Sts.",1982,Oceania,Micronesia,Lower middle income,Developing,Oceania_Lower middle income
"Micronesia, Fed. Sts.",1981,Oceania,Micronesia,Lower middle income,Developing,Oceania_Lower middle income
"Micronesia, Fed. Sts.",1980,Oceania,Micronesia,Lower middle income,Developing,Oceania_Lower middle income
"Micronesia, Fed. Sts.",1979,Oceania,Micronesia,Lower middle income,Developing,Oceania_Lower middle income
"Micronesia, Fed. Sts.",1978,Oceania,Micronesia,Lower middle income,Developing,Oceania_Lower middle income
"Micronesia, Fed. Sts.",1977,Oceania,Micronesia,Lower middle income,Developing,Oceania_Lower middle income
"Micronesia, Fed. Sts.",1976,Oceania,Micronesia,Lower middle income,Developing,Oceania_Lower middle income
"Micronesia, Fed. Sts.",1975,Oceania,Micronesia,Lower middle income,Developing,Oceania_Lower middle income
"Micronesia, Fed. Sts.",1974,Oceania,Micronesia,Lower middle income,Developing,Oceania_Lower middle income
Moldova,2024,Europe,Eastern Europe,Upper middle income,Developing,Europe_Upper middle income
Moldova,2023,Europe,Eastern Europe,Upper middle income,Developing,Europe_Upper middle income
Moldova,2022,Europe,Eastern Europe,Upper middle income,Developing,Europe_Upper middle income
Moldova,2021,Europe,Eastern Europe,Upper middle income,Developing,Europe_Upper middle income
Moldova,2020,Europe,Eastern Europe,Upper middle income,Developing,Europe_Upper middle income
Moldova,2019,Europe,Eastern Europe,Upper middle income,Developing,Europe_Upper middle income
Moldova,2018,Europe,Eastern Europe,Upper middle income,Developing,Europe_Upper middle income
Moldova,2017,Europe,Eastern Europe,Upper middle income,Developing,Europe_Upper middle income
Moldova,2016,Europe,Eastern Europe,Upper middle income,Developing,Europe_Upper middle income
Moldova,2015,Europe,Eastern Europe,Upper middle income,Developing,Europe_Upper middle income
Moldova,2014,Europe,Eastern Europe,Upper middle income,Developing,Europe_Upper middle income
Moldova,2013,Europe,Eastern Europe,Upper middle income,Developing,Europe_Upper middle income
Moldova,2012,Europe,Eastern Europe,Upper middle income,Developing,Europe_Upper middle income
Moldova,2011,Europe,Eastern Europe,Upper middle income,Developing,Europe_Upper middle income
Moldova,2010,Europe,Eastern Europe,Upper middle income,Developing,Europe_Upper middle income
Moldova,2009,Europe,Eastern Europe,Upper middle income,Developing,Europe_Upper middle income
Moldova,2008,Europe,Eastern Europe,Upper middle income,Developing,Europe_Upper middle income
Moldova,2007,Europe,Eastern Europe,Upper middle income,Developing,Europe_Upper middle income
Moldova,2006,Europe,Eastern Europe,Upper middle income,Developing,Europe_Upper middle income
Moldova,2005,Europe,Eastern Europe,Upper middle income,Developing,Europe_Upper middle income
Moldova,2004,Europe,Eastern Europe,Upper middle income,Developing,Europe_Upper middle income
Moldova,2003,Europe,Eastern Europe,Upper middle income,Developing,Europe_Upper middle income
Moldova,2002,Europe,Eastern Europe,Upper middle income,Developing,Europe_Upper middle income
Moldova,2001,Europe,Eastern Europe,Upper middle income,Developing,Europe_Upper middle income
Moldova,2000,Europe,Eastern Europe,Upper middle income,Developing,Europe_Upper middle income
Moldova,1999,Europe,Eastern Europe,Upper middle income,Developing,Europe_Upper middle income
Moldova,1998,Europe,Eastern Europe,Upper middle income,Developing,Europe_Upper middle income
Moldova,1997,Europe,Eastern Europe,Upper middle income,Developing,Europe_Upper middle income
Moldova,1996,Europe,Eastern Europe,Upper middle income,Developing,Europe_Upper middle income
Moldova,1995,Europe,Eastern Europe,Upper middle income,Developing,Europe_Upper middle income
Moldova,1994,Europe,Eastern Europe,Upper middle income,Developing,Europe_Upper middle income
Moldova,1993,Europe,Eastern Europe,Upper middle income,Developing,Europe_Upper middle income
Moldova,1992,Europe,Eastern Europe,Upper middle income,Developing,Europe_Upper middle income
Moldova,1991,Europe,Eastern Europe,Upper middle income,Developing,Europe_Upper middle income
Moldova,1990,Europe,Eastern Europe,Upper middle income,Developing,Europe_Upper middle income
Moldova,1989,Europe,Eastern Europe,Upper middle income,Developing,Europe_Upper middle income
Moldova,1988,Europe,Eastern Europe,Upper middle income,Developing,Europe_Upper middle income
Moldova,1987,Europe,Eastern Europe,Upper middle income,Developing,Europe_Upper middle income
Moldova,1986,Europe,Eastern Europe,Upper middle income,Developing,Europe_Upper middle income
Moldova,1985,Europe,Eastern Europe,Upper middle income,Developing,Europe_Upper middle income
Moldova,1984,Europe,Eastern Europe,Upper middle income,Developing,Europe_Upper middle income
Moldova,1983,Europe,Eastern Europe,Upper middle income,Developing,Europe_Upper middle income
Moldova,1982,Europe,Eastern Europe,Upper middle income,Developing,Europe_Upper middle income
Moldova,1981,Europe,Eastern Europe,Upper middle income,Developing,Europe_Upper middle income
Moldova,1980,Europe,Eastern Europe,Upper middle income,Developing,Europe_Upper middle income
Moldova,1979,Europe,Eastern Europe,Upper middle income,Developing,Europe_Upper middle income
Moldova,1978,Europe,Eastern Europe,Upper middle income,Developing,Europe_Upper middle income
Moldova,1977,Europe,Eastern Europe,Upper middle income,Developing,Europe_Upper middle income
Moldova,1976,Europe,Eastern Europe,Upper middle income,Developing,Europe_Upper middle income
Moldova,1975,Europe,Eastern Europe,Upper middle income,Developing,Europe_Upper middle income
Moldova,1974,Europe,Eastern Europe,Upper middle income,Developing,Europe_Upper middle income
Monaco,2024,Europe,Western Europe,High income,Developed,Europe_High income
Monaco,2023,Europe,Western Europe,High income,Developed,Europe_High income
Monaco,2022,Europe,Western Europe,High income,Developed,Europe_High income
Monaco,2021,Europe,Western Europe,High income,Developed,Europe_High income
Monaco,2020,Europe,Western Europe,High income,Developed,Europe_High income
Monaco,2019,Europe,Western Europe,High income,Developed,Europe_High income
Monaco,2018,Europe,Western Europe,High income,Developed,Europe_High income
Monaco,2017,Europe,Western Europe,High income,Developed,Europe_High income
Monaco,2016,Europe,Western Europe,High income,Developed,Europe_High income
Monaco,2015,Europe,Western Europe,High income,Developed,Europe_High income
Monaco,2014,Europe,Western Europe,High income,Developed,Europe_High income
Monaco,2013,Europe,Western Europe,High income,Developed,Europe_High income
Monaco,2012,Europe,Western Europe,High income,Developed,Europe_High income
Monaco,2011,Europe,Western Europe,High income,Developed,Europe_High income
Monaco,2010,Europe,Western Europe,High income,Developed,Europe_High income
Monaco,2009,Europe,Western Europe,High income,Developed,Europe_High income
Monaco,2008,Europe,Western Europe,High income,Developed,Europe_High income
Monaco,2007,Europe,Western Europe,High income,Developed,Europe_High income
Monaco,2006,Europe,Western Europe,High income,Developed,Europe_High income
Monaco,2005,Europe,Western Europe,High income,Developed,Europe_High income
Monaco,2004,Europe,Western Europe,High income,Developed,Europe_High income
Monaco,2003,Europe,Western Europe,High income,Developed,Europe_High income
Monaco,2002,Europe,Western Europe,High income,Developed,Europe_High income
Monaco,2001,Europe,Western Europe,High income,Developed,Europe_High income
Monaco,2000,Europe,Western Europe,High income,Developed,Europe_High income
Monaco,1999,Europe,Western Europe,High income,Developed,Europe_High income
Monaco,1998,Europe,Western Europe,High income,Developed,Europe_High income
Monaco,1997,Europe,Western Europe,High income,Developed,Europe_High income
Monaco,1996,Europe,Western Europe,High income,Developed,Europe_High income
Monaco,1995,Europe,Western Europe,High income,Developed,Europe_High income
Monaco,1994,Europe,Western Europe,High income,Developed,Europe_High income
Monaco,1993,Europe,Western Europe,High income,Developed,Europe_High income
Monaco,1992,Europe,Western Europe,High income,Developed,Europe_High income
Monaco,1991,Europe,Western Europe,High income,Developed,Europe_High income
Monaco,1990,Europe,Western Europe,High income,Developed,Europe_High income
Monaco,1989,Europe,Western Europe,High income,Developed,Europe_High income
Monaco,1988,Europe,Western Europe,High income,Developed,Europe_High income
Monaco,1987,Europe,Western Europe,High income,Developed,Europe_High income
Monaco,1986,Europe,Western Europe,High income,Developed,Europe_High income
Monaco,1985,Europe,Western Europe,High income,Developed,Europe_High income
Monaco,1984,Europe,Western Europe,High income,Developed,Europe_High income
Monaco,1983,Europe,Western Europe,High income,Developed,Europe_High income
Monaco,1982,Europe,Western Europe,High income,Developed,Europe_High income
Monaco,1981,Europe,Western Europe,High income,Developed,Europe_High income
Monaco,1980,Europe,Western Europe,High income,Developed,Europe_High income
Monaco,1979,Europe,Western Europe,High income,Developed,Europe_High income
Monaco,1978,Europe,Western Europe,High income,Developed,Europe_High income
Monaco,1977,Europe,Western Europe,High income,Developed,Europe_High income
Monaco,1976,Europe,Western Europe,High income,Developed,Europe_High income
Monaco,1975,Europe,Western Europe,High income,Developed,Europe_High income
Monaco,1974,Europe,Western Europe,High income,Developed,Europe_High income
Mongolia,2024,Asia,East Asia,Lower middle income,Developing,Asia_Lower middle income
Mongolia,2023,Asia,East Asia,Lower middle income,Developing,Asia_Lower middle income
Mongolia,2022,Asia,East Asia,Lower middle income,Developing,Asia_Lower middle income
Mongolia,2021,Asia,East Asia,Lower middle income,Developing,Asia_Lower middle income
Mongolia,2020,Asia,East Asia,Lower middle income,Developing,Asia_Lower middle income
Mongolia,2019,Asia,East Asia,Lower middle income,Developing,Asia_Lower middle income
Mongolia,2018,Asia,East Asia,Lower middle income,Developing,Asia_Lower middle income
Mongolia,2017,Asia,East Asia,Lower middle income,Developing,Asia_Lower middle income
Mongolia,2016,Asia,East Asia,Lower middle income,Developing,Asia_Lower middle income
Mongolia,2015,Asia,East Asia,Lower middle income,Developing,Asia_Lower middle income
Mongolia,2014,Asia,East Asia,Lower middle income,Developing,Asia_Lower middle income
Mongolia,2013,Asia,East Asia,Lower middle income,Developing,Asia_Lower middle income
Mongolia,2012,Asia,East Asia,Lower middle income,Developing,Asia_Lower middle income
Mongolia,2011,Asia,East Asia,Lower middle income,Developing,Asia_Lower middle income
Mongolia,2010,Asia,East Asia,Lower middle income,Developing,Asia_Lower middle income
Mongolia,2009,Asia,East Asia,Lower middle income,Developing,Asia_Lower middle income
Mongolia,2008,Asia,East Asia,Lower middle income,Developing,Asia_Lower middle income
Mongolia,2007,Asia,East Asia,Lower middle income,Developing,Asia_Lower middle income
Mongolia,2006,Asia,East Asia,Lower middle income,Developing,Asia_Lower middle income
Mongolia,2005,Asia,East Asia,Lower middle income,Developing,Asia_Lower middle income
Mongolia,2004,Asia,East Asia,Lower middle income,Developing,Asia_Lower middle income
Mongolia,2003,Asia,East Asia,Lower middle income,Developing,Asia_Lower middle income
Mongolia,2002,Asia,East Asia,Lower middle income,Developing,Asia_Lower middle income
Mongolia,2001,Asia,East Asia,Lower middle income,Developing,Asia_Lower middle income
Mongolia,2000,Asia,East Asia,Lower middle income,Developing,Asia_Lower middle income
Mongolia,1999,Asia,East Asia,Lower middle income,Developing,Asia_Lower middle income
Mongolia,1998,Asia,East Asia,Lower middle income,Developing,Asia_Lower middle income
Mongolia,1997,Asia,East Asia,Lower middle income,Developing,Asia_Lower middle income
Mongolia,1996,Asia,East Asia,Lower middle income,Developing,Asia_Lower middle income
Mongolia,1995,Asia,East Asia,Lower middle income,Developing,Asia_Lower middle income
Mongolia,1994,Asia,East Asia,Lower middle income,Developing,Asia_Lower middle income
Mongolia,1993,Asia,East Asia,Lower middle income,Developing,Asia_Lower middle income
Mongolia,1992,Asia,East Asia,Lower middle income,Developing,Asia_Lower middle income
Mongolia,1991,Asia,East Asia,Lower middle income,Developing,Asia_Lower middle income
Mongolia,1990,Asia,East Asia,Lower middle income,Developing,Asia_Lower middle income
Mongolia,1989,Asia,East Asia,Lower middle income,Developing,Asia_Lower middle income
Mongolia,1988,Asia,East Asia,Lower middle income,Developing,Asia_Lower middle income
Mongolia,1987,Asia,East Asia,Lower middle income,Developing,Asia_Lower middle income
Mongolia,1986,Asia,East Asia,Lower middle income,Developing,Asia_Lower middle income
Mongolia,1985,Asia,East Asia,Lower middle income,Developing,Asia_Lower middle income
Mongolia,1984,Asia,East Asia,Lower middle income,Developing,Asia_Lower middle income
Mongolia,1983,Asia,East Asia,Lower middle income,Developing,Asia_Lower middle income
Mongolia,1982,Asia,East Asia,Lower middle income,Developing,Asia_Lower middle income
Mongolia,1981,Asia,East Asia,Lower middle income,Developing,Asia_Lower middle income
Mongolia,1980,Asia,East Asia,Lower middle income,Developing,Asia_Lower middle income
Mongolia,1979,Asia,East Asia,Lower middle income,Developing,Asia_Lower middle income
Mongolia,1978,Asia,East Asia,Lower middle income,Developing,Asia_Lower middle income
Mongolia,1977,Asia,East Asia,Lower middle income,Developing,Asia_Lower middle income
Mongolia,1976,Asia,East Asia,Lower middle income,Developing,Asia_Lower middle income
Mongolia,1975,Asia,East Asia,Lower middle income,Developing,Asia_Lower middle income
Mongolia,1974,Asia,East Asia,Lower middle income,Developing,Asia_Lower middle income
Montenegro,2024,Europe,Southern Europe,Upper middle income,Developing,Europe_Upper middle income
Montenegro,2023,Europe,Southern Europe,Upper middle income,Developing,Europe_Upper middle income
Montenegro,2022,Europe,Southern Europe,Upper middle income,Developing,Europe_Upper middle income
Montenegro,2021,Europe,Southern Europe,Upper middle income,Developing,Europe_Upper middle income
Montenegro,2020,Europe,Southern Europe,Upper middle income,Developing,Europe_Upper middle income
Montenegro,2019,Europe,Southern Europe,Upper middle income,Developing,Europe_Upper middle income
Montenegro,2018,Europe,Southern Europe,Upper middle income,Developing,Europe_Upper middle income
Montenegro,2017,Europe,Southern Europe,Upper middle income,Developing,Europe_Upper middle income
Montenegro,2016,Europe,Southern Europe,Upper middle income,Developing,Europe_Upper middle income
Montenegro,2015,Europe,Southern Europe,Upper middle income,Developing,Europe_Upper middle income
Montenegro,2014,Europe,Southern Europe,Upper middle income,Developing,Europe_Upper middle income
Montenegro,2013,Europe,Southern Europe,Upper middle income,Developing,Europe_Upper middle income
Montenegro,2012,Europe,Southern Europe,Upper middle income,Developing,Europe_Upper middle income
Montenegro,2011,Europe,Southern Europe,Upper middle income,Developing,Europe_Upper middle income
Montenegro,2010,Europe,Southern Europe,Upper middle income,Developing,Europe_Upper middle income
Montenegro,2009,Europe,Southern Europe,Upper middle income,Developing,Europe_Upper middle income
Montenegro,2008,Europe,Southern Europe,Upper middle income,Developing,Europe_Upper middle income
Montenegro,2007,Europe,Southern Europe,Upper middle income,Developing,Europe_Upper middle income
Montenegro,2006,Europe,Southern Europe,Upper middle income,Developing,Europe_Upper middle income
Montenegro,2005,Europe,Southern Europe,Upper middle income,Developing,Europe_Upper middle income
Montenegro,2004,Europe,Southern Europe,Upper middle income,Developing,Europe_Upper middle income
Montenegro,2003,Europe,Southern Europe,Upper middle income,Developing,Europe_Upper middle income
Montenegro,2002,Europe,Southern Europe,Upper middle income,Developing,Europe_Upper middle income
Montenegro,2001,Europe,Southern Europe,Upper middle income,Developing,Europe_Upper middle income
Montenegro,2000,Europe,Southern Europe,Upper middle income,Developing,Europe_Upper middle income
Montenegro,1999,Europe,Southern Europe,Upper middle income,Developing,Europe_Upper middle income
Montenegro,1998,Europe,Southern Europe,Upper middle income,Developing,Europe_Upper middle income
Montenegro,1997,Europe,Southern Europe,Upper middle income,Developing,Europe_Upper middle income
Montenegro,1996,Europe,Southern Europe,Upper middle income,Developing,Europe_Upper middle income
Montenegro,1995,Europe,Southern Europe,Upper middle income,Developing,Europe_Upper middle income
Montenegro,1994,Europe,Southern Europe,Upper middle income,Developing,Europe_Upper middle income
Montenegro,1993,Europe,Southern Europe,Upper middle income,Developing,Europe_Upper middle income
Montenegro,1992,Europe,Southern Europe,Upper middle income,Developing,Europe_Upper middle income
Montenegro,1991,Europe,Southern Europe,Upper middle income,Developing,Europe_Upper middle income
Montenegro,1990,Europe,Southern Europe,Upper middle income,Developing,Europe_Upper middle income
Montenegro,1989,Europe,Southern Europe,Upper middle income,Developing,Europe_Upper middle income
Montenegro,1988,Europe,Southern Europe,Upper middle income,Developing,Europe_Upper middle income
Montenegro,1987,Europe,Southern Europe,Upper middle income,Developing,Europe_Upper middle income
Montenegro,1986,Europe,Southern Europe,Upper middle income,Developing,Europe_Upper middle income
Montenegro,1985,Europe,Southern Europe,Upper middle income,Developing,Europe_Upper middle income
Montenegro,1984,Europe,Southern Europe,Upper middle income,Developing,Europe_Upper middle income
Montenegro,1983,Europe,Southern Europe,Upper middle income,Developing,Europe_Upper middle income
Montenegro,1982,Europe,Southern Europe,Upper middle income,Developing,Europe_Upper middle income
Montenegro,1981,Europe,Southern Europe,Upper middle income,Developing,Europe_Upper middle income
Montenegro,1980,Europe,Southern Europe,Upper middle income,Developing,Europe_Upper middle income
Montenegro,1979,Europe,Southern Europe,Upper middle income,Developing,Europe_Upper middle income
Montenegro,1978,Europe,Southern Europe,Upper middle income,Developing,Europe_Upper middle income
Montenegro,1977,Europe,Southern Europe,Upper middle income,Developing,Europe_Upper middle income
Montenegro,1976,Europe,Southern Europe,Upper middle income,Developing,Europe_Upper middle income
Montenegro,1975,Europe,Southern Europe,Upper middle income,Developing,Europe_Upper middle income
Montenegro,1974,Europe,Southern Europe,Upper middle income,Developing,Europe_Upper middle income
Morocco,2024,Africa,North Africa,Lower middle income,Developing,Africa_Lower middle income
Morocco,2023,Africa,North Africa,Lower middle income,Developing,Africa_Lower middle income
Morocco,2022,Africa,North Africa,Lower middle income,Developing,Africa_Lower middle income
Morocco,2021,Africa,North Africa,Lower middle income,Developing,Africa_Lower middle income
Morocco,2020,Africa,North Africa,Lower middle income,Developing,Africa_Lower middle income
Morocco,2019,Africa,North Africa,Lower middle income,Developing,Africa_Lower middle income
Morocco,2018,Africa,North Africa,Lower middle income,Developing,Africa_Lower middle income
Morocco,2017,Africa,North Africa,Lower middle income,Developing,Africa_Lower middle income
Morocco,2016,Africa,North Africa,Lower middle income,Developing,Africa_Lower middle income
Morocco,2015,Africa,North Africa,Lower middle income,Developing,Africa_Lower middle income
Morocco,2014,Africa,North Africa,Lower middle income,Developing,Africa_Lower middle income
Morocco,2013,Africa,North Africa,Lower middle income,Developing,Africa_Lower middle income
Morocco,2012,Africa,North Africa,Lower middle income,Developing,Africa_Lower middle income
Morocco,2011,Africa,North Africa,Lower middle income,Developing,Africa_Lower middle income
Morocco,2010,Africa,North Africa,Lower middle income,Developing,Africa_Lower middle income
Morocco,2009,Africa,North Africa,Lower middle income,Developing,Africa_Lower middle income
Morocco,2008,Africa,North Africa,Lower middle income,Developing,Africa_Lower middle income
Morocco,2007,Africa,North Africa,Lower middle income,Developing,Africa_Lower middle income
Morocco,2006,Africa,North Africa,Lower middle income,Developing,Africa_Lower middle income
Morocco,2005,Africa,North Africa,Lower middle income,Developing,Africa_Lower middle income
Morocco,2004,Africa,North Africa,Lower middle income,Developing,Africa_Lower middle income
Morocco,2003,Africa,North Africa,Lower middle income,Developing,Africa_Lower middle income
Morocco,2002,Africa,North Africa,Lower middle income,Developing,Africa_Lower middle income
Morocco,2001,Africa,North Africa,Lower middle income,Developing,Africa_Lower middle income
Morocco,2000,Africa,North Africa,Lower middle income,Developing,Africa_Lower middle income
Morocco,1999,Africa,North Africa,Lower middle income,Developing,Africa_Lower middle income
Morocco,1998,Africa,North Africa,Lower middle income,Developing,Africa_Lower middle income
Morocco,1997,Africa,North Africa,Lower middle income,Developing,Africa_Lower middle income
Morocco,1996,Africa,North Africa,Lower middle income,Developing,Africa_Lower middle income
Morocco,1995,Africa,North Africa,Lower middle income,Developing,Africa_Lower middle income
Morocco,1994,Africa,North Africa,Lower middle income,Developing,Africa_Lower middle income
Morocco,1993,Africa,North Africa,Lower middle income,Developing,Africa_Lower middle income
Morocco,1992,Africa,North Africa,Lower middle income,Developing,Africa_Lower middle income
Morocco,1991,Africa,North Africa,Lower middle income,Developing,Africa_Lower middle income
Morocco,1990,Africa,North Africa,Lower middle income,Developing,Africa_Lower middle income
Morocco,1989,Africa,North Africa,Lower middle income,Developing,Africa_Lower middle income
Morocco,1988,Africa,North Africa,Lower middle income,Developing,Africa_Lower middle income
Morocco,1987,Africa,North Africa,Lower middle income,Developing,Africa_Lower middle income
Morocco,1986,Africa,North Africa,Lower middle income,Developing,Africa_Lower middle income
Morocco,1985,Africa,North Africa,Lower middle income,Developing,Africa_Lower middle income
Morocco,1984,Africa,North Africa,Lower middle income,Developing,Africa_Lower middle income
Morocco,1983,Africa,North Africa,Lower middle income,Developing,Africa_Lower middle income
Morocco,1982,Africa,North Africa,Lower middle income,Developing,Africa_Lower middle income
Morocco,1981,Africa,North Africa,Lower middle income,Developing,Africa_Lower middle income
Morocco,1980,Africa,North Africa,Lower middle income,Developing,Africa_Lower middle income
Morocco,1979,Africa,North Africa,Lower middle income,Developing,Africa_Lower middle income
Morocco,1978,Africa,North Africa,Lower middle income,Developing,Africa_Lower middle income
Morocco,1977,Africa,North Africa,Lower middle income,Developing,Africa_Lower middle income
Morocco,1976,Africa,North Africa,Lower middle income,Developing,Africa_Lower middle income
Morocco,1975,Africa,North Africa,Lower middle income,Developing,Africa_Lower middle income
Morocco,1974,Africa,North Africa,Lower middle income,Developing,Africa_Lower middle income
Mozambique,2024,Africa,East Africa,Low income,Developing,Africa_Low income
Mozambique,2023,Africa,East Africa,Low income,Developing,Africa_Low income
Mozambique,2022,Africa,East Africa,Low income,Developing,Africa_Low income
Mozambique,2021,Africa,East Africa,Low income,Developing,Africa_Low income
Mozambique,2020,Africa,East Africa,Low income,Developing,Africa_Low income
Mozambique,2019,Africa,East Africa,Low income,Developing,Africa_Low income
Mozambique,2018,Africa,East Africa,Low income,Developing,Africa_Low income
Mozambique,2017,Africa,East Africa,Low income,Developing,Africa_Low income
Mozambique,2016,Africa,East Africa,Low income,Developing,Africa_Low income
Mozambique,2015,Africa,East Africa,Low income,Developing,Africa_Low income
Mozambique,2014,Africa,East Africa,Low income,Developing,Africa_Low income
Mozambique,2013,Africa,East Africa,Low income,Developing,Africa_Low income
Mozambique,2012,Africa,East Africa,Low income,Developing,Africa_Low income
Mozambique,2011,Africa,East Africa,Low income,Developing,Africa_Low income
Mozambique,2010,Africa,East Africa,Low income,Developing,Africa_Low income
Mozambique,2009,Africa,East Africa,Low income,Developing,Africa_Low income
Mozambique,2008,Africa,East Africa,Low income,Developing,Africa_Low income
Mozambique,2007,Africa,East Africa,Low income,Developing,Africa_Low income
Mozambique,2006,Africa,East Africa,Low income,Developing,Africa_Low income
Mozambique,2005,Africa,East Africa,Low income,Developing,Africa_Low income
Mozambique,2004,Africa,East Africa,Low income,Developing,Africa_Low income
Mozambique,2003,Africa,East Africa,Low income,Developing,Africa_Low income
Mozambique,2002,Africa,East Africa,Low income,Developing,Africa_Low income
Mozambique,2001,Africa,East Africa,Low income,Developing,Africa_Low income
Mozambique,2000,Africa,East Africa,Low income,Developing,Africa_Low income
Mozambique,1999,Africa,East Africa,Low income,Developing,Africa_Low income
Mozambique,1998,Africa,East Africa,Low income,Developing,Africa_Low income
Mozambique,1997,Africa,East Africa,Low income,Developing,Africa_Low income
Mozambique,1996,Africa,East Africa,Low income,Developing,Africa_Low income
Mozambique,1995,Africa,East Africa,Low income,Developing,Africa_Low income
Mozambique,1994,Africa,East Africa,Low income,Developing,Africa_Low income
Mozambique,1993,Africa,East Africa,Low income,Developing,Africa_Low income
Mozambique,1992,Africa,East Africa,Low income,Developing,Africa_Low income
Mozambique,1991,Africa,East Africa,Low income,Developing,Africa_Low income
Mozambique,1990,Africa,East Africa,Low income,Developing,Africa_Low income
Mozambique,1989,Africa,East Africa,Low income,Developing,Africa_Low income
Mozambique,1988,Africa,East Africa,Low income,Developing,Africa_Low income
Mozambique,1987,Africa,East Africa,Low income,Developing,Africa_Low income
Mozambique,1986,Africa,East Africa,Low income,Developing,Africa_Low income
Mozambique,1985,Africa,East Africa,Low income,Developing,Africa_Low income
Mozambique,1984,Africa,East Africa,Low income,Developing,Africa_Low income
Mozambique,1983,Africa,East Africa,Low income,Developing,Africa_Low income
Mozambique,1982,Africa,East Africa,Low income,Developing,Africa_Low income
Mozambique,1981,Africa,East Africa,Low income,Developing,Africa_Low income
Mozambique,1980,Africa,East Africa,Low income,Developing,Africa_Low income
Mozambique,1979,Africa,East Africa,Low income,Developing,Africa_Low income
Mozambique,1978,Africa,East Africa,Low income,Developing,Africa_Low income
Mozambique,1977,Africa,East Africa,Low income,Developing,Africa_Low income
Mozambique,1976,Africa,East Africa,Low income,Developing,Africa_Low income
Mozambique,1975,Africa,East Africa,Low income,Developing,Africa_Low income
Mozambique,1974,Africa,East Africa,Low income,Developing,Africa_Low income
Myanmar,2024,Asia,Southeast Asia,Lower middle income,Developing,Asia_Lower middle income
Myanmar,2023,Asia,Southeast Asia,Lower middle income,Developing,Asia_Lower middle income
Myanmar,2022,Asia,Southeast Asia,Lower middle income,Developing,Asia_Lower middle income
Myanmar,2021,Asia,Southeast Asia,Lower middle income,Developing,Asia_Lower middle income
Myanmar,2020,Asia,Southeast Asia,Lower middle income,Developing,Asia_Lower middle income
Myanmar,2019,Asia,Southeast Asia,Lower middle income,Developing,Asia_Lower middle income
Myanmar,2018,Asia,Southeast Asia,Lower middle income,Developing,Asia_Lower middle income
Myanmar,2017,Asia,Southeast Asia,Lower middle income,Developing,Asia_Lower middle income
Myanmar,2016,Asia,Southeast Asia,Lower middle income,Developing,Asia_Lower middle income
Myanmar,2015,Asia,Southeast Asia,Lower middle income,Developing,Asia_Lower middle income
Myanmar,2014,Asia,Southeast Asia,Lower middle income,Developing,Asia_Lower middle income
Myanmar,2013,Asia,Southeast Asia,Lower middle income,Developing,Asia_Lower middle income
Myanmar,2012,Asia,Southeast Asia,Lower middle income,Developing,Asia_Lower middle income
Myanmar,2011,Asia,Southeast Asia,Lower middle income,Developing,Asia_Lower middle income
Myanmar,2010,Asia,Southeast Asia,Lower middle income,Developing,Asia_Lower middle income
Myanmar,2009,Asia,Southeast Asia,Lower middle income,Developing,Asia_Lower middle income
Myanmar,2008,Asia,Southeast Asia,Lower middle income,Developing,Asia_Lower middle income
Myanmar,2007,Asia,Southeast Asia,Lower middle income,Developing,Asia_Lower middle income
Myanmar,2006,Asia,Southeast Asia,Lower middle income,Developing,Asia_Lower middle income
Myanmar,2005,Asia,Southeast Asia,Lower middle income,Developing,Asia_Lower middle income
Myanmar,2004,Asia,Southeast Asia,Lower middle income,Developing,Asia_Lower middle income
Myanmar,2003,Asia,Southeast Asia,Lower middle income,Developing,Asia_Lower middle income
Myanmar,2002,Asia,Southeast Asia,Lower middle income,Developing,Asia_Lower middle income
Myanmar,2001,Asia,Southeast Asia,Lower middle income,Developing,Asia_Lower middle income
Myanmar,2000,Asia,Southeast Asia,Lower middle income,Developing,Asia_Lower middle income
Myanmar,1999,Asia,Southeast Asia,Lower middle income,Developing,Asia_Lower middle income
Myanmar,1998,Asia,Southeast Asia,Lower middle income,Developing,Asia_Lower middle income
Myanmar,1997,Asia,Southeast Asia,Lower middle income,Developing,Asia_Lower middle income
Myanmar,1996,Asia,Southeast Asia,Lower middle income,Developing,Asia_Lower middle income
Myanmar,1995,Asia,Southeast Asia,Lower middle income,Developing,Asia_Lower middle income
Myanmar,1994,Asia,Southeast Asia,Lower middle income,Developing,Asia_Lower middle income
Myanmar,1993,Asia,Southeast Asia,Lower middle income,Developing,Asia_Lower middle income
Myanmar,1992,Asia,Southeast Asia,Lower middle income,Developing,Asia_Lower middle income
Myanmar,1991,Asia,Southeast Asia,Lower middle income,Developing,Asia_Lower middle income
Myanmar,1990,Asia,Southeast Asia,Lower middle income,Developing,Asia_Lower middle income
Myanmar,1989,Asia,Southeast Asia,Lower middle income,Developing,Asia_Lower middle income
Myanmar,1988,Asia,Southeast Asia,Lower middle income,Developing,Asia_Lower middle income
Myanmar,1987,Asia,Southeast Asia,Lower middle income,Developing,Asia_Lower middle income
Myanmar,1986,Asia,Southeast Asia,Lower middle income,Developing,Asia_Lower middle income
Myanmar,1985,Asia,Southeast Asia,Lower middle income,Developing,Asia_Lower middle income
Myanmar,1984,Asia,Southeast Asia,Lower middle income,Developing,Asia_Lower middle income
Myanmar,1983,Asia,Southeast Asia,Lower middle income,Developing,Asia_Lower middle income
Myanmar,1982,Asia,Southeast Asia,Lower middle income,Developing,Asia_Lower middle income
Myanmar,1981,Asia,Southeast Asia,Lower middle income,Developing,Asia_Lower middle income
Myanmar,1980,Asia,Southeast Asia,Lower middle income,Developing,Asia_Lower middle income
Myanmar,1979,Asia,Southeast Asia,Lower middle income,Developing,Asia_Lower middle income
Myanmar,1978,Asia,Southeast Asia,Lower middle income,Developing,Asia_Lower middle income
Myanmar,1977,Asia,Southeast Asia,Lower middle income,Developing,Asia_Lower middle income
Myanmar,1976,Asia,Southeast Asia,Lower middle income,Developing,Asia_Lower middle income
Myanmar,1975,Asia,Southeast Asia,Lower middle income,Developing,Asia_Lower middle income
Myanmar,1974,Asia,Southeast Asia,Lower middle income,Developing,Asia_Lower middle income
Namibia,2024,Africa,Southern Africa,Upper middle income,Developing,Africa_Upper middle income
Namibia,2023,Africa,Southern Africa,Upper middle income,Developing,Africa_Upper middle income
Namibia,2022,Africa,Southern Africa,Upper middle income,Developing,Africa_Upper middle income
Namibia,2021,Africa,Southern Africa,Upper middle income,Developing,Africa_Upper middle income
Namibia,2020,Africa,Southern Africa,Upper middle income,Developing,Africa_Upper middle income
Namibia,2019,Africa,Southern Africa,Upper middle income,Developing,Africa_Upper middle income
Namibia,2018,Africa,Southern Africa,Upper middle income,Developing,Africa_Upper middle income
Namibia,2017,Africa,Southern Africa,Upper middle income,Developing,Africa_Upper middle income
Namibia,2016,Africa,Southern Africa,Upper middle income,Developing,Africa_Upper middle income
Namibia,2015,Africa,Southern Africa,Upper middle income,Developing,Africa_Upper middle income
Namibia,2014,Africa,Southern Africa,Upper middle income,Developing,Africa_Upper middle income
Namibia,2013,Africa,Southern Africa,Upper middle income,Developing,Africa_Upper middle income
Namibia,2012,Africa,Southern Africa,Upper middle income,Developing,Africa_Upper middle income
Namibia,2011,Africa,Southern Africa,Upper middle income,Developing,Africa_Upper middle income
Namibia,2010,Africa,Southern Africa,Upper middle income,Developing,Africa_Upper middle income
Namibia,2009,Africa,Southern Africa,Upper middle income,Developing,Africa_Upper middle income
Namibia,2008,Africa,Southern Africa,Upper middle income,Developing,Africa_Upper middle income
Namibia,2007,Africa,Southern Africa,Upper middle income,Developing,Africa_Upper middle income
Namibia,2006,Africa,Southern Africa,Upper middle income,Developing,Africa_Upper middle income
Namibia,2005,Africa,Southern Africa,Upper middle income,Developing,Africa_Upper middle income
Namibia,2004,Africa,Southern Africa,Upper middle income,Developing,Africa_Upper middle income
Namibia,2003,Africa,Southern Africa,Upper middle income,Developing,Africa_Upper middle income
Namibia,2002,Africa,Southern Africa,Upper middle income,Developing,Africa_Upper middle income
Namibia,2001,Africa,Southern Africa,Upper middle income,Developing,Africa_Upper middle income
Namibia,2000,Africa,Southern Africa,Upper middle income,Developing,Africa_Upper middle income
Namibia,1999,Africa,Southern Africa,Upper middle income,Developing,Africa_Upper middle income
Namibia,1998,Africa,Southern Africa,Upper middle income,Developing,Africa_Upper middle income
Namibia,1997,Africa,Southern Africa,Upper middle income,Developing,Africa_Upper middle income
Namibia,1996,Africa,Southern Africa,Upper middle income,Developing,Africa_Upper middle income
Namibia,1995,Africa,Southern Africa,Upper middle income,Developing,Africa_Upper middle income
Namibia,1994,Africa,Southern Africa,Upper middle income,Developing,Africa_Upper middle income
Namibia,1993,Africa,Southern Africa,Upper middle income,Developing,Africa_Upper middle income
Namibia,1992,Africa,Southern Africa,Upper middle income,Developing,Africa_Upper middle income
Namibia,1991,Africa,Southern Africa,Upper middle income,Developing,Africa_Upper middle income
Namibia,1990,Africa,Southern Africa,Upper middle income,Developing,Africa_Upper middle income
Namibia,1989,Africa,Southern Africa,Upper middle income,Developing,Africa_Upper middle income
Namibia,1988,Africa,Southern Africa,Upper middle income,Developing,Africa_Upper middle income
Namibia,1987,Africa,Southern Africa,Upper middle income,Developing,Africa_Upper middle income
Namibia,1986,Africa,Southern Africa,Upper middle income,Developing,Africa_Upper middle income
Namibia,1985,Africa,Southern Africa,Upper middle income,Developing,Africa_Upper middle income
Namibia,1984,Africa,Southern Africa,Upper middle income,Developing,Africa_Upper middle income
Namibia,1983,Africa,Southern Africa,Upper middle income,Developing,Africa_Upper middle income
Namibia,1982,Africa,Southern Africa,Upper middle income,Developing,Africa_Upper middle income
Namibia,1981,Africa,Southern Africa,Upper middle income,Developing,Africa_Upper middle income
Namibia,1980,Africa,Southern Africa,Upper middle income,Developing,Africa_Upper middle income
Namibia,1979,Africa,Southern Africa,Upper middle income,Developing,Africa_Upper middle income
Namibia,1978,Africa,Southern Africa,Upper middle income,Developing,Africa_Upper middle income
Namibia,1977,Africa,Southern Africa,Upper middle income,Developing,Africa_Upper middle income
Namibia,1976,Africa,Southern Africa,Upper middle income,Developing,Africa_Upper middle income
Namibia,1975,Africa,Southern Africa,Upper middle income,Developing,Africa_Upper middle income
Namibia,1974,Africa,Southern Africa,Upper middle income,Developing,Africa_Upper middle income
Nauru,2024,Oceania,Micronesia,High income,Developing,Oceania_High income
Nauru,2023,Oceania,Micronesia,High income,Developing,Oceania_High income
Nauru,2022,Oceania,Micronesia,High income,Developing,Oceania_High income
Nauru,2021,Oceania,Micronesia,High income,Developing,Oceania_High income
Nauru,2020,Oceania,Micronesia,High income,Developing,Oceania_High income
Nauru,2019,Oceania,Micronesia,High income,Developing,Oceania_High income
Nauru,2018,Oceania,Micronesia,High income,Developing,Oceania_High income
Nauru,2017,Oceania,Micronesia,High income,Developing,Oceania_High income
Nauru,2016,Oceania,Micronesia,High income,Developing,Oceania_High income
Nauru,2015,Oceania,Micronesia,High income,Developing,Oceania_High income
Nauru,2014,Oceania,Micronesia,High income,Developing,Oceania_High income
Nauru,2013,Oceania,Micronesia,High income,Developing,Oceania_High income
Nauru,2012,Oceania,Micronesia,High income,Developing,Oceania_High income
Nauru,2011,Oceania,Micronesia,High income,Developing,Oceania_High income
Nauru,2010,Oceania,Micronesia,High income,Developing,Oceania_High income
Nauru,2009,Oceania,Micronesia,High income,Developing,Oceania_High income
Nauru,2008,Oceania,Micronesia,High income,Developing,Oceania_High income
Nauru,2007,Oceania,Micronesia,High income,Developing,Oceania_High income
Nauru,2006,Oceania,Micronesia,High income,Developing,Oceania_High income
Nauru,2005,Oceania,Micronesia,High income,Developing,Oceania_High income
Nauru,2004,Oceania,Micronesia,High income,Developing,Oceania_High income
Nauru,2003,Oceania,Micronesia,High income,Developing,Oceania_High income
Nauru,2002,Oceania,Micronesia,High income,Developing,Oceania_High income
Nauru,2001,Oceania,Micronesia,High income,Developing,Oceania_High income
Nauru,2000,Oceania,Micronesia,High income,Developing,Oceania_High income
Nauru,1999,Oceania,Micronesia,High income,Developing,Oceania_High income
Nauru,1998,Oceania,Micronesia,High income,Developing,Oceania_High income
Nauru,1997,Oceania,Micronesia,High income,Developing,Oceania_High income
Nauru,1996,Oceania,Micronesia,High income,Developing,Oceania_High income
Nauru,1995,Oceania,Micronesia,High income,Developing,Oceania_High income
Nauru,1994,Oceania,Micronesia,High income,Developing,Oceania_High income
Nauru,1993,Oceania,Micronesia,High income,Developing,Oceania_High income
Nauru,1992,Oceania,Micronesia,High income,Developing,Oceania_High income
Nauru,1991,Oceania,Micronesia,High income,Developing,Oceania_High income
Nauru,1990,Oceania,Micronesia,High income,Developing,Oceania_High income
Nauru,1989,Oceania,Micronesia,High income,Developing,Oceania_High income
Nauru,1988,Oceania,Micronesia,High income,Developing,Oceania_High income
Nauru,1987,Oceania,Micronesia,High income,Developing,Oceania_High income
Nauru,1986,Oceania,Micronesia,High income,Developing,Oceania_High income
Nauru,1985,Oceania,Micronesia,High income,Developing,Oceania_High income
Nauru,1984,Oceania,Micronesia,High income,Developing,Oceania_High income
Nauru,1983,Oceania,Micronesia,High income,Developing,Oceania_High income
Nauru,1982,Oceania,Micronesia,High income,Developing,Oceania_High income
Nauru,1981,Oceania,Micronesia,High income,Developing,Oceania_High income
Nauru,1980,Oceania,Micronesia,High income,Developing,Oceania_High income
Nauru,1979,Oceania,Micronesia,High income,Developing,Oceania_High income
Nauru,1978,Oceania,Micronesia,High income,Developing,Oceania_High income
Nauru,1977,Oceania,Micronesia,High income,Developing,Oceania_High income
Nauru,1976,Oceania,Micronesia,High income,Developing,Oceania_High income
Nauru,1975,Oceania,Micronesia,High income,Developing,Oceania_High income
Nauru,1974,Oceania,Micronesia,High income,Developing,Oceania_High income
Nepal,2024,Asia,South Asia,Lower middle income,Developing,Asia_Lower middle income
Nepal,2023,Asia,South Asia,Lower middle income,Developing,Asia_Lower middle income
Nepal,2022,Asia,South Asia,Lower middle income,Developing,Asia_Lower middle income
Nepal,2021,Asia,South Asia,Lower middle income,Developing,Asia_Lower middle income
Nepal,2020,Asia,South Asia,Lower middle income,Developing,Asia_Lower middle income
Nepal,2019,Asia,South Asia,Lower middle income,Developing,Asia_Lower middle income
Nepal,2018,Asia,South Asia,Lower middle income,Developing,Asia_Lower middle income
Nepal,2017,Asia,South Asia,Lower middle income,Developing,Asia_Lower middle income
Nepal,2016,Asia,South Asia,Lower middle income,Developing,Asia_Lower middle income
Nepal,2015,Asia,South Asia,Lower middle income,Developing,Asia_Lower middle income
Nepal,2014,Asia,South Asia,Lower middle income,Developing,Asia_Lower middle income
Nepal,2013,Asia,South Asia,Lower middle income,Developing,Asia_Lower middle income
Nepal,2012,Asia,South Asia,Lower middle income,Developing,Asia_Lower middle income
Nepal,2011,Asia,South Asia,Lower middle income,Developing,Asia_Lower middle income
Nepal,2010,Asia,South Asia,Lower middle income,Developing,Asia_Lower middle income
Nepal,2009,Asia,South Asia,Lower middle income,Developing,Asia_Lower middle income
Nepal,2008,Asia,South Asia,Lower middle income,Developing,Asia_Lower middle income
Nepal,2007,Asia,South Asia,Lower middle income,Developing,Asia_Lower middle income
Nepal,2006,Asia,South Asia,Lower middle income,Developing,Asia_Lower middle income
Nepal,2005,Asia,South Asia,Lower middle income,Developing,Asia_Lower middle income
Nepal,2004,Asia,South Asia,Lower middle income,Developing,Asia_Lower middle income
Nepal,2003,Asia,South Asia,Lower middle income,Developing,Asia_Lower middle income
Nepal,2002,Asia,South Asia,Lower middle income,Developing,Asia_Lower middle income
Nepal,2001,Asia,South Asia,Lower middle income,Developing,Asia_Lower middle income
Nepal,2000,Asia,South Asia,Lower middle income,Developing,Asia_Lower middle income
Nepal,1999,Asia,South Asia,Lower middle income,Developing,Asia_Lower middle income
Nepal,1998,Asia,South Asia,Lower middle income,Developing,Asia_Lower middle income
Nepal,1997,Asia,South Asia,Lower middle income,Developing,Asia_Lower middle income
Nepal,1996,Asia,South Asia,Lower middle income,Developing,Asia_Lower middle income
Nepal,1995,Asia,South Asia,Lower middle income,Developing,Asia_Lower middle income
Nepal,1994,Asia,South Asia,Lower middle income,Developing,Asia_Lower middle income
Nepal,1993,Asia,South Asia,Lower middle income,Developing,Asia_Lower middle income
Nepal,1992,Asia,South Asia,Lower middle income,Developing,Asia_Lower middle income
Nepal,1991,Asia,South Asia,Lower middle income,Developing,Asia_Lower middle income
Nepal,1990,Asia,South Asia,Lower middle income,Developing,Asia_Lower middle income
Nepal,1989,Asia,South Asia,Lower middle income,Developing,Asia_Lower middle income
Nepal,1988,Asia,South Asia,Lower middle income,Developing,Asia_Lower middle income
Nepal,1987,Asia,South Asia,Lower middle income,Developing,Asia_Lower middle income
Nepal,1986,Asia,South Asia,Lower middle income,Developing,Asia_Lower middle income
Nepal,1985,Asia,South Asia,Lower middle income,Developing,Asia_Lower middle income
Nepal,1984,Asia,South Asia,Lower middle income,Developing,Asia_Lower middle income
Nepal,1983,Asia,South Asia,Lower middle income,Developing,Asia_Lower middle income
Nepal,1982,Asia,South Asia,Lower middle income,Developing,Asia_Lower middle income
Nepal,1981,Asia,South Asia,Lower middle income,Developing,Asia_Lower middle income
Nepal,1980,Asia,South Asia,Lower middle income,Developing,Asia_Lower middle income
Nepal,1979,Asia,South Asia,Lower middle income,Developing,Asia_Lower middle income
Nepal,1978,Asia,South Asia,Lower middle income,Developing,Asia_Lower middle income
Nepal,1977,Asia,South Asia,Lower middle income,Developing,Asia_Lower middle income
Nepal,1976,Asia,South Asia,Lower middle income,Developing,Asia_Lower middle income
Nepal,1975,Asia,South Asia,Lower middle income,Developing,Asia_Lower middle income
Nepal,1974,Asia,South Asia,Lower middle income,Developing,Asia_Lower middle income
Netherlands,2024,Europe,Western Europe,High income,Developed,Europe_High income
Netherlands,2023,Europe,Western Europe,High income,Developed,Europe_High income
Netherlands,2022,Europe,Western Europe,High income,Developed,Europe_High income
Netherlands,2021,Europe,Western Europe,High income,Developed,Europe_High income
Netherlands,2020,Europe,Western Europe,High income,Developed,Europe_High income
Netherlands,2019,Europe,Western Europe,High income,Developed,Europe_High income
Netherlands,2018,Europe,Western Europe,High income,Developed,Europe_High income
Netherlands,2017,Europe,Western Europe,High income,Developed,Europe_High income
Netherlands,2016,Europe,Western Europe,High income,Developed,Europe_High income
Netherlands,2015,Europe,Western Europe,High income,Developed,Europe_High income
Netherlands,2014,Europe,Western Europe,High income,Developed,Europe_High income
Netherlands,2013,Europe,Western Europe,High income,Developed,Europe_High income
Netherlands,2012,Europe,Western Europe,High income,Developed,Europe_High income
Netherlands,2011,Europe,Western Europe,High income,Developed,Europe_High income
Netherlands,2010,Europe,Western Europe,High income,Developed,Europe_High income
Netherlands,2009,Europe,Western Europe,High income,Developed,Europe_High income
Netherlands,2008,Europe,Western Europe,High income,Developed,Europe_High income
Netherlands,2007,Europe,Western Europe,High income,Developed,Europe_High income
Netherlands,2006,Europe,Western Europe,High income,Developed,Europe_High income
Netherlands,2005,Europe,Western Europe,High income,Developed,Europe_High income
Netherlands,2004,Europe,Western Europe,High income,Developed,Europe_High income
Netherlands,2003,Europe,Western Europe,High income,Developed,Europe_High income
Netherlands,2002,Europe,Western Europe,High income,Developed,Europe_High income
Netherlands,2001,Europe,Western Europe,High income,Developed,Europe_High income
Netherlands,2000,Europe,Western Europe,High income,Developed,Europe_High income
Netherlands,1999,Europe,Western Europe,High income,Developed,Europe_High income
Netherlands,1998,Europe,Western Europe,High income,Developed,Europe_High income
Netherlands,1997,Europe,Western Europe,High income,Developed,Europe_High income
Netherlands,1996,Europe,Western Europe,High income,Developed,Europe_High income
Netherlands,1995,Europe,Western Europe,High income,Developed,Europe_High income
Netherlands,1994,Europe,Western Europe,High income,Developed,Europe_High income
Netherlands,1993,Europe,Western Europe,High income,Developed,Europe_High income
Netherlands,1992,Europe,Western Europe,High income,Developed,Europe_High income
Netherlands,1991,Europe,Western Europe,High income,Developed,Europe_High income
Netherlands,1990,Europe,Western Europe,High income,Developed,Europe_High income
Netherlands,1989,Europe,Western Europe,High income,Developed,Europe_High income
Netherlands,1988,Europe,Western Europe,High income,Developed,Europe_High income
Netherlands,1987,Europe,Western Europe,High income,Developed,Europe_High income
Netherlands,1986,Europe,Western Europe,High income,Developed,Europe_High income
Netherlands,1985,Europe,Western Europe,High income,Developed,Europe_High income
Netherlands,1984,Europe,Western Europe,High income,Developed,Europe_High income
Netherlands,1983,Europe,Western Europe,High income,Developed,Europe_High income
Netherlands,1982,Europe,Western Europe,High income,Developed,Europe_High income
Netherlands,1981,Europe,Western Europe,High income,Developed,Europe_High income
Netherlands,1980,Europe,Western Europe,High income,Developed,Europe_High income
Netherlands,1979,Europe,Western Europe,High income,Developed,Europe_High income
Netherlands,1978,Europe,Western Europe,High income,Developed,Europe_High income
Netherlands,1977,Europe,Western Europe,High income,Developed,Europe_High income
Netherlands,1976,Europe,Western Europe,High income,Developed,Europe_High income
Netherlands,1975,Europe,Western Europe,High income,Developed,Europe_High income
Netherlands,1974,Europe,Western Europe,High income,Developed,Europe_High income
New Caledonia,2024,Oceania,Melanesia,High income,Developing,Oceania_High income
New Caledonia,2023,Oceania,Melanesia,High income,Developing,Oceania_High income
New Caledonia,2022,Oceania,Melanesia,High income,Developing,Oceania_High income
New Caledonia,2021,Oceania,Melanesia,High income,Developing,Oceania_High income
New Caledonia,2020,Oceania,Melanesia,High income,Developing,Oceania_High income
New Caledonia,2019,Oceania,Melanesia,High income,Developing,Oceania_High income
New Caledonia,2018,Oceania,Melanesia,High income,Developing,Oceania_High income
New Caledonia,2017,Oceania,Melanesia,High income,Developing,Oceania_High income
New Caledonia,2016,Oceania,Melanesia,High income,Developing,Oceania_High income
New Caledonia,2015,Oceania,Melanesia,High income,Developing,Oceania_High income
New Caledonia,2014,Oceania,Melanesia,High income,Developing,Oceania_High income
New Caledonia,2013,Oceania,Melanesia,High income,Developing,Oceania_High income
New Caledonia,2012,Oceania,Melanesia,High income,Developing,Oceania_High income
New Caledonia,2011,Oceania,Melanesia,High income,Developing,Oceania_High income
New Caledonia,2010,Oceania,Melanesia,High income,Developing,Oceania_High income
New Caledonia,2009,Oceania,Melanesia,High income,Developing,Oceania_High income
New Caledonia,2008,Oceania,Melanesia,High income,Developing,Oceania_High income
New Caledonia,2007,Oceania,Melanesia,High income,Developing,Oceania_High income
New Caledonia,2006,Oceania,Melanesia,High income,Developing,Oceania_High income
New Caledonia,2005,Oceania,Melanesia,High income,Developing,Oceania_High income
New Caledonia,2004,Oceania,Melanesia,High income,Developing,Oceania_High income
New Caledonia,2003,Oceania,Melanesia,High income,Developing,Oceania_High income
New Caledonia,2002,Oceania,Melanesia,High income,Developing,Oceania_High income
New Caledonia,2001,Oceania,Melanesia,High income,Developing,Oceania_High income
New Caledonia,2000,Oceania,Melanesia,High income,Developing,Oceania_High income
New Caledonia,1999,Oceania,Melanesia,High income,Developing,Oceania_High income
New Caledonia,1998,Oceania,Melanesia,High income,Developing,Oceania_High income
New Caledonia,1997,Oceania,Melanesia,High income,Developing,Oceania_High income
New Caledonia,1996,Oceania,Melanesia,High income,Developing,Oceania_High income
New Caledonia,1995,Oceania,Melanesia,High income,Developing,Oceania_High income
New Caledonia,1994,Oceania,Melanesia,High income,Developing,Oceania_High income
New Caledonia,1993,Oceania,Melanesia,High income,Developing,Oceania_High income
New Caledonia,1992,Oceania,Melanesia,High income,Developing,Oceania_High income
New Caledonia,1991,Oceania,Melanesia,High income,Developing,Oceania_High income
New Caledonia,1990,Oceania,Melanesia,High income,Developing,Oceania_High income
New Caledonia,1989,Oceania,Melanesia,High income,Developing,Oceania_High income
New Caledonia,1988,Oceania,Melanesia,High income,Developing,Oceania_High income
New Caledonia,1987,Oceania,Melanesia,High income,Developing,Oceania_High income
New Caledonia,1986,Oceania,Melanesia,High income,Developing,Oceania_High income
New Caledonia,1985,Oceania,Melanesia,High income,Developing,Oceania_High income
New Caledonia,1984,Oceania,Melanesia,High income,Developing,Oceania_High income
New Caledonia,1983,Oceania,Melanesia,High income,Developing,Oceania_High income
New Caledonia,1982,Oceania,Melanesia,High income,Developing,Oceania_High income
New Caledonia,1981,Oceania,Melanesia,High income,Developing,Oceania_High income
New Caledonia,1980,Oceania,Melanesia,High income,Developing,Oceania_High income
New Caledonia,1979,Oceania,Melanesia,High income,Developing,Oceania_High income
New Caledonia,1978,Oceania,Melanesia,High income,Developing,Oceania_High income
New Caledonia,1977,Oceania,Melanesia,High income,Developing,Oceania_High income
New Caledonia,1976,Oceania,Melanesia,High income,Developing,Oceania_High income
New Caledonia,1975,Oceania,Melanesia,High income,Developing,Oceania_High income
New Caledonia,1974,Oceania,Melanesia,High income,Developing,Oceania_High income
New Zealand,2024,Oceania,Oceania,High income,Developed,Oceania_High income
New Zealand,2023,Oceania,Oceania,High income,Developed,Oceania_High income
New Zealand,2022,Oceania,Oceania,High income,Developed,Oceania_High income
New Zealand,2021,Oceania,Oceania,High income,Developed,Oceania_High income
New Zealand,2020,Oceania,Oceania,High income,Developed,Oceania_High income
New Zealand,2019,Oceania,Oceania,High income,Developed,Oceania_High income
New Zealand,2018,Oceania,Oceania,High income,Developed,Oceania_High income
New Zealand,2017,Oceania,Oceania,High income,Developed,Oceania_High income
New Zealand,2016,Oceania,Oceania,High income,Developed,Oceania_High income
New Zealand,2015,Oceania,Oceania,High income,Developed,Oceania_High income
New Zealand,2014,Oceania,Oceania,High income,Developed,Oceania_High income
New Zealand,2013,Oceania,Oceania,High income,Developed,Oceania_High income
New Zealand,2012,Oceania,Oceania,High income,Developed,Oceania_High income
New Zealand,2011,Oceania,Oceania,High income,Developed,Oceania_High income
New Zealand,2010,Oceania,Oceania,High income,Developed,Oceania_High income
New Zealand,2009,Oceania,Oceania,High income,Developed,Oceania_High income
New Zealand,2008,Oceania,Oceania,High income,Developed,Oceania_High income
New Zealand,2007,Oceania,Oceania,High income,Developed,Oceania_High income
New Zealand,2006,Oceania,Oceania,High income,Developed,Oceania_High income
New Zealand,2005,Oceania,Oceania,High income,Developed,Oceania_High income
New Zealand,2004,Oceania,Oceania,High income,Developed,Oceania_High income
New Zealand,2003,Oceania,Oceania,High income,Developed,Oceania_High income
New Zealand,2002,Oceania,Oceania,High income,Developed,Oceania_High income
New Zealand,2001,Oceania,Oceania,High income,Developed,Oceania_High income
New Zealand,2000,Oceania,Oceania,High income,Developed,Oceania_High income
New Zealand,1999,Oceania,Oceania,High income,Developed,Oceania_High income
New Zealand,1998,Oceania,Oceania,High income,Developed,Oceania_High income
New Zealand,1997,Oceania,Oceania,High income,Developed,Oceania_High income
New Zealand,1996,Oceania,Oceania,High income,Developed,Oceania_High income
New Zealand,1995,Oceania,Oceania,High income,Developed,Oceania_High income
New Zealand,1994,Oceania,Oceania,High income,Developed,Oceania_High income
New Zealand,1993,Oceania,Oceania,High income,Developed,Oceania_High income
New Zealand,1992,Oceania,Oceania,High income,Developed,Oceania_High income
New Zealand,1991,Oceania,Oceania,High income,Developed,Oceania_High income
New Zealand,1990,Oceania,Oceania,High income,Developed,Oceania_High income
New Zealand,1989,Oceania,Oceania,High income,Developed,Oceania_High income
New Zealand,1988,Oceania,Oceania,High income,Developed,Oceania_High income
New Zealand,1987,Oceania,Oceania,High income,Developed,Oceania_High income
New Zealand,1986,Oceania,Oceania,High income,Developed,Oceania_High income
New Zealand,1985,Oceania,Oceania,High income,Developed,Oceania_High income
New Zealand,1984,Oceania,Oceania,High income,Developed,Oceania_High income
New Zealand,1983,Oceania,Oceania,High income,Developed,Oceania_High income
New Zealand,1982,Oceania,Oceania,High income,Developed,Oceania_High income
New Zealand,1981,Oceania,Oceania,High income,Developed,Oceania_High income
New Zealand,1980,Oceania,Oceania,High income,Developed,Oceania_High income
New Zealand,1979,Oceania,Oceania,High income,Developed,Oceania_High income
New Zealand,1978,Oceania,Oceania,High income,Developed,Oceania_High income
New Zealand,1977,Oceania,Oceania,High income,Developed,Oceania_High income
New Zealand,1976,Oceania,Oceania,High income,Developed,Oceania_High income
New Zealand,1975,Oceania,Oceania,High income,Developed,Oceania_High income
New Zealand,1974,Oceania,Oceania,High income,Developed,Oceania_High income
Nicaragua,2024,North America,Central America,Lower middle income,Developing,North America_Lower middle income
Nicaragua,2023,North America,Central America,Lower middle income,Developing,North America_Lower middle income
Nicaragua,2022,North America,Central America,Lower middle income,Developing,North America_Lower middle income
Nicaragua,2021,North America,Central America,Lower middle income,Developing,North America_Lower middle income
Nicaragua,2020,North America,Central America,Lower middle income,Developing,North America_Lower middle income
Nicaragua,2019,North America,Central America,Lower middle income,Developing,North America_Lower middle income
Nicaragua,2018,North America,Central America,Lower middle income,Developing,North America_Lower middle income
Nicaragua,2017,North America,Central America,Lower middle income,Developing,North America_Lower middle income
Nicaragua,2016,North America,Central America,Lower middle income,Developing,North America_Lower middle income
Nicaragua,2015,North America,Central America,Lower middle income,Developing,North America_Lower middle income
Nicaragua,2014,North America,Central America,Lower middle income,Developing,North America_Lower middle income
Nicaragua,2013,North America,Central America,Lower middle income,Developing,North America_Lower middle income
Nicaragua,2012,North America,Central America,Lower middle income,Developing,North America_Lower middle income
Nicaragua,2011,North America,Central America,Lower middle income,Developing,North America_Lower middle income
Nicaragua,2010,North America,Central America,Lower middle income,Developing,North America_Lower middle income
Nicaragua,2009,North America,Central America,Lower middle income,Developing,North America_Lower middle income
Nicaragua,2008,North America,Central America,Lower middle income,Developing,North America_Lower middle income
Nicaragua,2007,North America,Central America,Lower middle income,Developing,North America_Lower middle income
Nicaragua,2006,North America,Central America,Lower middle income,Developing,North America_Lower middle income
Nicaragua,2005,North America,Central America,Lower middle income,Developing,North America_Lower middle income
Nicaragua,2004,North America,Central America,Lower middle income,Developing,North America_Lower middle income
Nicaragua,2003,North America,Central America,Lower middle income,Developing,North America_Lower middle income
Nicaragua,2002,North America,Central America,Lower middle income,Developing,North America_Lower middle income
Nicaragua,2001,North America,Central America,Lower middle income,Developing,North America_Lower middle income
Nicaragua,2000,North America,Central America,Lower middle income,Developing,North America_Lower middle income
Nicaragua,1999,North America,Central America,Lower middle income,Developing,North America_Lower middle income
Nicaragua,1998,North America,Central America,Lower middle income,Developing,North America_Lower middle income
Nicaragua,1997,North America,Central America,Lower middle income,Developing,North America_Lower middle income
Nicaragua,1996,North America,Central America,Lower middle income,Developing,North America_Lower middle income
Nicaragua,1995,North America,Central America,Lower middle income,Developing,North America_Lower middle income
Nicaragua,1994,North America,Central America,Lower middle income,Developing,North America_Lower middle income
Nicaragua,1993,North America,Central America,Lower middle income,Developing,North America_Lower middle income
Nicaragua,1992,North America,Central America,Lower middle income,Developing,North America_Lower middle income
Nicaragua,1991,North America,Central America,Lower middle income,Developing,North America_Lower middle income
Nicaragua,1990,North America,Central America,Lower middle income,Developing,North America_Lower middle income
Nicaragua,1989,North America,Central America,Lower middle income,Developing,North America_Lower middle income
Nicaragua,1988,North America,Central America,Lower middle income,Developing,North America_Lower middle income
Nicaragua,1987,North America,Central America,Lower middle income,Developing,North America_Lower middle income
Nicaragua,1986,North America,Central America,Lower middle income,Developing,North America_Lower middle income
Nicaragua,1985,North America,Central America,Lower middle income,Developing,North America_Lower middle income
Nicaragua,1984,North America,Central America,Lower middle income,Developing,North America_Lower middle income
Nicaragua,1983,North America,Central America,Lower middle income,Developing,North America_Lower middle income
Nicaragua,1982,North America,Central America,Lower middle income,Developing,North America_Lower middle income
Nicaragua,1981,North America,Central America,Lower middle income,Developing,North America_Lower middle income
Nicaragua,1980,North America,Central America,Lower middle income,Developing,North America_Lower middle income
Nicaragua,1979,North America,Central America,Lower middle income,Developing,North America_Lower middle income
Nicaragua,1978,North America,Central America,Lower middle income,Developing,North America_Lower middle income
Nicaragua,1977,North America,Central America,Lower middle income,Developing,North America_Lower middle income
Nicaragua,1976,North America,Central America,Lower middle income,Developing,North America_Lower middle income
Nicaragua,1975,North America,Central America,Lower middle income,Developing,North America_Lower middle income
Nicaragua,1974,North America,Central America,Lower middle income,Developing,North America_Lower middle income
Niger,2024,Africa,West Africa,Low income,Developing,Africa_Low income
Niger,2023,Africa,West Africa,Low income,Developing,Africa_Low income
Niger,2022,Africa,West Africa,Low income,Developing,Africa_Low income
Niger,2021,Africa,West Africa,Low income,Developing,Africa_Low income
Niger,2020,Africa,West Africa,Low income,Developing,Africa_Low income
Niger,2019,Africa,West Africa,Low income,Developing,Africa_Low income
Niger,2018,Africa,West Africa,Low income,Developing,Africa_Low income
Niger,2017,Africa,West Africa,Low income,Developing,Africa_Low income
Niger,2016,Africa,West Africa,Low income,Developing,Africa_Low income
Niger,2015,Africa,West Africa,Low income,Developing,Africa_Low income
Niger,2014,Africa,West Africa,Low income,Developing,Africa_Low income
Niger,2013,Africa,West Africa,Low income,Developing,Africa_Low income
Niger,2012,Africa,West Africa,Low income,Developing,Africa_Low income
Niger,2011,Africa,West Africa,Low income,Developing,Africa_Low income
Niger,2010,Africa,West Africa,Low income,Developing,Africa_Low income
Niger,2009,Africa,West Africa,Low income,Developing,Africa_Low income
Niger,2008,Africa,West Africa,Low income,Developing,Africa_Low income
Niger,2007,Africa,West Africa,Low income,Developing,Africa_Low income
Niger,2006,Africa,West Africa,Low income,Developing,Africa_Low income
Niger,2005,Africa,West Africa,Low income,Developing,Africa_Low income
Niger,2004,Africa,West Africa,Low income,Developing,Africa_Low income
Niger,2003,Africa,West Africa,Low income,Developing,Africa_Low income
Niger,2002,Africa,West Africa,Low income,Developing,Africa_Low income
Niger,2001,Africa,West Africa,Low income,Developing,Africa_Low income
Niger,2000,Africa,West Africa,Low income,Developing,Africa_Low income
Niger,1999,Africa,West Africa,Low income,Developing,Africa_Low income
Niger,1998,Africa,West Africa,Low income,Developing,Africa_Low income
Niger,1997,Africa,West Africa,Low income,Developing,Africa_Low income
Niger,1996,Africa,West Africa,Low income,Developing,Africa_Low income
Niger,1995,Africa,West Africa,Low income,Developing,Africa_Low income
Niger,1994,Africa,West Africa,Low income,Developing,Africa_Low income
Niger,1993,Africa,West Africa,Low income,Developing,Africa_Low income
Niger,1992,Africa,West Africa,Low income,Developing,Africa_Low income
Niger,1991,Africa,West Africa,Low income,Developing,Africa_Low income
Niger,1990,Africa,West Africa,Low income,Developing,Africa_Low income
Niger,1989,Africa,West Africa,Low income,Developing,Africa_Low income
Niger,1988,Africa,West Africa,Low income,Developing,Africa_Low income
Niger,1987,Africa,West Africa,Low income,Developing,Africa_Low income
Niger,1986,Africa,West Africa,Low income,Developing,Africa_Low income
Niger,1985,Africa,West Africa,Low income,Developing,Africa_Low income
Niger,1984,Africa,West Africa,Low income,Developing,Africa_Low income
Niger,1983,Africa,West Africa,Low income,Developing,Africa_Low income
Niger,1982,Africa,West Africa,Low income,Developing,Africa_Low income
Niger,1981,Africa,West Africa,Low income,Developing,Africa_Low income
Niger,1980,Africa,West Africa,Low income,Developing,Africa_Low income
Niger,1979,Africa,West Africa,Low income,Developing,Africa_Low income
Niger,1978,Africa,West Africa,Low income,Developing,Africa_Low income
Niger,1977,Africa,West Africa,Low income,Developing,Africa_Low income
Niger,1976,Africa,West Africa,Low income,Developing,Africa_Low income
Niger,1975,Africa,West Africa,Low income,Developing,Africa_Low income
Niger,1974,Africa,West Africa,Low income,Developing,Africa_Low income
Nigeria,2024,Africa,West Africa,Lower middle income,Developing,Africa_Lower middle income
Nigeria,2023,Africa,West Africa,Lower middle income,Developing,Africa_Lower middle income
Nigeria,2022,Africa,West Africa,Lower middle income,Developing,Africa_Lower middle income
Nigeria,2021,Africa,West Africa,Lower middle income,Developing,Africa_Lower middle income
Nigeria,2020,Africa,West Africa,Lower middle income,Developing,Africa_Lower middle income
Nigeria,2019,Africa,West Africa,Lower middle income,Developing,Africa_Lower middle income
Nigeria,2018,Africa,West Africa,Lower middle income,Developing,Africa_Lower middle income
Nigeria,2017,Africa,West Africa,Lower middle income,Developing,Africa_Lower middle income
Nigeria,2016,Africa,West Africa,Lower middle income,Developing,Africa_Lower middle income
Nigeria,2015,Africa,West Africa,Lower middle income,Developing,Africa_Lower middle income
Nigeria,2014,Africa,West Africa,Lower middle income,Developing,Africa_Lower middle income
Nigeria,2013,Africa,West Africa,Lower middle income,Developing,Africa_Lower middle income
Nigeria,2012,Africa,West Africa,Lower middle income,Developing,Africa_Lower middle income
Nigeria,2011,Africa,West Africa,Lower middle income,Developing,Africa_Lower middle income
Nigeria,2010,Africa,West Africa,Lower middle income,Developing,Africa_Lower middle income
Nigeria,2009,Africa,West Africa,Lower middle income,Developing,Africa_Lower middle income
Nigeria,2008,Africa,West Africa,Lower middle income,Developing,Africa_Lower middle income
Nigeria,2007,Africa,West Africa,Lower middle income,Developing,Africa_Lower middle income
Nigeria,2006,Africa,West Africa,Lower middle income,Developing,Africa_Lower middle income
Nigeria,2005,Africa,West Africa,Lower middle income,Developing,Africa_Lower middle income
Nigeria,2004,Africa,West Africa,Lower middle income,Developing,Africa_Lower middle income
Nigeria,2003,Africa,West Africa,Lower middle income,Developing,Africa_Lower middle income
Nigeria,2002,Africa,West Africa,Lower middle income,Developing,Africa_Lower middle income
Nigeria,2001,Africa,West Africa,Lower middle income,Developing,Africa_Lower middle income
Nigeria,2000,Africa,West Africa,Lower middle income,Developing,Africa_Lower middle income
Nigeria,1999,Africa,West Africa,Lower middle income,Developing,Africa_Lower middle income
Nigeria,1998,Africa,West Africa,Lower middle income,Developing,Africa_Lower middle income
Nigeria,1997,Africa,West Africa,Lower middle income,Developing,Africa_Lower middle income
Nigeria,1996,Africa,West Africa,Lower middle income,Developing,Africa_Lower middle income
Nigeria,1995,Africa,West Africa,Lower middle income,Developing,Africa_Lower middle income
Nigeria,1994,Africa,West Africa,Lower middle income,Developing,Africa_Lower middle income
Nigeria,1993,Africa,West Africa,Lower middle income,Developing,Africa_Lower middle income
Nigeria,1992,Africa,West Africa,Lower middle income,Developing,Africa_Lower middle income
Nigeria,1991,Africa,West Africa,Lower middle income,Developing,Africa_Lower middle income
Nigeria,1990,Africa,West Africa,Lower middle income,Developing,Africa_Lower middle income
Nigeria,1989,Africa,West Africa,Lower middle income,Developing,Africa_Lower middle income
Nigeria,1988,Africa,West Africa,Lower middle income,Developing,Africa_Lower middle income
Nigeria,1987,Africa,West Africa,Lower middle income,Developing,Africa_Lower middle income
Nigeria,1986,Africa,West Africa,Lower middle income,Developing,Africa_Lower middle income
Nigeria,1985,Africa,West Africa,Lower middle income,Developing,Africa_Lower middle income
Nigeria,1984,Africa,West Africa,Lower middle income,Developing,Africa_Lower middle income
Nigeria,1983,Africa,West Africa,Lower middle income,Developing,Africa_Lower middle income
Nigeria,1982,Africa,West Africa,Lower middle income,Developing,Africa_Lower middle income
Nigeria,1981,Africa,West Africa,Lower middle income,Developing,Africa_Lower middle income
Nigeria,1980,Africa,West Africa,Lower middle income,Developing,Africa_Lower middle income
Nigeria,1979,Africa,West Africa,Lower middle income,Developing,Africa_Lower middle income
Nigeria,1978,Africa,West Africa,Lower middle income,Developing,Africa_Lower middle income
Nigeria,1977,Africa,West Africa,Lower middle income,Developing,Africa_Lower middle income
Nigeria,1976,Africa,West Africa,Lower middle income,Developing,Africa_Lower middle income
Nigeria,1975,Africa,West Africa,Lower middle income,Developing,Africa_Lower middle income
Nigeria,1974,Africa,West Africa,Lower middle income,Developing,Africa_Lower middle income
North Macedonia,2024,Europe,Southern Europe,Upper middle income,Developing,Europe_Upper middle income
North Macedonia,2023,Europe,Southern Europe,Upper middle income,Developing,Europe_Upper middle income
North Macedonia,2022,Europe,Southern Europe,Upper middle income,Developing,Europe_Upper middle income
North Macedonia,2021,Europe,Southern Europe,Upper middle income,Developing,Europe_Upper middle income
North Macedonia,2020,Europe,Southern Europe,Upper middle income,Developing,Europe_Upper middle income
North Macedonia,2019,Europe,Southern Europe,Upper middle income,Developing,Europe_Upper middle income
North Macedonia,2018,Europe,Southern Europe,Upper middle income,Developing,Europe_Upper middle income
North Macedonia,2017,Europe,Southern Europe,Upper middle income,Developing,Europe_Upper middle income
North Macedonia,2016,Europe,Southern Europe,Upper middle income,Developing,Europe_Upper middle income
North Macedonia,2015,Europe,Southern Europe,Upper middle income,Developing,Europe_Upper middle income
North Macedonia,2014,Europe,Southern Europe,Upper middle income,Developing,Europe_Upper middle income
North Macedonia,2013,Europe,Southern Europe,Upper middle income,Developing,Europe_Upper middle income
North Macedonia,2012,Europe,Southern Europe,Upper middle income,Developing,Europe_Upper middle income
North Macedonia,2011,Europe,Southern Europe,Upper middle income,Developing,Europe_Upper middle income
North Macedonia,2010,Europe,Southern Europe,Upper middle income,Developing,Europe_Upper middle income
North Macedonia,2009,Europe,Southern Europe,Upper middle income,Developing,Europe_Upper middle income
North Macedonia,2008,Europe,Southern Europe,Upper middle income,Developing,Europe_Upper middle income
North Macedonia,2007,Europe,Southern Europe,Upper middle income,Developing,Europe_Upper middle income
North Macedonia,2006,Europe,Southern Europe,Upper middle income,Developing,Europe_Upper middle income
North Macedonia,2005,Europe,Southern Europe,Upper middle income,Developing,Europe_Upper middle income
North Macedonia,2004,Europe,Southern Europe,Upper middle income,Developing,Europe_Upper middle income
North Macedonia,2003,Europe,Southern Europe,Upper middle income,Developing,Europe_Upper middle income
North Macedonia,2002,Europe,Southern Europe,Upper middle income,Developing,Europe_Upper middle income
North Macedonia,2001,Europe,Southern Europe,Upper middle income,Developing,Europe_Upper middle income
North Macedonia,2000,Europe,Southern Europe,Upper middle income,Developing,Europe_Upper middle income
North Macedonia,1999,Europe,Southern Europe,Upper middle income,Developing,Europe_Upper middle income
North Macedonia,1998,Europe,Southern Europe,Upper middle income,Developing,Europe_Upper middle income
North Macedonia,1997,Europe,Southern Europe,Upper middle income,Developing,Europe_Upper middle income
North Macedonia,1996,Europe,Southern Europe,Upper middle income,Developing,Europe_Upper middle income
North Macedonia,1995,Europe,Southern Europe,Upper middle income,Developing,Europe_Upper middle income
North Macedonia,1994,Europe,Southern Europe,Upper middle income,Developing,Europe_Upper middle income
North Macedonia,1993,Europe,Southern Europe,Upper middle income,Developing,Europe_Upper middle income
North Macedonia,1992,Europe,Southern Europe,Upper middle income,Developing,Europe_Upper middle income
North Macedonia,1991,Europe,Southern Europe,Upper middle income,Developing,Europe_Upper middle income
North Macedonia,1990,Europe,Southern Europe,Upper middle income,Developing,Europe_Upper middle income
North Macedonia,1989,Europe,Southern Europe,Upper middle income,Developing,Europe_Upper middle income
North Macedonia,1988,Europe,Southern Europe,Upper middle income,Developing,Europe_Upper middle income
North Macedonia,1987,Europe,Southern Europe,Upper middle income,Developing,Europe_Upper middle income
North Macedonia,1986,Europe,Southern Europe,Upper middle income,Developing,Europe_Upper middle income
North Macedonia,1985,Europe,Southern Europe,Upper middle income,Developing,Europe_Upper middle income
North Macedonia,1984,Europe,Southern Europe,Upper middle income,Developing,Europe_Upper middle income
North Macedonia,1983,Europe,Southern Europe,Upper middle income,Developing,Europe_Upper middle income
North Macedonia,1982,Europe,Southern Europe,Upper middle income,Developing,Europe_Upper middle income
North Macedonia,1981,Europe,Southern Europe,Upper middle income,Developing,Europe_Upper middle income
North Macedonia,1980,Europe,Southern Europe,Upper middle income,Developing,Europe_Upper middle income
North Macedonia,1979,Europe,Southern Europe,Upper middle income,Developing,Europe_Upper middle income
North Macedonia,1978,Europe,Southern Europe,Upper middle income,Developing,Europe_Upper middle income
North Macedonia,1977,Europe,Southern Europe,Upper middle income,Developing,Europe_Upper middle income
North Macedonia,1976,Europe,Southern Europe,Upper middle income,Developing,Europe_Upper middle income
North Macedonia,1975,Europe,Southern Europe,Upper middle income,Developing,Europe_Upper middle income
North Macedonia,1974,Europe,Southern Europe,Upper middle income,Developing,Europe_Upper middle income
Northern Mariana Islands,2024,Oceania,Micronesia,High income,Developing,Oceania_High income
Northern Mariana Islands,2023,Oceania,Micronesia,High income,Developing,Oceania_High income
Northern Mariana Islands,2022,Oceania,Micronesia,High income,Developing,Oceania_High income
Northern Mariana Islands,2021,Oceania,Micronesia,High income,Developing,Oceania_High income
Northern Mariana Islands,2020,Oceania,Micronesia,High income,Developing,Oceania_High income
Northern Mariana Islands,2019,Oceania,Micronesia,High income,Developing,Oceania_High income
Northern Mariana Islands,2018,Oceania,Micronesia,High income,Developing,Oceania_High income
Northern Mariana Islands,2017,Oceania,Micronesia,High income,Developing,Oceania_High income
Northern Mariana Islands,2016,Oceania,Micronesia,High income,Developing,Oceania_High income
Northern Mariana Islands,2015,Oceania,Micronesia,High income,Developing,Oceania_High income
Northern Mariana Islands,2014,Oceania,Micronesia,High income,Developing,Oceania_High income
Northern Mariana Islands,2013,Oceania,Micronesia,High income,Developing,Oceania_High income
Northern Mariana Islands,2012,Oceania,Micronesia,High income,Developing,Oceania_High income
Northern Mariana Islands,2011,Oceania,Micronesia,High income,Developing,Oceania_High income
Northern Mariana Islands,2010,Oceania,Micronesia,High income,Developing,Oceania_High income
Northern Mariana Islands,2009,Oceania,Micronesia,High income,Developing,Oceania_High income
Northern Mariana Islands,2008,Oceania,Micronesia,High income,Developing,Oceania_High income
Northern Mariana Islands,2007,Oceania,Micronesia,High income,Developing,Oceania_High income
Northern Mariana Islands,2006,Oceania,Micronesia,High income,Developing,Oceania_High income
Northern Mariana Islands,2005,Oceania,Micronesia,High income,Developing,Oceania_High income
Northern Mariana Islands,2004,Oceania,Micronesia,High income,Developing,Oceania_High income
Northern Mariana Islands,2003,Oceania,Micronesia,High income,Developing,Oceania_High income
Northern Mariana Islands,2002,Oceania,Micronesia,High income,Developing,Oceania_High income
Northern Mariana Islands,2001,Oceania,Micronesia,High income,Developing,Oceania_High income
Northern Mariana Islands,2000,Oceania,Micronesia,High income,Developing,Oceania_High income
Northern Mariana Islands,1999,Oceania,Micronesia,High income,Developing,Oceania_High income
Northern Mariana Islands,1998,Oceania,Micronesia,High income,Developing,Oceania_High income
Northern Mariana Islands,1997,Oceania,Micronesia,High income,Developing,Oceania_High income
Northern Mariana Islands,1996,Oceania,Micronesia,High income,Developing,Oceania_High income
Northern Mariana Islands,1995,Oceania,Micronesia,High income,Developing,Oceania_High income
Northern Mariana Islands,1994,Oceania,Micronesia,High income,Developing,Oceania_High income
Northern Mariana Islands,1993,Oceania,Micronesia,High income,Developing,Oceania_High income
Northern Mariana Islands,1992,Oceania,Micronesia,High income,Developing,Oceania_High income
Northern Mariana Islands,1991,Oceania,Micronesia,High income,Developing,Oceania_High income
Northern Mariana Islands,1990,Oceania,Micronesia,High income,Developing,Oceania_High income
Northern Mariana Islands,1989,Oceania,Micronesia,High income,Developing,Oceania_High income
Northern Mariana Islands,1988,Oceania,Micronesia,High income,Developing,Oceania_High income
Northern Mariana Islands,1987,Oceania,Micronesia,High income,Developing,Oceania_High income
Northern Mariana Islands,1986,Oceania,Micronesia,High income,Developing,Oceania_High income
Northern Mariana Islands,1985,Oceania,Micronesia,High income,Developing,Oceania_High income
Northern Mariana Islands,1984,Oceania,Micronesia,High income,Developing,Oceania_High income
Northern Mariana Islands,1983,Oceania,Micronesia,High income,Developing,Oceania_High income
Northern Mariana Islands,1982,Oceania,Micronesia,High income,Developing,Oceania_High income
Northern Mariana Islands,1981,Oceania,Micronesia,High income,Developing,Oceania_High income
Northern Mariana Islands,1980,Oceania,Micronesia,High income,Developing,Oceania_High income
Northern Mariana Islands,1979,Oceania,Micronesia,High income,Developing,Oceania_High income
Northern Mariana Islands,1978,Oceania,Micronesia,High income,Developing,Oceania_High income
Northern Mariana Islands,1977,Oceania,Micronesia,High income,Developing,Oceania_High income
Northern Mariana Islands,1976,Oceania,Micronesia,High income,Developing,Oceania_High income
Northern Mariana Islands,1975,Oceania,Micronesia,High income,Developing,Oceania_High income
Northern Mariana Islands,1974,Oceania,Micronesia,High income,Developing,Oceania_High income
Norway,2024,Europe,Northern Europe,High income,Developed,Europe_High income
Norway,2023,Europe,Northern Europe,High income,Developed,Europe_High income
Norway,2022,Europe,Northern Europe,High income,Developed,Europe_High income
Norway,2021,Europe,Northern Europe,High income,Developed,Europe_High income
Norway,2020,Europe,Northern Europe,High income,Developed,Europe_High income
Norway,2019,Europe,Northern Europe,High income,Developed,Europe_High income
Norway,2018,Europe,Northern Europe,High income,Developed,Europe_High income
Norway,2017,Europe,Northern Europe,High income,Developed,Europe_High income
Norway,2016,Europe,Northern Europe,High income,Developed,Europe_High income
Norway,2015,Europe,Northern Europe,High income,Developed,Europe_High income
Norway,2014,Europe,Northern Europe,High income,Developed,Europe_High income
Norway,2013,Europe,Northern Europe,High income,Developed,Europe_High income
Norway,2012,Europe,Northern Europe,High income,Developed,Europe_High income
Norway,2011,Europe,Northern Europe,High income,Developed,Europe_High income
Norway,2010,Europe,Northern Europe,High income,Developed,Europe_High income
Norway,2009,Europe,Northern Europe,High income,Developed,Europe_High income
Norway,2008,Europe,Northern Europe,High income,Developed,Europe_High income
Norway,2007,Europe,Northern Europe,High income,Developed,Europe_High income
Norway,2006,Europe,Northern Europe,High income,Developed,Europe_High income
Norway,2005,Europe,Northern Europe,High income,Developed,Europe_High income
Norway,2004,Europe,Northern Europe,High income,Developed,Europe_High income
Norway,2003,Europe,Northern Europe,High income,Developed,Europe_High income
Norway,2002,Europe,Northern Europe,High income,Developed,Europe_High income
Norway,2001,Europe,Northern Europe,High income,Developed,Europe_High income
Norway,2000,Europe,Northern Europe,High income,Developed,Europe_High income
Norway,1999,Europe,Northern Europe,High income,Developed,Europe_High income
Norway,1998,Europe,Northern Europe,High income,Developed,Europe_High income
Norway,1997,Europe,Northern Europe,High income,Developed,Europe_High income
Norway,1996,Europe,Northern Europe,High income,Developed,Europe_High income
Norway,1995,Europe,Northern Europe,High income,Developed,Europe_High income
Norway,1994,Europe,Northern Europe,High income,Developed,Europe_High income
Norway,1993,Europe,Northern Europe,High income,Developed,Europe_High income
Norway,1992,Europe,Northern Europe,High income,Developed,Europe_High income
Norway,1991,Europe,Northern Europe,High income,Developed,Europe_High income
Norway,1990,Europe,Northern Europe,High income,Developed,Europe_High income
Norway,1989,Europe,Northern Europe,High income,Developed,Europe_High income
Norway,1988,Europe,Northern Europe,High income,Developed,Europe_High income
Norway,1987,Europe,Northern Europe,High income,Developed,Europe_High income
Norway,1986,Europe,Northern Europe,High income,Developed,Europe_High income
Norway,1985,Europe,Northern Europe,High income,Developed,Europe_High income
Norway,1984,Europe,Northern Europe,High income,Developed,Europe_High income
Norway,1983,Europe,Northern Europe,High income,Developed,Europe_High income
Norway,1982,Europe,Northern Europe,High income,Developed,Europe_High income
Norway,1981,Europe,Northern Europe,High income,Developed,Europe_High income
Norway,1980,Europe,Northern Europe,High income,Developed,Europe_High income
Norway,1979,Europe,Northern Europe,High income,Developed,Europe_High income
Norway,1978,Europe,Northern Europe,High income,Developed,Europe_High income
Norway,1977,Europe,Northern Europe,High income,Developed,Europe_High income
Norway,1976,Europe,Northern Europe,High income,Developed,Europe_High income
Norway,1975,Europe,Northern Europe,High income,Developed,Europe_High income
Norway,1974,Europe,Northern Europe,High income,Developed,Europe_High income
Oman,2024,Asia,Middle East,High income,Developing,Asia_High income
Oman,2023,Asia,Middle East,High income,Developing,Asia_High income
Oman,2022,Asia,Middle East,High income,Developing,Asia_High income
Oman,2021,Asia,Middle East,High income,Developing,Asia_High income
Oman,2020,Asia,Middle East,High income,Developing,Asia_High income
Oman,2019,Asia,Middle East,High income,Developing,Asia_High income
Oman,2018,Asia,Middle East,High income,Developing,Asia_High income
Oman,2017,Asia,Middle East,High income,Developing,Asia_High income
Oman,2016,Asia,Middle East,High income,Developing,Asia_High income
Oman,2015,Asia,Middle East,High income,Developing,Asia_High income
Oman,2014,Asia,Middle East,High income,Developing,Asia_High income
Oman,2013,Asia,Middle East,High income,Developing,Asia_High income
Oman,2012,Asia,Middle East,High income,Developing,Asia_High income
Oman,2011,Asia,Middle East,High income,Developing,Asia_High income
Oman,2010,Asia,Middle East,High income,Developing,Asia_High income
Oman,2009,Asia,Middle East,High income,Developing,Asia_High income
Oman,2008,Asia,Middle East,High income,Developing,Asia_High income
Oman,2007,Asia,Middle East,High income,Developing,Asia_High income
Oman,2006,Asia,Middle East,High income,Developing,Asia_High income
Oman,2005,Asia,Middle East,High income,Developing,Asia_High income
Oman,2004,Asia,Middle East,High income,Developing,Asia_High income
Oman,2003,Asia,Middle East,High income,Developing,Asia_High income
Oman,2002,Asia,Middle East,High income,Developing,Asia_High income
Oman,2001,Asia,Middle East,High income,Developing,Asia_High income
Oman,2000,Asia,Middle East,High income,Developing,Asia_High income
Oman,1999,Asia,Middle East,High income,Developing,Asia_High income
Oman,1998,Asia,Middle East,High income,Developing,Asia_High income
Oman,1997,Asia,Middle East,High income,Developing,Asia_High income
Oman,1996,Asia,Middle East,High income,Developing,Asia_High income
Oman,1995,Asia,Middle East,High income,Developing,Asia_High income
Oman,1994,Asia,Middle East,High income,Developing,Asia_High income
Oman,1993,Asia,Middle East,High income,Developing,Asia_High income
Oman,1992,Asia,Middle East,High income,Developing,Asia_High income
Oman,1991,Asia,Middle East,High income,Developing,Asia_High income
Oman,1990,Asia,Middle East,High income,Developing,Asia_High income
Oman,1989,Asia,Middle East,High income,Developing,Asia_High income
Oman,1988,Asia,Middle East,High income,Developing,Asia_High income
Oman,1987,Asia,Middle East,High income,Developing,Asia_High income
Oman,1986,Asia,Middle East,High income,Developing,Asia_High income
Oman,1985,Asia,Middle East,High income,Developing,Asia_High income
Oman,1984,Asia,Middle East,High income,Developing,Asia_High income
Oman,1983,Asia,Middle East,High income,Developing,Asia_High income
Oman,1982,Asia,Middle East,High income,Developing,Asia_High income
Oman,1981,Asia,Middle East,High income,Developing,Asia_High income
Oman,1980,Asia,Middle East,High income,Developing,Asia_High income
Oman,1979,Asia,Middle East,High income,Developing,Asia_High income
Oman,1978,Asia,Middle East,High income,Developing,Asia_High income
Oman,1977,Asia,Middle East,High income,Developing,Asia_High income
Oman,1976,Asia,Middle East,High income,Developing,Asia_High income
Oman,1975,Asia,Middle East,High income,Developing,Asia_High income
Oman,1974,Asia,Middle East,High income,Developing,Asia_High income
Pakistan,2024,Asia,South Asia,Lower middle income,Developing,Asia_Lower middle income
Pakistan,2023,Asia,South Asia,Lower middle income,Developing,Asia_Lower middle income
Pakistan,2022,Asia,South Asia,Lower middle income,Developing,Asia_Lower middle income
Pakistan,2021,Asia,South Asia,Lower middle income,Developing,Asia_Lower middle income
Pakistan,2020,Asia,South Asia,Lower middle income,Developing,Asia_Lower middle income
Pakistan,2019,Asia,South Asia,Lower middle income,Developing,Asia_Lower middle income
Pakistan,2018,Asia,South Asia,Lower middle income,Developing,Asia_Lower middle income
Pakistan,2017,Asia,South Asia,Lower middle income,Developing,Asia_Lower middle income
Pakistan,2016,Asia,South Asia,Lower middle income,Developing,Asia_Lower middle income
Pakistan,2015,Asia,South Asia,Lower middle income,Developing,Asia_Lower middle income
Pakistan,2014,Asia,South Asia,Lower middle income,Developing,Asia_Lower middle income
Pakistan,2013,Asia,South Asia,Lower middle income,Developing,Asia_Lower middle income
Pakistan,2012,Asia,South Asia,Lower middle income,Developing,Asia_Lower middle income
Pakistan,2011,Asia,South Asia,Lower middle income,Developing,Asia_Lower middle income
Pakistan,2010,Asia,South Asia,Lower middle income,Developing,Asia_Lower middle income
Pakistan,2009,Asia,South Asia,Lower middle income,Developing,Asia_Lower middle income
Pakistan,2008,Asia,South Asia,Lower middle income,Developing,Asia_Lower middle income
Pakistan,2007,Asia,South Asia,Lower middle income,Developing,Asia_Lower middle income
Pakistan,2006,Asia,South Asia,Lower middle income,Developing,Asia_Lower middle income
Pakistan,2005,Asia,South Asia,Lower middle income,Developing,Asia_Lower middle income
Pakistan,2004,Asia,South Asia,Lower middle income,Developing,Asia_Lower middle income
Pakistan,2003,Asia,South Asia,Lower middle income,Developing,Asia_Lower middle income
Pakistan,2002,Asia,South Asia,Lower middle income,Developing,Asia_Lower middle income
Pakistan,2001,Asia,South Asia,Lower middle income,Developing,Asia_Lower middle income
Pakistan,2000,Asia,South Asia,Lower middle income,Developing,Asia_Lower middle income
Pakistan,1999,Asia,South Asia,Lower middle income,Developing,Asia_Lower middle income
Pakistan,1998,Asia,South Asia,Lower middle income,Developing,Asia_Lower middle income
Pakistan,1997,Asia,South Asia,Lower middle income,Developing,Asia_Lower middle income
Pakistan,1996,Asia,South Asia,Lower middle income,Developing,Asia_Lower middle income
Pakistan,1995,Asia,South Asia,Lower middle income,Developing,Asia_Lower middle income
Pakistan,1994,Asia,South Asia,Lower middle income,Developing,Asia_Lower middle income
Pakistan,1993,Asia,South Asia,Lower middle income,Developing,Asia_Lower middle income
Pakistan,1992,Asia,South Asia,Lower middle income,Developing,Asia_Lower middle income
Pakistan,1991,Asia,South Asia,Lower middle income,Developing,Asia_Lower middle income
Pakistan,1990,Asia,South Asia,Lower middle income,Developing,Asia_Lower middle income
Pakistan,1989,Asia,South Asia,Lower middle income,Developing,Asia_Lower middle income
Pakistan,1988,Asia,South Asia,Lower middle income,Developing,Asia_Lower middle income
Pakistan,1987,Asia,South Asia,Lower middle income,Developing,Asia_Lower middle income
Pakistan,1986,Asia,South Asia,Lower middle income,Developing,Asia_Lower middle income
Pakistan,1985,Asia,South Asia,Lower middle income,Developing,Asia_Lower middle income
Pakistan,1984,Asia,South Asia,Lower middle income,Developing,Asia_Lower middle income
Pakistan,1983,Asia,South Asia,Lower middle income,Developing,Asia_Lower middle income
Pakistan,1982,Asia,South Asia,Lower middle income,Developing,Asia_Lower middle income
Pakistan,1981,Asia,South Asia,Lower middle income,Developing,Asia_Lower middle income
Pakistan,1980,Asia,South Asia,Lower middle income,Developing,Asia_Lower middle income
Pakistan,1979,Asia,South Asia,Lower middle income,Developing,Asia_Lower middle income
Pakistan,1978,Asia,South Asia,Lower middle income,Developing,Asia_Lower middle income
Pakistan,1977,Asia,South Asia,Lower middle income,Developing,Asia_Lower middle income
Pakistan,1976,Asia,South Asia,Lower middle income,Developing,Asia_Lower middle income
Pakistan,1975,Asia,South Asia,Lower middle income,Developing,Asia_Lower middle income
Pakistan,1974,Asia,South Asia,Lower middle income,Developing,Asia_Lower middle income
Palau,2024,Oceania,Micronesia,High income,Developing,Oceania_High income
Palau,2023,Oceania,Micronesia,High income,Developing,Oceania_High income
Palau,2022,Oceania,Micronesia,High income,Developing,Oceania_High income
Palau,2021,Oceania,Micronesia,High income,Developing,Oceania_High income
Palau,2020,Oceania,Micronesia,High income,Developing,Oceania_High income
Palau,2019,Oceania,Micronesia,High income,Developing,Oceania_High income
Palau,2018,Oceania,Micronesia,High income,Developing,Oceania_High income
Palau,2017,Oceania,Micronesia,High income,Developing,Oceania_High income
Palau,2016,Oceania,Micronesia,High income,Developing,Oceania_High income
Palau,2015,Oceania,Micronesia,High income,Developing,Oceania_High income
Palau,2014,Oceania,Micronesia,High income,Developing,Oceania_High income
Palau,2013,Oceania,Micronesia,High income,Developing,Oceania_High income
Palau,2012,Oceania,Micronesia,High income,Developing,Oceania_High income
Palau,2011,Oceania,Micronesia,High income,Developing,Oceania_High income
Palau,2010,Oceania,Micronesia,High income,Developing,Oceania_High income
Palau,2009,Oceania,Micronesia,High income,Developing,Oceania_High income
Palau,2008,Oceania,Micronesia,High income,Developing,Oceania_High income
Palau,2007,Oceania,Micronesia,High income,Developing,Oceania_High income
Palau,2006,Oceania,Micronesia,High income,Developing,Oceania_High income
Palau,2005,Oceania,Micronesia,High income,Developing,Oceania_High income
Palau,2004,Oceania,Micronesia,High income,Developing,Oceania_High income
Palau,2003,Oceania,Micronesia,High income,Developing,Oceania_High income
Palau,2002,Oceania,Micronesia,High income,Developing,Oceania_High income
Palau,2001,Oceania,Micronesia,High income,Developing,Oceania_High income
Palau,2000,Oceania,Micronesia,High income,Developing,Oceania_High income
Palau,1999,Oceania,Micronesia,High income,Developing,Oceania_High income
Palau,1998,Oceania,Micronesia,High income,Developing,Oceania_High income
Palau,1997,Oceania,Micronesia,High income,Developing,Oceania_High income
Palau,1996,Oceania,Micronesia,High income,Developing,Oceania_High income
Palau,1995,Oceania,Micronesia,High income,Developing,Oceania_High income
Palau,1994,Oceania,Micronesia,High income,Developing,Oceania_High income
Palau,1993,Oceania,Micronesia,High income,Developing,Oceania_High income
Palau,1992,Oceania,Micronesia,High income,Developing,Oceania_High income
Palau,1991,Oceania,Micronesia,High income,Developing,Oceania_High income
Palau,1990,Oceania,Micronesia,High income,Developing,Oceania_High income
Palau,1989,Oceania,Micronesia,High income,Developing,Oceania_High income
Palau,1988,Oceania,Micronesia,High income,Developing,Oceania_High income
Palau,1987,Oceania,Micronesia,High income,Developing,Oceania_High income
Palau,1986,Oceania,Micronesia,High income,Developing,Oceania_High income
Palau,1985,Oceania,Micronesia,High income,Developing,Oceania_High income
Palau,1984,Oceania,Micronesia,High income,Developing,Oceania_High income
Palau,1983,Oceania,Micronesia,High income,Developing,Oceania_High income
Palau,1982,Oceania,Micronesia,High income,Developing,Oceania_High income
Palau,1981,Oceania,Micronesia,High income,Developing,Oceania_High income
Palau,1980,Oceania,Micronesia,High income,Developing,Oceania_High income
Palau,1979,Oceania,Micronesia,High income,Developing,Oceania_High income
Palau,1978,Oceania,Micronesia,High income,Developing,Oceania_High income
Palau,1977,Oceania,Micronesia,High income,Developing,Oceania_High income
Palau,1976,Oceania,Micronesia,High income,Developing,Oceania_High income
Palau,1975,Oceania,Micronesia,High income,Developing,Oceania_High income
Palau,1974,Oceania,Micronesia,High income,Developing,Oceania_High income
Panama,2024,North America,Central America,High income,Developing,North America_High income
Panama,2023,North America,Central America,High income,Developing,North America_High income
Panama,2022,North America,Central America,High income,Developing,North America_High income
Panama,2021,North America,Central America,High income,Developing,North America_High income
Panama,2020,North America,Central America,High income,Developing,North America_High income
Panama,2019,North America,Central America,High income,Developing,North America_High income
Panama,2018,North America,Central America,High income,Developing,North America_High income
Panama,2017,North America,Central America,High income,Developing,North America_High income
Panama,2016,North America,Central America,High income,Developing,North America_High income
Panama,2015,North America,Central America,High income,Developing,North America_High income
Panama,2014,North America,Central America,High income,Developing,North America_High income
Panama,2013,North America,Central America,High income,Developing,North America_High income
Panama,2012,North America,Central America,High income,Developing,North America_High income
Panama,2011,North America,Central America,High income,Developing,North America_High income
Panama,2010,North America,Central America,High income,Developing,North America_High income
Panama,2009,North America,Central America,High income,Developing,North America_High income
Panama,2008,North America,Central America,High income,Developing,North America_High income
Panama,2007,North America,Central America,High income,Developing,North America_High income
Panama,2006,North America,Central America,High income,Developing,North America_High income
Panama,2005,North America,Central America,High income,Developing,North America_High income
Panama,2004,North America,Central America,High income,Developing,North America_High income
Panama,2003,North America,Central America,High income,Developing,North America_High income
Panama,2002,North America,Central America,High income,Developing,North America_High income
Panama,2001,North America,Central America,High income,Developing,North America_High income
Panama,2000,North America,Central America,High income,Developing,North America_High income
Panama,1999,North America,Central America,High income,Developing,North America_High income
Panama,1998,North America,Central America,High income,Developing,North America_High income
Panama,1997,North America,Central America,High income,Developing,North America_High income
Panama,1996,North America,Central America,High income,Developing,North America_High income
Panama,1995,North America,Central America,High income,Developing,North America_High income
Panama,1994,North America,Central America,High income,Developing,North America_High income
Panama,1993,North America,Central America,High income,Developing,North America_High income
Panama,1992,North America,Central America,High income,Developing,North America_High income
Panama,1991,North America,Central America,High income,Developing,North America_High income
Panama,1990,North America,Central America,High income,Developing,North America_High income
Panama,1989,North America,Central America,High income,Developing,North America_High income
Panama,1988,North America,Central America,High income,Developing,North America_High income
Panama,1987,North America,Central America,High income,Developing,North America_High income
Panama,1986,North America,Central America,High income,Developing,North America_High income
Panama,1985,North America,Central America,High income,Developing,North America_High income
Panama,1984,North America,Central America,High income,Developing,North America_High income
Panama,1983,North America,Central America,High income,Developing,North America_High income
Panama,1982,North America,Central America,High income,Developing,North America_High income
Panama,1981,North America,Central America,High income,Developing,North America_High income
Panama,1980,North America,Central America,High income,Developing,North America_High income
Panama,1979,North America,Central America,High income,Developing,North America_High income
Panama,1978,North America,Central America,High income,Developing,North America_High income
Panama,1977,North America,Central America,High income,Developing,North America_High income
Panama,1976,North America,Central America,High income,Developing,North America_High income
Panama,1975,North America,Central America,High income,Developing,North America_High income
Panama,1974,North America,Central America,High income,Developing,North America_High income
Papua New Guinea,2024,Oceania,Melanesia,Lower middle income,Developing,Oceania_Lower middle income
Papua New Guinea,2023,Oceania,Melanesia,Lower middle income,Developing,Oceania_Lower middle income
Papua New Guinea,2022,Oceania,Melanesia,Lower middle income,Developing,Oceania_Lower middle income
Papua New Guinea,2021,Oceania,Melanesia,Lower middle income,Developing,Oceania_Lower middle income
Papua New Guinea,2020,Oceania,Melanesia,Lower middle income,Developing,Oceania_Lower middle income
Papua New Guinea,2019,Oceania,Melanesia,Lower middle income,Developing,Oceania_Lower middle income
Papua New Guinea,2018,Oceania,Melanesia,Lower middle income,Developing,Oceania_Lower middle income
Papua New Guinea,2017,Oceania,Melanesia,Lower middle income,Developing,Oceania_Lower middle income
Papua New Guinea,2016,Oceania,Melanesia,Lower middle income,Developing,Oceania_Lower middle income
Papua New Guinea,2015,Oceania,Melanesia,Lower middle income,Developing,Oceania_Lower middle income
Papua New Guinea,2014,Oceania,Melanesia,Lower middle income,Developing,Oceania_Lower middle income
Papua New Guinea,2013,Oceania,Melanesia,Lower middle income,Developing,Oceania_Lower middle income
Papua New Guinea,2012,Oceania,Melanesia,Lower middle income,Developing,Oceania_Lower middle income
Papua New Guinea,2011,Oceania,Melanesia,Lower middle income,Developing,Oceania_Lower middle income
Papua New Guinea,2010,Oceania,Melanesia,Lower middle income,Developing,Oceania_Lower middle income
Papua New Guinea,2009,Oceania,Melanesia,Lower middle income,Developing,Oceania_Lower middle income
Papua New Guinea,2008,Oceania,Melanesia,Lower middle income,Developing,Oceania_Lower middle income
Papua New Guinea,2007,Oceania,Melanesia,Lower middle income,Developing,Oceania_Lower middle income
Papua New Guinea,2006,Oceania,Melanesia,Lower middle income,Developing,Oceania_Lower middle income
Papua New Guinea,2005,Oceania,Melanesia,Lower middle income,Developing,Oceania_Lower middle income
Papua New Guinea,2004,Oceania,Melanesia,Lower middle income,Developing,Oceania_Lower middle income
Papua New Guinea,2003,Oceania,Melanesia,Lower middle income,Developing,Oceania_Lower middle income
Papua New Guinea,2002,Oceania,Melanesia,Lower middle income,Developing,Oceania_Lower middle income
Papua New Guinea,2001,Oceania,Melanesia,Lower middle income,Developing,Oceania_Lower middle income
Papua New Guinea,2000,Oceania,Melanesia,Lower middle income,Developing,Oceania_Lower middle income
Papua New Guinea,1999,Oceania,Melanesia,Lower middle income,Developing,Oceania_Lower middle income
Papua New Guinea,1998,Oceania,Melanesia,Lower middle income,Developing,Oceania_Lower middle income
Papua New Guinea,1997,Oceania,Melanesia,Lower middle income,Developing,Oceania_Lower middle income
Papua New Guinea,1996,Oceania,Melanesia,Lower middle income,Developing,Oceania_Lower middle income
Papua New Guinea,1995,Oceania,Melanesia,Lower middle income,Developing,Oceania_Lower middle income
Papua New Guinea,1994,Oceania,Melanesia,Lower middle income,Developing,Oceania_Lower middle income
Papua New Guinea,1993,Oceania,Melanesia,Lower middle income,Developing,Oceania_Lower middle income
Papua New Guinea,1992,Oceania,Melanesia,Lower middle income,Developing,Oceania_Lower middle income
Papua New Guinea,1991,Oceania,Melanesia,Lower middle income,Developing,Oceania_Lower middle income
Papua New Guinea,1990,Oceania,Melanesia,Lower middle income,Developing,Oceania_Lower middle income
Papua New Guinea,1989,Oceania,Melanesia,Lower middle income,Developing,Oceania_Lower middle income
Papua New Guinea,1988,Oceania,Melanesia,Lower middle income,Developing,Oceania_Lower middle income
Papua New Guinea,1987,Oceania,Melanesia,Lower middle income,Developing,Oceania_Lower middle income
Papua New Guinea,1986,Oceania,Melanesia,Lower middle income,Developing,Oceania_Lower middle income
Papua New Guinea,1985,Oceania,Melanesia,Lower middle income,Developing,Oceania_Lower middle income
Papua New Guinea,1984,Oceania,Melanesia,Lower middle income,Developing,Oceania_Lower middle income
Papua New Guinea,1983,Oceania,Melanesia,Lower middle income,Developing,Oceania_Lower middle income
Papua New Guinea,1982,Oceania,Melanesia,Lower middle income,Developing,Oceania_Lower middle income
Papua New Guinea,1981,Oceania,Melanesia,Lower middle income,Developing,Oceania_Lower middle income
Papua New Guinea,1980,Oceania,Melanesia,Lower middle income,Developing,Oceania_Lower middle income
Papua New Guinea,1979,Oceania,Melanesia,Lower middle income,Developing,Oceania_Lower middle income
Papua New Guinea,1978,Oceania,Melanesia,Lower middle income,Developing,Oceania_Lower middle income
Papua New Guinea,1977,Oceania,Melanesia,Lower middle income,Developing,Oceania_Lower middle income
Papua New Guinea,1976,Oceania,Melanesia,Lower middle income,Developing,Oceania_Lower middle income
Papua New Guinea,1975,Oceania,Melanesia,Lower middle income,Developing,Oceania_Lower middle income
Papua New Guinea,1974,Oceania,Melanesia,Lower middle income,Developing,Oceania_Lower middle income
Paraguay,2024,South America,South America,Upper middle income,Developing,South America_Upper middle income
Paraguay,2023,South America,South America,Upper middle income,Developing,South America_Upper middle income
Paraguay,2022,South America,South America,Upper middle income,Developing,South America_Upper middle income
Paraguay,2021,South America,South America,Upper middle income,Developing,South America_Upper middle income
Paraguay,2020,South America,South America,Upper middle income,Developing,South America_Upper middle income
Paraguay,2019,South America,South America,Upper middle income,Developing,South America_Upper middle income
Paraguay,2018,South America,South America,Upper middle income,Developing,South America_Upper middle income
Paraguay,2017,South America,South America,Upper middle income,Developing,South America_Upper middle income
Paraguay,2016,South America,South America,Upper middle income,Developing,South America_Upper middle income
Paraguay,2015,South America,South America,Upper middle income,Developing,South America_Upper middle income
Paraguay,2014,South America,South America,Upper middle income,Developing,South America_Upper middle income
Paraguay,2013,South America,South America,Upper middle income,Developing,South America_Upper middle income
Paraguay,2012,South America,South America,Upper middle income,Developing,South America_Upper middle income
Paraguay,2011,South America,South America,Upper middle income,Developing,South America_Upper middle income
Paraguay,2010,South America,South America,Upper middle income,Developing,South America_Upper middle income
Paraguay,2009,South America,South America,Upper middle income,Developing,South America_Upper middle income
Paraguay,2008,South America,South America,Upper middle income,Developing,South America_Upper middle income
Paraguay,2007,South America,South America,Upper middle income,Developing,South America_Upper middle income
Paraguay,2006,South America,South America,Upper middle income,Developing,South America_Upper middle income
Paraguay,2005,South America,South America,Upper middle income,Developing,South America_Upper middle income
Paraguay,2004,South America,South America,Upper middle income,Developing,South America_Upper middle income
Paraguay,2003,South America,South America,Upper middle income,Developing,South America_Upper middle income
Paraguay,2002,South America,South America,Upper middle income,Developing,South America_Upper middle income
Paraguay,2001,South America,South America,Upper middle income,Developing,South America_Upper middle income
Paraguay,2000,South America,South America,Upper middle income,Developing,South America_Upper middle income
Paraguay,1999,South America,South America,Upper middle income,Developing,South America_Upper middle income
Paraguay,1998,South America,South America,Upper middle income,Developing,South America_Upper middle income
Paraguay,1997,South America,South America,Upper middle income,Developing,South America_Upper middle income
Paraguay,1996,South America,South America,Upper middle income,Developing,South America_Upper middle income
Paraguay,1995,South America,South America,Upper middle income,Developing,South America_Upper middle income
Paraguay,1994,South America,South America,Upper middle income,Developing,South America_Upper middle income
Paraguay,1993,South America,South America,Upper middle income,Developing,South America_Upper middle income
Paraguay,1992,South America,South America,Upper middle income,Developing,South America_Upper middle income
Paraguay,1991,South America,South America,Upper middle income,Developing,South America_Upper middle income
Paraguay,1990,South America,South America,Upper middle income,Developing,South America_Upper middle income
Paraguay,1989,South America,South America,Upper middle income,Developing,South America_Upper middle income
Paraguay,1988,South America,South America,Upper middle income,Developing,South America_Upper middle income
Paraguay,1987,South America,South America,Upper middle income,Developing,South America_Upper middle income
Paraguay,1986,South America,South America,Upper middle income,Developing,South America_Upper middle income
Paraguay,1985,South America,South America,Upper middle income,Developing,South America_Upper middle income
Paraguay,1984,South America,South America,Upper middle income,Developing,South America_Upper middle income
Paraguay,1983,South America,South America,Upper middle income,Developing,South America_Upper middle income
Paraguay,1982,South America,South America,Upper middle income,Developing,South America_Upper middle income
Paraguay,1981,South America,South America,Upper middle income,Developing,South America_Upper middle income
Paraguay,1980,South America,South America,Upper middle income,Developing,South America_Upper middle income
Paraguay,1979,South America,South America,Upper middle income,Developing,South America_Upper middle income
Paraguay,1978,South America,South America,Upper middle income,Developing,South America_Upper middle income
Paraguay,1977,South America,South America,Upper middle income,Developing,South America_Upper middle income
Paraguay,1976,South America,South America,Upper middle income,Developing,South America_Upper middle income
Paraguay,1975,South America,South America,Upper middle income,Developing,South America_Upper middle income
Paraguay,1974,South America,South America,Upper middle income,Developing,South America_Upper middle income
Peru,2024,South America,South America,Upper middle income,Developing,South America_Upper middle income
Peru,2023,South America,South America,Upper middle income,Developing,South America_Upper middle income
Peru,2022,South America,South America,Upper middle income,Developing,South America_Upper middle income
Peru,2021,South America,South America,Upper middle income,Developing,South America_Upper middle income
Peru,2020,South America,South America,Upper middle income,Developing,South America_Upper middle income
Peru,2019,South America,South America,Upper middle income,Developing,South America_Upper middle income
Peru,2018,South America,South America,Upper middle income,Developing,South America_Upper middle income
Peru,2017,South America,South America,Upper middle income,Developing,South America_Upper middle income
Peru,2016,South America,South America,Upper middle income,Developing,South America_Upper middle income
Peru,2015,South America,South America,Upper middle income,Developing,South America_Upper middle income
Peru,2014,South America,South America,Upper middle income,Developing,South America_Upper middle income
Peru,2013,South America,South America,Upper middle income,Developing,South America_Upper middle income
Peru,2012,South America,South America,Upper middle income,Developing,South America_Upper middle income
Peru,2011,South America,South America,Upper middle income,Developing,South America_Upper middle income
Peru,2010,South America,South America,Upper middle income,Developing,South America_Upper middle income
Peru,2009,South America,South America,Upper middle income,Developing,South America_Upper middle income
Peru,2008,South America,South America,Upper middle income,Developing,South America_Upper middle income
Peru,2007,South America,South America,Upper middle income,Developing,South America_Upper middle income
Peru,2006,South America,South America,Upper middle income,Developing,South America_Upper middle income
Peru,2005,South America,South America,Upper middle income,Developing,South America_Upper middle income
Peru,2004,South America,South America,Upper middle income,Developing,South America_Upper middle income
Peru,2003,South America,South America,Upper middle income,Developing,South America_Upper middle income
Peru,2002,South America,South America,Upper middle income,Developing,South America_Upper middle income
Peru,2001,South America,South America,Upper middle income,Developing,South America_Upper middle income
Peru,2000,South America,South America,Upper middle income,Developing,South America_Upper middle income
Peru,1999,South America,South America,Upper middle income,Developing,South America_Upper middle income
Peru,1998,South America,South America,Upper middle income,Developing,South America_Upper middle income
Peru,1997,South America,South America,Upper middle income,Developing,South America_Upper middle income
Peru,1996,South America,South America,Upper middle income,Developing,South America_Upper middle income
Peru,1995,South America,South America,Upper middle income,Developing,South America_Upper middle income
Peru,1994,South America,South America,Upper middle income,Developing,South America_Upper middle income
Peru,1993,South America,South America,Upper middle income,Developing,South America_Upper middle income
Peru,1992,South America,South America,Upper middle income,Developing,South America_Upper middle income
Peru,1991,South America,South America,Upper middle income,Developing,South America_Upper middle income
Peru,1990,South America,South America,Upper middle income,Developing,South America_Upper middle income
Peru,1989,South America,South America,Upper middle income,Developing,South America_Upper middle income
Peru,1988,South America,South America,Upper middle income,Developing,South America_Upper middle income
Peru,1987,South America,South America,Upper middle income,Developing,South America_Upper middle income
Peru,1986,South America,South America,Upper middle income,Developing,South America_Upper middle income
Peru,1985,South America,South America,Upper middle income,Developing,South America_Upper middle income
Peru,1984,South America,South America,Upper middle income,Developing,South America_Upper middle income
Peru,1983,South America,South America,Upper middle income,Developing,South America_Upper middle income
Peru,1982,South America,South America,Upper middle income,Developing,South America_Upper middle income
Peru,1981,South America,South America,Upper middle income,Developing,South America_Upper middle income
Peru,1980,South America,South America,Upper middle income,Developing,South America_Upper middle income
Peru,1979,South America,South America,Upper middle income,Developing,South America_Upper middle income
Peru,1978,South America,South America,Upper middle income,Developing,South America_Upper middle income
Peru,1977,South America,South America,Upper middle income,Developing,South America_Upper middle income
Peru,1976,South America,South America,Upper middle income,Developing,South America_Upper middle income
Peru,1975,South America,South America,Upper middle income,Developing,South America_Upper middle income
Peru,1974,South America,South America,Upper middle income,Developing,South America_Upper middle income
Philippines,2024,Asia,Southeast Asia,Lower middle income,Developing,Asia_Lower middle income
Philippines,2023,Asia,Southeast Asia,Lower middle income,Developing,Asia_Lower middle income
Philippines,2022,Asia,Southeast Asia,Lower middle income,Developing,Asia_Lower middle income
Philippines,2021,Asia,Southeast Asia,Lower middle income,Developing,Asia_Lower middle income
Philippines,2020,Asia,Southeast Asia,Lower middle income,Developing,Asia_Lower middle income
Philippines,2019,Asia,Southeast Asia,Lower middle income,Developing,Asia_Lower middle income
Philippines,2018,Asia,Southeast Asia,Lower middle income,Developing,Asia_Lower middle income
Philippines,2017,Asia,Southeast Asia,Lower middle income,Developing,Asia_Lower middle income
Philippines,2016,Asia,Southeast Asia,Lower middle income,Developing,Asia_Lower middle income
Philippines,2015,Asia,Southeast Asia,Lower middle income,Developing,Asia_Lower middle income
Philippines,2014,Asia,Southeast Asia,Lower middle income,Developing,Asia_Lower middle income
Philippines,2013,Asia,Southeast Asia,Lower middle income,Developing,Asia_Lower middle income
Philippines,2012,Asia,Southeast Asia,Lower middle income,Developing,Asia_Lower middle income
Philippines,2011,Asia,Southeast Asia,Lower middle income,Developing,Asia_Lower middle income
Philippines,2010,Asia,Southeast Asia,Lower middle income,Developing,Asia_Lower middle income
Philippines,2009,Asia,Southeast Asia,Lower middle income,Developing,Asia_Lower middle income
Philippines,2008,Asia,Southeast Asia,Lower middle income,Developing,Asia_Lower middle income
Philippines,2007,Asia,Southeast Asia,Lower middle income,Developing,Asia_Lower middle income
Philippines,2006,Asia,Southeast Asia,Lower middle income,Developing,Asia_Lower middle income
Philippines,2005,Asia,Southeast Asia,Lower middle income,Developing,Asia_Lower middle income
Philippines,2004,Asia,Southeast Asia,Lower middle income,Developing,Asia_Lower middle income
Philippines,2003,Asia,Southeast Asia,Lower middle income,Developing,Asia_Lower middle income
Philippines,2002,Asia,Southeast Asia,Lower middle income,Developing,Asia_Lower middle income
Philippines,2001,Asia,Southeast Asia,Lower middle income,Developing,Asia_Lower middle income
Philippines,2000,Asia,Southeast Asia,Lower middle income,Developing,Asia_Lower middle income
Philippines,1999,Asia,Southeast Asia,Lower middle income,Developing,Asia_Lower middle income
Philippines,1998,Asia,Southeast Asia,Lower middle income,Developing,Asia_Lower middle income
Philippines,1997,Asia,Southeast Asia,Lower middle income,Developing,Asia_Lower middle income
Philippines,1996,Asia,Southeast Asia,Lower middle income,Developing,Asia_Lower middle income
Philippines,1995,Asia,Southeast Asia,Lower middle income,Developing,Asia_Lower middle income
Philippines,1994,Asia,Southeast Asia,Lower middle income,Developing,Asia_Lower middle income
Philippines,1993,Asia,Southeast Asia,Lower middle income,Developing,Asia_Lower middle income
Philippines,1992,Asia,Southeast Asia,Lower middle income,Developing,Asia_Lower middle income
Philippines,1991,Asia,Southeast Asia,Lower middle income,Developing,Asia_Lower middle income
Philippines,1990,Asia,Southeast Asia,Lower middle income,Developing,Asia_Lower middle income
Philippines,1989,Asia,Southeast Asia,Lower middle income,Developing,Asia_Lower middle income
Philippines,1988,Asia,Southeast Asia,Lower middle income,Developing,Asia_Lower middle income
Philippines,1987,Asia,Southeast Asia,Lower middle income,Developing,Asia_Lower middle income
Philippines,1986,Asia,Southeast Asia,Lower middle income,Developing,Asia_Lower middle income
Philippines,1985,Asia,Southeast Asia,Lower middle income,Developing,Asia_Lower middle income
Philippines,1984,Asia,Southeast Asia,Lower middle income,Developing,Asia_Lower middle income
Philippines,1983,Asia,Southeast Asia,Lower middle income,Developing,Asia_Lower middle income
Philippines,1982,Asia,Southeast Asia,Lower middle income,Developing,Asia_Lower middle income
Philippines,1981,Asia,Southeast Asia,Lower middle income,Developing,Asia_Lower middle income
Philippines,1980,Asia,Southeast Asia,Lower middle income,Developing,Asia_Lower middle income
Philippines,1979,Asia,Southeast Asia,Lower middle income,Developing,Asia_Lower middle income
Philippines,1978,Asia,Southeast Asia,Lower middle income,Developing,Asia_Lower middle income
Philippines,1977,Asia,Southeast Asia,Lower middle income,Developing,Asia_Lower middle income
Philippines,1976,Asia,Southeast Asia,Lower middle income,Developing,Asia_Lower middle income
Philippines,1975,Asia,Southeast Asia,Lower middle income,Developing,Asia_Lower middle income
Philippines,1974,Asia,Southeast Asia,Lower middle income,Developing,Asia_Lower middle income
Poland,2024,Europe,Eastern Europe,High income,Developed,Europe_High income
Poland,2023,Europe,Eastern Europe,High income,Developed,Europe_High income
Poland,2022,Europe,Eastern Europe,High income,Developed,Europe_High income
Poland,2021,Europe,Eastern Europe,High income,Developed,Europe_High income
Poland,2020,Europe,Eastern Europe,High income,Developed,Europe_High income
Poland,2019,Europe,Eastern Europe,High income,Developed,Europe_High income
Poland,2018,Europe,Eastern Europe,High income,Developed,Europe_High income
Poland,2017,Europe,Eastern Europe,High income,Developed,Europe_High income
Poland,2016,Europe,Eastern Europe,High income,Developed,Europe_High income
Poland,2015,Europe,Eastern Europe,High income,Developed,Europe_High income
Poland,2014,Europe,Eastern Europe,High income,Developed,Europe_High income
Poland,2013,Europe,Eastern Europe,High income,Developed,Europe_High income
Poland,2012,Europe,Eastern Europe,High income,Developed,Europe_High income
Poland,2011,Europe,Eastern Europe,High income,Developed,Europe_High income
Poland,2010,Europe,Eastern Europe,High income,Developed,Europe_High income
Poland,2009,Europe,Eastern Europe,High income,Developed,Europe_High income
Poland,2008,Europe,Eastern Europe,High income,Developed,Europe_High income
Poland,2007,Europe,Eastern Europe,High income,Developed,Europe_High income
Poland,2006,Europe,Eastern Europe,High income,Developed,Europe_High income
Poland,2005,Europe,Eastern Europe,High income,Developed,Europe_High income
Poland,2004,Europe,Eastern Europe,High income,Developed,Europe_High income
Poland,2003,Europe,Eastern Europe,High income,Developed,Europe_High income
Poland,2002,Europe,Eastern Europe,High income,Developed,Europe_High income
Poland,2001,Europe,Eastern Europe,High income,Developed,Europe_High income
Poland,2000,Europe,Eastern Europe,High income,Developed,Europe_High income
Poland,1999,Europe,Eastern Europe,High income,Developed,Europe_High income
Poland,1998,Europe,Eastern Europe,High income,Developed,Europe_High income
Poland,1997,Europe,Eastern Europe,High income,Developed,Europe_High income
Poland,1996,Europe,Eastern Europe,High income,Developed,Europe_High income
Poland,1995,Europe,Eastern Europe,High income,Developed,Europe_High income
Poland,1994,Europe,Eastern Europe,High income,Developed,Europe_High income
Poland,1993,Europe,Eastern Europe,High income,Developed,Europe_High income
Poland,1992,Europe,Eastern Europe,High income,Developed,Europe_High income
Poland,1991,Europe,Eastern Europe,High income,Developed,Europe_High income
Poland,1990,Europe,Eastern Europe,High income,Developed,Europe_High income
Poland,1989,Europe,Eastern Europe,High income,Developed,Europe_High income
Poland,1988,Europe,Eastern Europe,High income,Developed,Europe_High income
Poland,1987,Europe,Eastern Europe,High income,Developed,Europe_High income
Poland,1986,Europe,Eastern Europe,High income,Developed,Europe_High income
Poland,1985,Europe,Eastern Europe,High income,Developed,Europe_High income
Poland,1984,Europe,Eastern Europe,High income,Developed,Europe_High income
Poland,1983,Europe,Eastern Europe,High income,Developed,Europe_High income
Poland,1982,Europe,Eastern Europe,High income,Developed,Europe_High income
Poland,1981,Europe,Eastern Europe,High income,Developed,Europe_High income
Poland,1980,Europe,Eastern Europe,High income,Developed,Europe_High income
Poland,1979,Europe,Eastern Europe,High income,Developed,Europe_High income
Poland,1978,Europe,Eastern Europe,High income,Developed,Europe_High income
Poland,1977,Europe,Eastern Europe,High income,Developed,Europe_High income
Poland,1976,Europe,Eastern Europe,High income,Developed,Europe_High income
Poland,1975,Europe,Eastern Europe,High income,Developed,Europe_High income
Poland,1974,Europe,Eastern Europe,High income,Developed,Europe_High income
Portugal,2024,Europe,Southern Europe,High income,Developed,Europe_High income
Portugal,2023,Europe,Southern Europe,High income,Developed,Europe_High income
Portugal,2022,Europe,Southern Europe,High income,Developed,Europe_High income
Portugal,2021,Europe,Southern Europe,High income,Developed,Europe_High income
Portugal,2020,Europe,Southern Europe,High income,Developed,Europe_High income
Portugal,2019,Europe,Southern Europe,High income,Developed,Europe_High income
Portugal,2018,Europe,Southern Europe,High income,Developed,Europe_High income
Portugal,2017,Europe,Southern Europe,High income,Developed,Europe_High income
Portugal,2016,Europe,Southern Europe,High income,Developed,Europe_High income
Portugal,2015,Europe,Southern Europe,High income,Developed,Europe_High income
Portugal,2014,Europe,Southern Europe,High income,Developed,Europe_High income
Portugal,2013,Europe,Southern Europe,High income,Developed,Europe_High income
Portugal,2012,Europe,Southern Europe,High income,Developed,Europe_High income
Portugal,2011,Europe,Southern Europe,High income,Developed,Europe_High income
Portugal,2010,Europe,Southern Europe,High income,Developed,Europe_High income
Portugal,2009,Europe,Southern Europe,High income,Developed,Europe_High income
Portugal,2008,Europe,Southern Europe,High income,Developed,Europe_High income
Portugal,2007,Europe,Southern Europe,High income,Developed,Europe_High income
Portugal,2006,Europe,Southern Europe,High income,Developed,Europe_High income
Portugal,2005,Europe,Southern Europe,High income,Developed,Europe_High income
Portugal,2004,Europe,Southern Europe,High income,Developed,Europe_High income
Portugal,2003,Europe,Southern Europe,High income,Developed,Europe_High income
Portugal,2002,Europe,Southern Europe,High income,Developed,Europe_High income
Portugal,2001,Europe,Southern Europe,High income,Developed,Europe_High income
Portugal,2000,Europe,Southern Europe,High income,Developed,Europe_High income
Portugal,1999,Europe,Southern Europe,High income,Developed,Europe_High income
Portugal,1998,Europe,Southern Europe,High income,Developed,Europe_High income
Portugal,1997,Europe,Southern Europe,High income,Developed,Europe_High income
Portugal,1996,Europe,Southern Europe,High income,Developed,Europe_High income
Portugal,1995,Europe,Southern Europe,High income,Developed,Europe_High income
Portugal,1994,Europe,Southern Europe,High income,Developed,Europe_High income
Portugal,1993,Europe,Southern Europe,High income,Developed,Europe_High income
Portugal,1992,Europe,Southern Europe,High income,Developed,Europe_High income
Portugal,1991,Europe,Southern Europe,High income,Developed,Europe_High income
Portugal,1990,Europe,Southern Europe,High income,Developed,Europe_High income
Portugal,1989,Europe,Southern Europe,High income,Developed,Europe_High income
Portugal,1988,Europe,Southern Europe,High income,Developed,Europe_High income
Portugal,1987,Europe,Southern Europe,High income,Developed,Europe_High income
Portugal,1986,Europe,Southern Europe,High income,Developed,Europe_High income
Portugal,1985,Europe,Southern Europe,High income,Developed,Europe_High income
Portugal,1984,Europe,Southern Europe,High income,Developed,Europe_High income
Portugal,1983,Europe,Southern Europe,High income,Developed,Europe_High income
Portugal,1982,Europe,Southern Europe,High income,Developed,Europe_High income
Portugal,1981,Europe,Southern Europe,High income,Developed,Europe_High income
Portugal,1980,Europe,Southern Europe,High income,Developed,Europe_High income
Portugal,1979,Europe,Southern Europe,High income,Developed,Europe_High income
Portugal,1978,Europe,Southern Europe,High income,Developed,Europe_High income
Portugal,1977,Europe,Southern Europe,High income,Developed,Europe_High income
Portugal,1976,Europe,Southern Europe,High income,Developed,Europe_High income
Portugal,1975,Europe,Southern Europe,High income,Developed,Europe_High income
Portugal,1974,Europe,Southern Europe,High income,Developed,Europe_High income
Puerto Rico (US),2024,North America,Caribbean,High income,Developing,North America_High income
Puerto Rico (US),2023,North America,Caribbean,High income,Developing,North America_High income
Puerto Rico (US),2022,North America,Caribbean,High income,Developing,North America_High income
Puerto Rico (US),2021,North America,Caribbean,High income,Developing,North America_High income
Puerto Rico (US),2020,North America,Caribbean,High income,Developing,North America_High income
Puerto Rico (US),2019,North America,Caribbean,High income,Developing,North America_High income
Puerto Rico (US),2018,North America,Caribbean,High income,Developing,North America_High income
Puerto Rico (US),2017,North America,Caribbean,High income,Developing,North America_High income
Puerto Rico (US),2016,North America,Caribbean,High income,Developing,North America_High income
Puerto Rico (US),2015,North America,Caribbean,High income,Developing,North America_High income
Puerto Rico (US),2014,North America,Caribbean,High income,Developing,North America_High income
Puerto Rico (US),2013,North America,Caribbean,High income,Developing,North America_High income
Puerto Rico (US),2012,North America,Caribbean,High income,Developing,North America_High income
Puerto Rico (US),2011,North America,Caribbean,High income,Developing,North America_High income
Puerto Rico (US),2010,North America,Caribbean,High income,Developing,North America_High income
Puerto Rico (US),2009,North America,Caribbean,High income,Developing,North America_High income
Puerto Rico (US),2008,North America,Caribbean,High income,Developing,North America_High income
Puerto Rico (US),2007,North America,Caribbean,High income,Developing,North America_High income
Puerto Rico (US),2006,North America,Caribbean,High income,Developing,North America_High income
Puerto Rico (US),2005,North America,Caribbean,High income,Developing,North America_High income
Puerto Rico (US),2004,North America,Caribbean,High income,Developing,North America_High income
Puerto Rico (US),2003,North America,Caribbean,High income,Developing,North America_High income
Puerto Rico (US),2002,North America,Caribbean,High income,Developing,North America_High income
Puerto Rico (US),2001,North America,Caribbean,High income,Developing,North America_High income
Puerto Rico (US),2000,North America,Caribbean,High income,Developing,North America_High income
Puerto Rico (US),1999,North America,Caribbean,High income,Developing,North America_High income
Puerto Rico (US),1998,North America,Caribbean,High income,Developing,North America_High income
Puerto Rico (US),1997,North America,Caribbean,High income,Developing,North America_High income
Puerto Rico (US),1996,North America,Caribbean,High income,Developing,North America_High income
Puerto Rico (US),1995,North America,Caribbean,High income,Developing,North America_High income
Puerto Rico (US),1994,North America,Caribbean,High income,Developing,North America_High income
Puerto Rico (US),1993,North America,Caribbean,High income,Developing,North America_High income
Puerto Rico (US),1992,North America,Caribbean,High income,Developing,North America_High income
Puerto Rico (US),1991,North America,Caribbean,High income,Developing,North America_High income
Puerto Rico (US),1990,North America,Caribbean,High income,Developing,North America_High income
Puerto Rico (US),1989,North America,Caribbean,High income,Developing,North America_High income
Puerto Rico (US),1988,North America,Caribbean,High income,Developing,North America_High income
Puerto Rico (US),1987,North America,Caribbean,High income,Developing,North America_High income
Puerto Rico (US),1986,North America,Caribbean,High income,Developing,North America_High income
Puerto Rico (US),1985,North America,Caribbean,High income,Developing,North America_High income
Puerto Rico (US),1984,North America,Caribbean,High income,Developing,North America_High income
Puerto Rico (US),1983,North America,Caribbean,High income,Developing,North America_High income
Puerto Rico (US),1982,North America,Caribbean,High income,Developing,North America_High income
Puerto Rico (US),1981,North America,Caribbean,High income,Developing,North America_High income
Puerto Rico (US),1980,North America,Caribbean,High income,Developing,North America_High income
Puerto Rico (US),1979,North America,Caribbean,High income,Developing,North America_High income
Puerto Rico (US),1978,North America,Caribbean,High income,Developing,North America_High income
Puerto Rico (US),1977,North America,Caribbean,High income,Developing,North America_High income
Puerto Rico (US),1976,North America,Caribbean,High income,Developing,North America_High income
Puerto Rico (US),1975,North America,Caribbean,High income,Developing,North America_High income
Puerto Rico (US),1974,North America,Caribbean,High income,Developing,North America_High income
Qatar,2024,Asia,Middle East,High income,Developing,Asia_High income
Qatar,2023,Asia,Middle East,High income,Developing,Asia_High income
Qatar,2022,Asia,Middle East,High income,Developing,Asia_High income
Qatar,2021,Asia,Middle East,High income,Developing,Asia_High income
Qatar,2020,Asia,Middle East,High income,Developing,Asia_High income
Qatar,2019,Asia,Middle East,High income,Developing,Asia_High income
Qatar,2018,Asia,Middle East,High income,Developing,Asia_High income
Qatar,2017,Asia,Middle East,High income,Developing,Asia_High income
Qatar,2016,Asia,Middle East,High income,Developing,Asia_High income
Qatar,2015,Asia,Middle East,High income,Developing,Asia_High income
Qatar,2014,Asia,Middle East,High income,Developing,Asia_High income
Qatar,2013,Asia,Middle East,High income,Developing,Asia_High income
Qatar,2012,Asia,Middle East,High income,Developing,Asia_High income
Qatar,2011,Asia,Middle East,High income,Developing,Asia_High income
Qatar,2010,Asia,Middle East,High income,Developing,Asia_High income
Qatar,2009,Asia,Middle East,High income,Developing,Asia_High income
Qatar,2008,Asia,Middle East,High income,Developing,Asia_High income
Qatar,2007,Asia,Middle East,High income,Developing,Asia_High income
Qatar,2006,Asia,Middle East,High income,Developing,Asia_High income
Qatar,2005,Asia,Middle East,High income,Developing,Asia_High income
Qatar,2004,Asia,Middle East,High income,Developing,Asia_High income
Qatar,2003,Asia,Middle East,High income,Developing,Asia_High income
Qatar,2002,Asia,Middle East,High income,Developing,Asia_High income
Qatar,2001,Asia,Middle East,High income,Developing,Asia_High income
Qatar,2000,Asia,Middle East,High income,Developing,Asia_High income
Qatar,1999,Asia,Middle East,High income,Developing,Asia_High income
Qatar,1998,Asia,Middle East,High income,Developing,Asia_High income
Qatar,1997,Asia,Middle East,High income,Developing,Asia_High income
Qatar,1996,Asia,Middle East,High income,Developing,Asia_High income
Qatar,1995,Asia,Middle East,High income,Developing,Asia_High income
Qatar,1994,Asia,Middle East,High income,Developing,Asia_High income
Qatar,1993,Asia,Middle East,High income,Developing,Asia_High income
Qatar,1992,Asia,Middle East,High income,Developing,Asia_High income
Qatar,1991,Asia,Middle East,High income,Developing,Asia_High income
Qatar,1990,Asia,Middle East,High income,Developing,Asia_High income
Qatar,1989,Asia,Middle East,High income,Developing,Asia_High income
Qatar,1988,Asia,Middle East,High income,Developing,Asia_High income
Qatar,1987,Asia,Middle East,High income,Developing,Asia_High income
Qatar,1986,Asia,Middle East,High income,Developing,Asia_High income
Qatar,1985,Asia,Middle East,High income,Developing,Asia_High income
Qatar,1984,Asia,Middle East,High income,Developing,Asia_High income
Qatar,1983,Asia,Middle East,High income,Developing,Asia_High income
Qatar,1982,Asia,Middle East,High income,Developing,Asia_High income
Qatar,1981,Asia,Middle East,High income,Developing,Asia_High income
Qatar,1980,Asia,Middle East,High income,Developing,Asia_High income
Qatar,1979,Asia,Middle East,High income,Developing,Asia_High income
Qatar,1978,Asia,Middle East,High income,Developing,Asia_High income
Qatar,1977,Asia,Middle East,High income,Developing,Asia_High income
Qatar,1976,Asia,Middle East,High income,Developing,Asia_High income
Qatar,1975,Asia,Middle East,High income,Developing,Asia_High income
Qatar,1974,Asia,Middle East,High income,Developing,Asia_High income
Romania,2024,Europe,Eastern Europe,High income,Developing,Europe_High income
Romania,2023,Europe,Eastern Europe,High income,Developing,Europe_High income
Romania,2022,Europe,Eastern Europe,High income,Developing,Europe_High income
Romania,2021,Europe,Eastern Europe,High income,Developing,Europe_High income
Romania,2020,Europe,Eastern Europe,High income,Developing,Europe_High income
Romania,2019,Europe,Eastern Europe,High income,Developing,Europe_High income
Romania,2018,Europe,Eastern Europe,High income,Developing,Europe_High income
Romania,2017,Europe,Eastern Europe,High income,Developing,Europe_High income
Romania,2016,Europe,Eastern Europe,High income,Developing,Europe_High income
Romania,2015,Europe,Eastern Europe,High income,Developing,Europe_High income
Romania,2014,Europe,Eastern Europe,High income,Developing,Europe_High income
Romania,2013,Europe,Eastern Europe,High income,Developing,Europe_High income
Romania,2012,Europe,Eastern Europe,High income,Developing,Europe_High income
Romania,2011,Europe,Eastern Europe,High income,Developing,Europe_High income
Romania,2010,Europe,Eastern Europe,High income,Developing,Europe_High income
Romania,2009,Europe,Eastern Europe,High income,Developing,Europe_High income
Romania,2008,Europe,Eastern Europe,High income,Developing,Europe_High income
Romania,2007,Europe,Eastern Europe,High income,Developing,Europe_High income
Romania,2006,Europe,Eastern Europe,High income,Developing,Europe_High income
Romania,2005,Europe,Eastern Europe,High income,Developing,Europe_High income
Romania,2004,Europe,Eastern Europe,High income,Developing,Europe_High income
Romania,2003,Europe,Eastern Europe,High income,Developing,Europe_High income
Romania,2002,Europe,Eastern Europe,High income,Developing,Europe_High income
Romania,2001,Europe,Eastern Europe,High income,Developing,Europe_High income
Romania,2000,Europe,Eastern Europe,High income,Developing,Europe_High income
Romania,1999,Europe,Eastern Europe,High income,Developing,Europe_High income
Romania,1998,Europe,Eastern Europe,High income,Developing,Europe_High income
Romania,1997,Europe,Eastern Europe,High income,Developing,Europe_High income
Romania,1996,Europe,Eastern Europe,High income,Developing,Europe_High income
Romania,1995,Europe,Eastern Europe,High income,Developing,Europe_High income
Romania,1994,Europe,Eastern Europe,High income,Developing,Europe_High income
Romania,1993,Europe,Eastern Europe,High income,Developing,Europe_High income
Romania,1992,Europe,Eastern Europe,High income,Developing,Europe_High income
Romania,1991,Europe,Eastern Europe,High income,Developing,Europe_High income
Romania,1990,Europe,Eastern Europe,High income,Developing,Europe_High income
Romania,1989,Europe,Eastern Europe,High income,Developing,Europe_High income
Romania,1988,Europe,Eastern Europe,High income,Developing,Europe_High income
Romania,1987,Europe,Eastern Europe,High income,Developing,Europe_High income
Romania,1986,Europe,Eastern Europe,High income,Developing,Europe_High income
Romania,1985,Europe,Eastern Europe,High income,Developing,Europe_High income
Romania,1984,Europe,Eastern Europe,High income,Developing,Europe_High income
Romania,1983,Europe,Eastern Europe,High income,Developing,Europe_High income
Romania,1982,Europe,Eastern Europe,High income,Developing,Europe_High income
Romania,1981,Europe,Eastern Europe,High income,Developing,Europe_High income
Romania,1980,Europe,Eastern Europe,High income,Developing,Europe_High income
Romania,1979,Europe,Eastern Europe,High income,Developing,Europe_High income
Romania,1978,Europe,Eastern Europe,High income,Developing,Europe_High income
Romania,1977,Europe,Eastern Europe,High income,Developing,Europe_High income
Romania,1976,Europe,Eastern Europe,High income,Developing,Europe_High income
Romania,1975,Europe,Eastern Europe,High income,Developing,Europe_High income
Romania,1974,Europe,Eastern Europe,High income,Developing,Europe_High income
Russian Federation,2024,Europe,Eastern Europe,Upper middle income,Developing,Europe_Upper middle income
Russian Federation,2023,Europe,Eastern Europe,Upper middle income,Developing,Europe_Upper middle income
Russian Federation,2022,Europe,Eastern Europe,Upper middle income,Developing,Europe_Upper middle income
Russian Federation,2021,Europe,Eastern Europe,Upper middle income,Developing,Europe_Upper middle income
Russian Federation,2020,Europe,Eastern Europe,Upper middle income,Developing,Europe_Upper middle income
Russian Federation,2019,Europe,Eastern Europe,Upper middle income,Developing,Europe_Upper middle income
Russian Federation,2018,Europe,Eastern Europe,Upper middle income,Developing,Europe_Upper middle income
Russian Federation,2017,Europe,Eastern Europe,Upper middle income,Developing,Europe_Upper middle income
Russian Federation,2016,Europe,Eastern Europe,Upper middle income,Developing,Europe_Upper middle income
Russian Federation,2015,Europe,Eastern Europe,Upper middle income,Developing,Europe_Upper middle income
Russian Federation,2014,Europe,Eastern Europe,Upper middle income,Developing,Europe_Upper middle income
Russian Federation,2013,Europe,Eastern Europe,Upper middle income,Developing,Europe_Upper middle income
Russian Federation,2012,Europe,Eastern Europe,Upper middle income,Developing,Europe_Upper middle income
Russian Federation,2011,Europe,Eastern Europe,Upper middle income,Developing,Europe_Upper middle income
Russian Federation,2010,Europe,Eastern Europe,Upper middle income,Developing,Europe_Upper middle income
Russian Federation,2009,Europe,Eastern Europe,Upper middle income,Developing,Europe_Upper middle income
Russian Federation,2008,Europe,Eastern Europe,Upper middle income,Developing,Europe_Upper middle income
Russian Federation,2007,Europe,Eastern Europe,Upper middle income,Developing,Europe_Upper middle income
Russian Federation,2006,Europe,Eastern Europe,Upper middle income,Developing,Europe_Upper middle income
Russian Federation,2005,Europe,Eastern Europe,Upper middle income,Developing,Europe_Upper middle income
Russian Federation,2004,Europe,Eastern Europe,Upper middle income,Developing,Europe_Upper middle income
Russian Federation,2003,Europe,Eastern Europe,Upper middle income,Developing,Europe_Upper middle income
Russian Federation,2002,Europe,Eastern Europe,Upper middle income,Developing,Europe_Upper middle income
Russian Federation,2001,Europe,Eastern Europe,Upper middle income,Developing,Europe_Upper middle income
Russian Federation,2000,Europe,Eastern Europe,Upper middle income,Developing,Europe_Upper middle income
Russian Federation,1999,Europe,Eastern Europe,Upper middle income,Developing,Europe_Upper middle income
Russian Federation,1998,Europe,Eastern Europe,Upper middle income,Developing,Europe_Upper middle income
Russian Federation,1997,Europe,Eastern Europe,Upper middle income,Developing,Europe_Upper middle income
Russian Federation,1996,Europe,Eastern Europe,Upper middle income,Developing,Europe_Upper middle income
Russian Federation,1995,Europe,Eastern Europe,Upper middle income,Developing,Europe_Upper middle income
Russian Federation,1994,Europe,Eastern Europe,Upper middle income,Developing,Europe_Upper middle income
Russian Federation,1993,Europe,Eastern Europe,Upper middle income,Developing,Europe_Upper middle income
Russian Federation,1992,Europe,Eastern Europe,Upper middle income,Developing,Europe_Upper middle income
Russian Federation,1991,Europe,Eastern Europe,Upper middle income,Developing,Europe_Upper middle income
Russian Federation,1990,Europe,Eastern Europe,Upper middle income,Developing,Europe_Upper middle income
Russian Federation,1989,Europe,Eastern Europe,Upper middle income,Developing,Europe_Upper middle income
Russian Federation,1988,Europe,Eastern Europe,Upper middle income,Developing,Europe_Upper middle income
Russian Federation,1987,Europe,Eastern Europe,Upper middle income,Developing,Europe_Upper middle income
Russian Federation,1986,Europe,Eastern Europe,Upper middle income,Developing,Europe_Upper middle income
Russian Federation,1985,Europe,Eastern Europe,Upper middle income,Developing,Europe_Upper middle income
Russian Federation,1984,Europe,Eastern Europe,Upper middle income,Developing,Europe_Upper middle income
Russian Federation,1983,Europe,Eastern Europe,Upper middle income,Developing,Europe_Upper middle income
Russian Federation,1982,Europe,Eastern Europe,Upper middle income,Developing,Europe_Upper middle income
Russian Federation,1981,Europe,Eastern Europe,Upper middle income,Developing,Europe_Upper middle income
Russian Federation,1980,Europe,Eastern Europe,Upper middle income,Developing,Europe_Upper middle income
Russian Federation,1979,Europe,Eastern Europe,Upper middle income,Developing,Europe_Upper middle income
Russian Federation,1978,Europe,Eastern Europe,Upper middle income,Developing,Europe_Upper middle income
Russian Federation,1977,Europe,Eastern Europe,Upper middle income,Developing,Europe_Upper middle income
Russian Federation,1976,Europe,Eastern Europe,Upper middle income,Developing,Europe_Upper middle income
Russian Federation,1975,Europe,Eastern Europe,Upper middle income,Developing,Europe_Upper middle income
Russian Federation,1974,Europe,Eastern Europe,Upper middle income,Developing,Europe_Upper middle income
Rwanda,2024,Africa,East Africa,Low income,Developing,Africa_Low income
Rwanda,2023,Africa,East Africa,Low income,Developing,Africa_Low income
Rwanda,2022,Africa,East Africa,Low income,Developing,Africa_Low income
Rwanda,2021,Africa,East Africa,Low income,Developing,Africa_Low income
Rwanda,2020,Africa,East Africa,Low income,Developing,Africa_Low income
Rwanda,2019,Africa,East Africa,Low income,Developing,Africa_Low income
Rwanda,2018,Africa,East Africa,Low income,Developing,Africa_Low income
Rwanda,2017,Africa,East Africa,Low income,Developing,Africa_Low income
Rwanda,2016,Africa,East Africa,Low income,Developing,Africa_Low income
Rwanda,2015,Africa,East Africa,Low income,Developing,Africa_Low income
Rwanda,2014,Africa,East Africa,Low income,Developing,Africa_Low income
Rwanda,2013,Africa,East Africa,Low income,Developing,Africa_Low income
Rwanda,2012,Africa,East Africa,Low income,Developing,Africa_Low income
Rwanda,2011,Africa,East Africa,Low income,Developing,Africa_Low income
Rwanda,2010,Africa,East Africa,Low income,Developing,Africa_Low income
Rwanda,2009,Africa,East Africa,Low income,Developing,Africa_Low income
Rwanda,2008,Africa,East Africa,Low income,Developing,Africa_Low income
Rwanda,2007,Africa,East Africa,Low income,Developing,Africa_Low income
Rwanda,2006,Africa,East Africa,Low income,Developing,Africa_Low income
Rwanda,2005,Africa,East Africa,Low income,Developing,Africa_Low income
Rwanda,2004,Africa,East Africa,Low income,Developing,Africa_Low income
Rwanda,2003,Africa,East Africa,Low income,Developing,Africa_Low income
Rwanda,2002,Africa,East Africa,Low income,Developing,Africa_Low income
Rwanda,2001,Africa,East Africa,Low income,Developing,Africa_Low income
Rwanda,2000,Africa,East Africa,Low income,Developing,Africa_Low income
Rwanda,1999,Africa,East Africa,Low income,Developing,Africa_Low income
Rwanda,1998,Africa,East Africa,Low income,Developing,Africa_Low income
Rwanda,1997,Africa,East Africa,Low income,Developing,Africa_Low income
Rwanda,1996,Africa,East Africa,Low income,Developing,Africa_Low income
Rwanda,1995,Africa,East Africa,Low income,Developing,Africa_Low income
Rwanda,1994,Africa,East Africa,Low income,Developing,Africa_Low income
Rwanda,1993,Africa,East Africa,Low income,Developing,Africa_Low income
Rwanda,1992,Africa,East Africa,Low income,Developing,Africa_Low income
Rwanda,1991,Africa,East Africa,Low income,Developing,Africa_Low income
Rwanda,1990,Africa,East Africa,Low income,Developing,Africa_Low income
Rwanda,1989,Africa,East Africa,Low income,Developing,Africa_Low income
Rwanda,1988,Africa,East Africa,Low income,Developing,Africa_Low income
Rwanda,1987,Africa,East Africa,Low income,Developing,Africa_Low income
Rwanda,1986,Africa,East Africa,Low income,Developing,Africa_Low income
Rwanda,1985,Africa,East Africa,Low income,Developing,Africa_Low income
Rwanda,1984,Africa,East Africa,Low income,Developing,Africa_Low income
Rwanda,1983,Africa,East Africa,Low income,Developing,Africa_Low income
Rwanda,1982,Africa,East Africa,Low income,Developing,Africa_Low income
Rwanda,1981,Africa,East Africa,Low income,Developing,Africa_Low income
Rwanda,1980,Africa,East Africa,Low income,Developing,Africa_Low income
Rwanda,1979,Africa,East Africa,Low income,Developing,Africa_Low income
Rwanda,1978,Africa,East Africa,Low income,Developing,Africa_Low income
Rwanda,1977,Africa,East Africa,Low income,Developing,Africa_Low income
Rwanda,1976,Africa,East Africa,Low income,Developing,Africa_Low income
Rwanda,1975,Africa,East Africa,Low income,Developing,Africa_Low income
Rwanda,1974,Africa,East Africa,Low income,Developing,Africa_Low income
Samoa,2024,Oceania,Polynesia,Lower middle income,Developing,Oceania_Lower middle income
Samoa,2023,Oceania,Polynesia,Lower middle income,Developing,Oceania_Lower middle income
Samoa,2022,Oceania,Polynesia,Lower middle income,Developing,Oceania_Lower middle income
Samoa,2021,Oceania,Polynesia,Lower middle income,Developing,Oceania_Lower middle income
Samoa,2020,Oceania,Polynesia,Lower middle income,Developing,Oceania_Lower middle income
Samoa,2019,Oceania,Polynesia,Lower middle income,Developing,Oceania_Lower middle income
Samoa,2018,Oceania,Polynesia,Lower middle income,Developing,Oceania_Lower middle income
Samoa,2017,Oceania,Polynesia,Lower middle income,Developing,Oceania_Lower middle income
Samoa,2016,Oceania,Polynesia,Lower middle income,Developing,Oceania_Lower middle income
Samoa,2015,Oceania,Polynesia,Lower middle income,Developing,Oceania_Lower middle income
Samoa,2014,Oceania,Polynesia,Lower middle income,Developing,Oceania_Lower middle income
Samoa,2013,Oceania,Polynesia,Lower middle income,Developing,Oceania_Lower middle income
Samoa,2012,Oceania,Polynesia,Lower middle income,Developing,Oceania_Lower middle income
Samoa,2011,Oceania,Polynesia,Lower middle income,Developing,Oceania_Lower middle income
Samoa,2010,Oceania,Polynesia,Lower middle income,Developing,Oceania_Lower middle income
Samoa,2009,Oceania,Polynesia,Lower middle income,Developing,Oceania_Lower middle income
Samoa,2008,Oceania,Polynesia,Lower middle income,Developing,Oceania_Lower middle income
Samoa,2007,Oceania,Polynesia,Lower middle income,Developing,Oceania_Lower middle income
Samoa,2006,Oceania,Polynesia,Lower middle income,Developing,Oceania_Lower middle income
Samoa,2005,Oceania,Polynesia,Lower middle income,Developing,Oceania_Lower middle income
Samoa,2004,Oceania,Polynesia,Lower middle income,Developing,Oceania_Lower middle income
Samoa,2003,Oceania,Polynesia,Lower middle income,Developing,Oceania_Lower middle income
Samoa,2002,Oceania,Polynesia,Lower middle income,Developing,Oceania_Lower middle income
Samoa,2001,Oceania,Polynesia,Lower middle income,Developing,Oceania_Lower middle income
Samoa,2000,Oceania,Polynesia,Lower middle income,Developing,Oceania_Lower middle income
Samoa,1999,Oceania,Polynesia,Lower middle income,Developing,Oceania_Lower middle income
Samoa,1998,Oceania,Polynesia,Lower middle income,Developing,Oceania_Lower middle income
Samoa,1997,Oceania,Polynesia,Lower middle income,Developing,Oceania_Lower middle income
Samoa,1996,Oceania,Polynesia,Lower middle income,Developing,Oceania_Lower middle income
Samoa,1995,Oceania,Polynesia,Lower middle income,Developing,Oceania_Lower middle income
Samoa,1994,Oceania,Polynesia,Lower middle income,Developing,Oceania_Lower middle income
Samoa,1993,Oceania,Polynesia,Lower middle income,Developing,Oceania_Lower middle income
Samoa,1992,Oceania,Polynesia,Lower middle income,Developing,Oceania_Lower middle income
Samoa,1991,Oceania,Polynesia,Lower middle income,Developing,Oceania_Lower middle income
Samoa,1990,Oceania,Polynesia,Lower middle income,Developing,Oceania_Lower middle income
Samoa,1989,Oceania,Polynesia,Lower middle income,Developing,Oceania_Lower middle income
Samoa,1988,Oceania,Polynesia,Lower middle income,Developing,Oceania_Lower middle income
Samoa,1987,Oceania,Polynesia,Lower middle income,Developing,Oceania_Lower middle income
Samoa,1986,Oceania,Polynesia,Lower middle income,Developing,Oceania_Lower middle income
Samoa,1985,Oceania,Polynesia,Lower middle income,Developing,Oceania_Lower middle income
Samoa,1984,Oceania,Polynesia,Lower middle income,Developing,Oceania_Lower middle income
Samoa,1983,Oceania,Polynesia,Lower middle income,Developing,Oceania_Lower middle income
Samoa,1982,Oceania,Polynesia,Lower middle income,Developing,Oceania_Lower middle income
Samoa,1981,Oceania,Polynesia,Lower middle income,Developing,Oceania_Lower middle income
Samoa,1980,Oceania,Polynesia,Lower middle income,Developing,Oceania_Lower middle income
Samoa,1979,Oceania,Polynesia,Lower middle income,Developing,Oceania_Lower middle income
Samoa,1978,Oceania,Polynesia,Lower middle income,Developing,Oceania_Lower middle income
Samoa,1977,Oceania,Polynesia,Lower middle income,Developing,Oceania_Lower middle income
Samoa,1976,Oceania,Polynesia,Lower middle income,Developing,Oceania_Lower middle income
Samoa,1975,Oceania,Polynesia,Lower middle income,Developing,Oceania_Lower middle income
Samoa,1974,Oceania,Polynesia,Lower middle income,Developing,Oceania_Lower middle income
San Marino,2024,Europe,Southern Europe,High income,Developed,Europe_High income
San Marino,2023,Europe,Southern Europe,High income,Developed,Europe_High income
San Marino,2022,Europe,Southern Europe,High income,Developed,Europe_High income
San Marino,2021,Europe,Southern Europe,High income,Developed,Europe_High income
San Marino,2020,Europe,Southern Europe,High income,Developed,Europe_High income
San Marino,2019,Europe,Southern Europe,High income,Developed,Europe_High income
San Marino,2018,Europe,Southern Europe,High income,Developed,Europe_High income
San Marino,2017,Europe,Southern Europe,High income,Developed,Europe_High income
San Marino,2016,Europe,Southern Europe,High income,Developed,Europe_High income
San Marino,2015,Europe,Southern Europe,High income,Developed,Europe_High income
San Marino,2014,Europe,Southern Europe,High income,Developed,Europe_High income
San Marino,2013,Europe,Southern Europe,High income,Developed,Europe_High income
San Marino,2012,Europe,Southern Europe,High income,Developed,Europe_High income
San Marino,2011,Europe,Southern Europe,High income,Developed,Europe_High income
San Marino,2010,Europe,Southern Europe,High income,Developed,Europe_High income
San Marino,2009,Europe,Southern Europe,High income,Developed,Europe_High income
San Marino,2008,Europe,Southern Europe,High income,Developed,Europe_High income
San Marino,2007,Europe,Southern Europe,High income,Developed,Europe_High income
San Marino,2006,Europe,Southern Europe,High income,Developed,Europe_High income
San Marino,2005,Europe,Southern Europe,High income,Developed,Europe_High income
San Marino,2004,Europe,Southern Europe,High income,Developed,Europe_High income
San Marino,2003,Europe,Southern Europe,High income,Developed,Europe_High income
San Marino,2002,Europe,Southern Europe,High income,Developed,Europe_High income
San Marino,2001,Europe,Southern Europe,High income,Developed,Europe_High income
San Marino,2000,Europe,Southern Europe,High income,Developed,Europe_High income
San Marino,1999,Europe,Southern Europe,High income,Developed,Europe_High income
San Marino,1998,Europe,Southern Europe,High income,Developed,Europe_High income
San Marino,1997,Europe,Southern Europe,High income,Developed,Europe_High income
San Marino,1996,Europe,Southern Europe,High income,Developed,Europe_High income
San Marino,1995,Europe,Southern Europe,High income,Developed,Europe_High income
San Marino,1994,Europe,Southern Europe,High income,Developed,Europe_High income
San Marino,1993,Europe,Southern Europe,High income,Developed,Europe_High income
San Marino,1992,Europe,Southern Europe,High income,Developed,Europe_High income
San Marino,1991,Europe,Southern Europe,High income,Developed,Europe_High income
San Marino,1990,Europe,Southern Europe,High income,Developed,Europe_High income
San Marino,1989,Europe,Southern Europe,High income,Developed,Europe_High income
San Marino,1988,Europe,Southern Europe,High income,Developed,Europe_High income
San Marino,1987,Europe,Southern Europe,High income,Developed,Europe_High income
San Marino,1986,Europe,Southern Europe,High income,Developed,Europe_High income
San Marino,1985,Europe,Southern Europe,High income,Developed,Europe_High income
San Marino,1984,Europe,Southern Europe,High income,Developed,Europe_High income
San Marino,1983,Europe,Southern Europe,High income,Developed,Europe_High income
San Marino,1982,Europe,Southern Europe,High income,Developed,Europe_High income
San Marino,1981,Europe,Southern Europe,High income,Developed,Europe_High income
San Marino,1980,Europe,Southern Europe,High income,Developed,Europe_High income
San Marino,1979,Europe,Southern Europe,High income,Developed,Europe_High income
San Marino,1978,Europe,Southern Europe,High income,Developed,Europe_High income
San Marino,1977,Europe,Southern Europe,High income,Developed,Europe_High income
San Marino,1976,Europe,Southern Europe,High income,Developed,Europe_High income
San Marino,1975,Europe,Southern Europe,High income,Developed,Europe_High income
San Marino,1974,Europe,Southern Europe,High income,Developed,Europe_High income
Sao Tome and Principe,2024,Africa,Central Africa,Lower middle income,Developing,Africa_Lower middle income
Sao Tome and Principe,2023,Africa,Central Africa,Lower middle income,Developing,Africa_Lower middle income
Sao Tome and Principe,2022,Africa,Central Africa,Lower middle income,Developing,Africa_Lower middle income
Sao Tome and Principe,2021,Africa,Central Africa,Lower middle income,Developing,Africa_Lower middle income
Sao Tome and Principe,2020,Africa,Central Africa,Lower middle income,Developing,Africa_Lower middle income
Sao Tome and Principe,2019,Africa,Central Africa,Lower middle income,Developing,Africa_Lower middle income
Sao Tome and Principe,2018,Africa,Central Africa,Lower middle income,Developing,Africa_Lower middle income
Sao Tome and Principe,2017,Africa,Central Africa,Lower middle income,Developing,Africa_Lower middle income
Sao Tome and Principe,2016,Africa,Central Africa,Lower middle income,Developing,Africa_Lower middle income
Sao Tome and Principe,2015,Africa,Central Africa,Lower middle income,Developing,Africa_Lower middle income
Sao Tome and Principe,2014,Africa,Central Africa,Lower middle income,Developing,Africa_Lower middle income
Sao Tome and Principe,2013,Africa,Central Africa,Lower middle income,Developing,Africa_Lower middle income
Sao Tome and Principe,2012,Africa,Central Africa,Lower middle income,Developing,Africa_Lower middle income
Sao Tome and Principe,2011,Africa,Central Africa,Lower middle income,Developing,Africa_Lower middle income
Sao Tome and Principe,2010,Africa,Central Africa,Lower middle income,Developing,Africa_Lower middle income
Sao Tome and Principe,2009,Africa,Central Africa,Lower middle income,Developing,Africa_Lower middle income
Sao Tome and Principe,2008,Africa,Central Africa,Lower middle income,Developing,Africa_Lower middle income
Sao Tome and Principe,2007,Africa,Central Africa,Lower middle income,Developing,Africa_Lower middle income
Sao Tome and Principe,2006,Africa,Central Africa,Lower middle income,Developing,Africa_Lower middle income
Sao Tome and Principe,2005,Africa,Central Africa,Lower middle income,Developing,Africa_Lower middle income
Sao Tome and Principe,2004,Africa,Central Africa,Lower middle income,Developing,Africa_Lower middle income
Sao Tome and Principe,2003,Africa,Central Africa,Lower middle income,Developing,Africa_Lower middle income
Sao Tome and Principe,2002,Africa,Central Africa,Lower middle income,Developing,Africa_Lower middle income
Sao Tome and Principe,2001,Africa,Central Africa,Lower middle income,Developing,Africa_Lower middle income
Sao Tome and Principe,2000,Africa,Central Africa,Lower middle income,Developing,Africa_Lower middle income
Sao Tome and Principe,1999,Africa,Central Africa,Lower middle income,Developing,Africa_Lower middle income
Sao Tome and Principe,1998,Africa,Central Africa,Lower middle income,Developing,Africa_Lower middle income
Sao Tome and Principe,1997,Africa,Central Africa,Lower middle income,Developing,Africa_Lower middle income
Sao Tome and Principe,1996,Africa,Central Africa,Lower middle income,Developing,Africa_Lower middle income
Sao Tome and Principe,1995,Africa,Central Africa,Lower middle income,Developing,Africa_Lower middle income
Sao Tome and Principe,1994,Africa,Central Africa,Lower middle income,Developing,Africa_Lower middle income
Sao Tome and Principe,1993,Africa,Central Africa,Lower middle income,Developing,Africa_Lower middle income
Sao Tome and Principe,1992,Africa,Central Africa,Lower middle income,Developing,Africa_Lower middle income
Sao Tome and Principe,1991,Africa,Central Africa,Lower middle income,Developing,Africa_Lower middle income
Sao Tome and Principe,1990,Africa,Central Africa,Lower middle income,Developing,Africa_Lower middle income
Sao Tome and Principe,1989,Africa,Central Africa,Lower middle income,Developing,Africa_Lower middle income
Sao Tome and Principe,1988,Africa,Central Africa,Lower middle income,Developing,Africa_Lower middle income
Sao Tome and Principe,1987,Africa,Central Africa,Lower middle income,Developing,Africa_Lower middle income
Sao Tome and Principe,1986,Africa,Central Africa,Lower middle income,Developing,Africa_Lower middle income
Sao Tome and Principe,1985,Africa,Central Africa,Lower middle income,Developing,Africa_Lower middle income
Sao Tome and Principe,1984,Africa,Central Africa,Lower middle income,Developing,Africa_Lower middle income
Sao Tome and Principe,1983,Africa,Central Africa,Lower middle income,Developing,Africa_Lower middle income
Sao Tome and Principe,1982,Africa,Central Africa,Lower middle income,Developing,Africa_Lower middle income
Sao Tome and Principe,1981,Africa,Central Africa,Lower middle income,Developing,Africa_Lower middle income
Sao Tome and Principe,1980,Africa,Central Africa,Lower middle income,Developing,Africa_Lower middle income
Sao Tome and Principe,1979,Africa,Central Africa,Lower middle income,Developing,Africa_Lower middle income
Sao Tome and Principe,1978,Africa,Central Africa,Lower middle income,Developing,Africa_Lower middle income
Sao Tome and Principe,1977,Africa,Central Africa,Lower middle income,Developing,Africa_Lower middle income
Sao Tome and Principe,1976,Africa,Central Africa,Lower middle income,Developing,Africa_Lower middle income
Sao Tome and Principe,1975,Africa,Central Africa,Lower middle income,Developing,Africa_Lower middle income
Sao Tome and Principe,1974,Africa,Central Africa,Lower middle income,Developing,Africa_Lower middle income
Saudi Arabia,2024,Asia,Middle East,High income,Developing,Asia_High income
Saudi Arabia,2023,Asia,Middle East,High income,Developing,Asia_High income
Saudi Arabia,2022,Asia,Middle East,High income,Developing,Asia_High income
Saudi Arabia,2021,Asia,Middle East,High income,Developing,Asia_High income
Saudi Arabia,2020,Asia,Middle East,High income,Developing,Asia_High income
Saudi Arabia,2019,Asia,Middle East,High income,Developing,Asia_High income
Saudi Arabia,2018,Asia,Middle East,High income,Developing,Asia_High income
Saudi Arabia,2017,Asia,Middle East,High income,Developing,Asia_High income
Saudi Arabia,2016,Asia,Middle East,High income,Developing,Asia_High income
Saudi Arabia,2015,Asia,Middle East,High income,Developing,Asia_High income
Saudi Arabia,2014,Asia,Middle East,High income,Developing,Asia_High income
Saudi Arabia,2013,Asia,Middle East,High income,Developing,Asia_High income
Saudi Arabia,2012,Asia,Middle East,High income,Developing,Asia_High income
Saudi Arabia,2011,Asia,Middle East,High income,Developing,Asia_High income
Saudi Arabia,2010,Asia,Middle East,High income,Developing,Asia_High income
Saudi Arabia,2009,Asia,Middle East,High income,Developing,Asia_High income
Saudi Arabia,2008,Asia,Middle East,High income,Developing,Asia_High income
Saudi Arabia,2007,Asia,Middle East,High income,Developing,Asia_High income
Saudi Arabia,2006,Asia,Middle East,High income,Developing,Asia_High income
Saudi Arabia,2005,Asia,Middle East,High income,Developing,Asia_High income
Saudi Arabia,2004,Asia,Middle East,High income,Developing,Asia_High income
Saudi Arabia,2003,Asia,Middle East,High income,Developing,Asia_High income
Saudi Arabia,2002,Asia,Middle East,High income,Developing,Asia_High income
Saudi Arabia,2001,Asia,Middle East,High income,Developing,Asia_High income
Saudi Arabia,2000,Asia,Middle East,High income,Developing,Asia_High income
Saudi Arabia,1999,Asia,Middle East,High income,Developing,Asia_High income
Saudi Arabia,1998,Asia,Middle East,High income,Developing,Asia_High income
Saudi Arabia,1997,Asia,Middle East,High income,Developing,Asia_High income
Saudi Arabia,1996,Asia,Middle East,High income,Developing,Asia_High income
Saudi Arabia,1995,Asia,Middle East,High income,Developing,Asia_High income
Saudi Arabia,1994,Asia,Middle East,High income,Developing,Asia_High income
Saudi Arabia,1993,Asia,Middle East,High income,Developing,Asia_High income
Saudi Arabia,1992,Asia,Middle East,High income,Developing,Asia_High income
Saudi Arabia,1991,Asia,Middle East,High income,Developing,Asia_High income
Saudi Arabia,1990,Asia,Middle East,High income,Developing,Asia_High income
Saudi Arabia,1989,Asia,Middle East,High income,Developing,Asia_High income
Saudi Arabia,1988,Asia,Middle East,High income,Developing,Asia_High income
Saudi Arabia,1987,Asia,Middle East,High income,Developing,Asia_High income
Saudi Arabia,1986,Asia,Middle East,High income,Developing,Asia_High income
Saudi Arabia,1985,Asia,Middle East,High income,Developing,Asia_High income
Saudi Arabia,1984,Asia,Middle East,High income,Developing,Asia_High income
Saudi Arabia,1983,Asia,Middle East,High income,Developing,Asia_High income
Saudi Arabia,1982,Asia,Middle East,High income,Developing,Asia_High income
Saudi Arabia,1981,Asia,Middle East,High income,Developing,Asia_High income
Saudi Arabia,1980,Asia,Middle East,High income,Developing,Asia_High income
Saudi Arabia,1979,Asia,Middle East,High income,Developing,Asia_High income
Saudi Arabia,1978,Asia,Middle East,High income,Developing,Asia_High income
Saudi Arabia,1977,Asia,Middle East,High income,Developing,Asia_High income
Saudi Arabia,1976,Asia,Middle East,High income,Developing,Asia_High income
Saudi Arabia,1975,Asia,Middle East,High income,Developing,Asia_High income
Saudi Arabia,1974,Asia,Middle East,High income,Developing,Asia_High income
Senegal,2024,Africa,West Africa,Lower middle income,Developing,Africa_Lower middle income
Senegal,2023,Africa,West Africa,Lower middle income,Developing,Africa_Lower middle income
Senegal,2022,Africa,West Africa,Lower middle income,Developing,Africa_Lower middle income
Senegal,2021,Africa,West Africa,Lower middle income,Developing,Africa_Lower middle income
Senegal,2020,Africa,West Africa,Lower middle income,Developing,Africa_Lower middle income
Senegal,2019,Africa,West Africa,Lower middle income,Developing,Africa_Lower middle income
Senegal,2018,Africa,West Africa,Lower middle income,Developing,Africa_Lower middle income
Senegal,2017,Africa,West Africa,Lower middle income,Developing,Africa_Lower middle income
Senegal,2016,Africa,West Africa,Lower middle income,Developing,Africa_Lower middle income
Senegal,2015,Africa,West Africa,Lower middle income,Developing,Africa_Lower middle income
Senegal,2014,Africa,West Africa,Lower middle income,Developing,Africa_Lower middle income
Senegal,2013,Africa,West Africa,Lower middle income,Developing,Africa_Lower middle income
Senegal,2012,Africa,West Africa,Lower middle income,Developing,Africa_Lower middle income
Senegal,2011,Africa,West Africa,Lower middle income,Developing,Africa_Lower middle income
Senegal,2010,Africa,West Africa,Lower middle income,Developing,Africa_Lower middle income
Senegal,2009,Africa,West Africa,Lower middle income,Developing,Africa_Lower middle income
Senegal,2008,Africa,West Africa,Lower middle income,Developing,Africa_Lower middle income
Senegal,2007,Africa,West Africa,Lower middle income,Developing,Africa_Lower middle income
Senegal,2006,Africa,West Africa,Lower middle income,Developing,Africa_Lower middle income
Senegal,2005,Africa,West Africa,Lower middle income,Developing,Africa_Lower middle income
Senegal,2004,Africa,West Africa,Lower middle income,Developing,Africa_Lower middle income
Senegal,2003,Africa,West Africa,Lower middle income,Developing,Africa_Lower middle income
Senegal,2002,Africa,West Africa,Lower middle income,Developing,Africa_Lower middle income
Senegal,2001,Africa,West Africa,Lower middle income,Developing,Africa_Lower middle income
Senegal,2000,Africa,West Africa,Lower middle income,Developing,Africa_Lower middle income
Senegal,1999,Africa,West Africa,Lower middle income,Developing,Africa_Lower middle income
Senegal,1998,Africa,West Africa,Lower middle income,Developing,Africa_Lower middle income
Senegal,1997,Africa,West Africa,Lower middle income,Developing,Africa_Lower middle income
Senegal,1996,Africa,West Africa,Lower middle income,Developing,Africa_Lower middle income
Senegal,1995,Africa,West Africa,Lower middle income,Developing,Africa_Lower middle income
Senegal,1994,Africa,West Africa,Lower middle income,Developing,Africa_Lower middle income
Senegal,1993,Africa,West Africa,Lower middle income,Developing,Africa_Lower middle income
Senegal,1992,Africa,West Africa,Lower middle income,Developing,Africa_Lower middle income
Senegal,1991,Africa,West Africa,Lower middle income,Developing,Africa_Lower middle income
Senegal,1990,Africa,West Africa,Lower middle income,Developing,Africa_Lower middle income
Senegal,1989,Africa,West Africa,Lower middle income,Developing,Africa_Lower middle income
Senegal,1988,Africa,West Africa,Lower middle income,Developing,Africa_Lower middle income
Senegal,1987,Africa,West Africa,Lower middle income,Developing,Africa_Lower middle income
Senegal,1986,Africa,West Africa,Lower middle income,Developing,Africa_Lower middle income
Senegal,1985,Africa,West Africa,Lower middle income,Developing,Africa_Lower middle income
Senegal,1984,Africa,West Africa,Lower middle income,Developing,Africa_Lower middle income
Senegal,1983,Africa,West Africa,Lower middle income,Developing,Africa_Lower middle income
Senegal,1982,Africa,West Africa,Lower middle income,Developing,Africa_Lower middle income
Senegal,1981,Africa,West Africa,Lower middle income,Developing,Africa_Lower middle income
Senegal,1980,Africa,West Africa,Lower middle income,Developing,Africa_Lower middle income
Senegal,1979,Africa,West Africa,Lower middle income,Developing,Africa_Lower middle income
Senegal,1978,Africa,West Africa,Lower middle income,Developing,Africa_Lower middle income
Senegal,1977,Africa,West Africa,Lower middle income,Developing,Africa_Lower middle income
Senegal,1976,Africa,West Africa,Lower middle income,Developing,Africa_Lower middle income
Senegal,1975,Africa,West Africa,Lower middle income,Developing,Africa_Lower middle income
Senegal,1974,Africa,West Africa,Lower middle income,Developing,Africa_Lower middle income
Serbia,2024,Europe,Southern Europe,Upper middle income,Developing,Europe_Upper middle income
Serbia,2023,Europe,Southern Europe,Upper middle income,Developing,Europe_Upper middle income
Serbia,2022,Europe,Southern Europe,Upper middle income,Developing,Europe_Upper middle income
Serbia,2021,Europe,Southern Europe,Upper middle income,Developing,Europe_Upper middle income
Serbia,2020,Europe,Southern Europe,Upper middle income,Developing,Europe_Upper middle income
Serbia,2019,Europe,Southern Europe,Upper middle income,Developing,Europe_Upper middle income
Serbia,2018,Europe,Southern Europe,Upper middle income,Developing,Europe_Upper middle income
Serbia,2017,Europe,Southern Europe,Upper middle income,Developing,Europe_Upper middle income
Serbia,2016,Europe,Southern Europe,Upper middle income,Developing,Europe_Upper middle income
Serbia,2015,Europe,Southern Europe,Upper middle income,Developing,Europe_Upper middle income
Serbia,2014,Europe,Southern Europe,Upper middle income,Developing,Europe_Upper middle income
Serbia,2013,Europe,Southern Europe,Upper middle income,Developing,Europe_Upper middle income
Serbia,2012,Europe,Southern Europe,Upper middle income,Developing,Europe_Upper middle income
Serbia,2011,Europe,Southern Europe,Upper middle income,Developing,Europe_Upper middle income
Serbia,2010,Europe,Southern Europe,Upper middle income,Developing,Europe_Upper middle income
Serbia,2009,Europe,Southern Europe,Upper middle income,Developing,Europe_Upper middle income
Serbia,2008,Europe,Southern Europe,Upper middle income,Developing,Europe_Upper middle income
Serbia,2007,Europe,Southern Europe,Upper middle income,Developing,Europe_Upper middle income
Serbia,2006,Europe,Southern Europe,Upper middle income,Developing,Europe_Upper middle income
Serbia,2005,Europe,Southern Europe,Upper middle income,Developing,Europe_Upper middle income
Serbia,2004,Europe,Southern Europe,Upper middle income,Developing,Europe_Upper middle income
Serbia,2003,Europe,Southern Europe,Upper middle income,Developing,Europe_Upper middle income
Serbia,2002,Europe,Southern Europe,Upper middle income,Developing,Europe_Upper middle income
Serbia,2001,Europe,Southern Europe,Upper middle income,Developing,Europe_Upper middle income
Serbia,2000,Europe,Southern Europe,Upper middle income,Developing,Europe_Upper middle income
Serbia,1999,Europe,Southern Europe,Upper middle income,Developing,Europe_Upper middle income
Serbia,1998,Europe,Southern Europe,Upper middle income,Developing,Europe_Upper middle income
Serbia,1997,Europe,Southern Europe,Upper middle income,Developing,Europe_Upper middle income
Serbia,1996,Europe,Southern Europe,Upper middle income,Developing,Europe_Upper middle income
Serbia,1995,Europe,Southern Europe,Upper middle income,Developing,Europe_Upper middle income
Serbia,1994,Europe,Southern Europe,Upper middle income,Developing,Europe_Upper middle income
Serbia,1993,Europe,Southern Europe,Upper middle income,Developing,Europe_Upper middle income
Serbia,1992,Europe,Southern Europe,Upper middle income,Developing,Europe_Upper middle income
Serbia,1991,Europe,Southern Europe,Upper middle income,Developing,Europe_Upper middle income
Serbia,1990,Europe,Southern Europe,Upper middle income,Developing,Europe_Upper middle income
Serbia,1989,Europe,Southern Europe,Upper middle income,Developing,Europe_Upper middle income
Serbia,1988,Europe,Southern Europe,Upper middle income,Developing,Europe_Upper middle income
Serbia,1987,Europe,Southern Europe,Upper middle income,Developing,Europe_Upper middle income
Serbia,1986,Europe,Southern Europe,Upper middle income,Developing,Europe_Upper middle income
Serbia,1985,Europe,Southern Europe,Upper middle income,Developing,Europe_Upper middle income
Serbia,1984,Europe,Southern Europe,Upper middle income,Developing,Europe_Upper middle income
Serbia,1983,Europe,Southern Europe,Upper middle income,Developing,Europe_Upper middle income
Serbia,1982,Europe,Southern Europe,Upper middle income,Developing,Europe_Upper middle income
Serbia,1981,Europe,Southern Europe,Upper middle income,Developing,Europe_Upper middle income
Serbia,1980,Europe,Southern Europe,Upper middle income,Developing,Europe_Upper middle income
Serbia,1979,Europe,Southern Europe,Upper middle income,Developing,Europe_Upper middle income
Serbia,1978,Europe,Southern Europe,Upper middle income,Developing,Europe_Upper middle income
Serbia,1977,Europe,Southern Europe,Upper middle income,Developing,Europe_Upper middle income
Serbia,1976,Europe,Southern Europe,Upper middle income,Developing,Europe_Upper middle income
Serbia,1975,Europe,Southern Europe,Upper middle income,Developing,Europe_Upper middle income
Serbia,1974,Europe,Southern Europe,Upper middle income,Developing,Europe_Upper middle income
Seychelles,2024,Africa,East Africa,High income,Developing,Africa_High income
Seychelles,2023,Africa,East Africa,High income,Developing,Africa_High income
Seychelles,2022,Africa,East Africa,High income,Developing,Africa_High income
Seychelles,2021,Africa,East Africa,High income,Developing,Africa_High income
Seychelles,2020,Africa,East Africa,High income,Developing,Africa_High income
Seychelles,2019,Africa,East Africa,High income,Developing,Africa_High income
Seychelles,2018,Africa,East Africa,High income,Developing,Africa_High income
Seychelles,2017,Africa,East Africa,High income,Developing,Africa_High income
Seychelles,2016,Africa,East Africa,High income,Developing,Africa_High income
Seychelles,2015,Africa,East Africa,High income,Developing,Africa_High income
Seychelles,2014,Africa,East Africa,High income,Developing,Africa_High income
Seychelles,2013,Africa,East Africa,High income,Developing,Africa_High income
Seychelles,2012,Africa,East Africa,High income,Developing,Africa_High income
Seychelles,2011,Africa,East Africa,High income,Developing,Africa_High income
Seychelles,2010,Africa,East Africa,High income,Developing,Africa_High income
Seychelles,2009,Africa,East Africa,High income,Developing,Africa_High income
Seychelles,2008,Africa,East Africa,High income,Developing,Africa_High income
Seychelles,2007,Africa,East Africa,High income,Developing,Africa_High income
Seychelles,2006,Africa,East Africa,High income,Developing,Africa_High income
Seychelles,2005,Africa,East Africa,High income,Developing,Africa_High income
Seychelles,2004,Africa,East Africa,High income,Developing,Africa_High income
Seychelles,2003,Africa,East Africa,High income,Developing,Africa_High income
Seychelles,2002,Africa,East Africa,High income,Developing,Africa_High income
Seychelles,2001,Africa,East Africa,High income,Developing,Africa_High income
Seychelles,2000,Africa,East Africa,High income,Developing,Africa_High income
Seychelles,1999,Africa,East Africa,High income,Developing,Africa_High income
Seychelles,1998,Africa,East Africa,High income,Developing,Africa_High income
Seychelles,1997,Africa,East Africa,High income,Developing,Africa_High income
Seychelles,1996,Africa,East Africa,High income,Developing,Africa_High income
Seychelles,1995,Africa,East Africa,High income,Developing,Africa_High income
Seychelles,1994,Africa,East Africa,High income,Developing,Africa_High income
Seychelles,1993,Africa,East Africa,High income,Developing,Africa_High income
Seychelles,1992,Africa,East Africa,High income,Developing,Africa_High income
Seychelles,1991,Africa,East Africa,High income,Developing,Africa_High income
Seychelles,1990,Africa,East Africa,High income,Developing,Africa_High income
Seychelles,1989,Africa,East Africa,High income,Developing,Africa_High income
Seychelles,1988,Africa,East Africa,High income,Developing,Africa_High income
Seychelles,1987,Africa,East Africa,High income,Developing,Africa_High income
Seychelles,1986,Africa,East Africa,High income,Developing,Africa_High income
Seychelles,1985,Africa,East Africa,High income,Developing,Africa_High income
Seychelles,1984,Africa,East Africa,High income,Developing,Africa_High income
Seychelles,1983,Africa,East Africa,High income,Developing,Africa_High income
Seychelles,1982,Africa,East Africa,High income,Developing,Africa_High income
Seychelles,1981,Africa,East Africa,High income,Developing,Africa_High income
Seychelles,1980,Africa,East Africa,High income,Developing,Africa_High income
Seychelles,1979,Africa,East Africa,High income,Developing,Africa_High income
Seychelles,1978,Africa,East Africa,High income,Developing,Africa_High income
Seychelles,1977,Africa,East Africa,High income,Developing,Africa_High income
Seychelles,1976,Africa,East Africa,High income,Developing,Africa_High income
Seychelles,1975,Africa,East Africa,High income,Developing,Africa_High income
Seychelles,1974,Africa,East Africa,High income,Developing,Africa_High income
Sierra Leone,2024,Africa,West Africa,Low income,Developing,Africa_Low income
Sierra Leone,2023,Africa,West Africa,Low income,Developing,Africa_Low income
Sierra Leone,2022,Africa,West Africa,Low income,Developing,Africa_Low income
Sierra Leone,2021,Africa,West Africa,Low income,Developing,Africa_Low income
Sierra Leone,2020,Africa,West Africa,Low income,Developing,Africa_Low income
Sierra Leone,2019,Africa,West Africa,Low income,Developing,Africa_Low income
Sierra Leone,2018,Africa,West Africa,Low income,Developing,Africa_Low income
Sierra Leone,2017,Africa,West Africa,Low income,Developing,Africa_Low income
Sierra Leone,2016,Africa,West Africa,Low income,Developing,Africa_Low income
Sierra Leone,2015,Africa,West Africa,Low income,Developing,Africa_Low income
Sierra Leone,2014,Africa,West Africa,Low income,Developing,Africa_Low income
Sierra Leone,2013,Africa,West Africa,Low income,Developing,Africa_Low income
Sierra Leone,2012,Africa,West Africa,Low income,Developing,Africa_Low income
Sierra Leone,2011,Africa,West Africa,Low income,Developing,Africa_Low income
Sierra Leone,2010,Africa,West Africa,Low income,Developing,Africa_Low income
Sierra Leone,2009,Africa,West Africa,Low income,Developing,Africa_Low income
Sierra Leone,2008,Africa,West Africa,Low income,Developing,Africa_Low income
Sierra Leone,2007,Africa,West Africa,Low income,Developing,Africa_Low income
Sierra Leone,2006,Africa,West Africa,Low income,Developing,Africa_Low income
Sierra Leone,2005,Africa,West Africa,Low income,Developing,Africa_Low income
Sierra Leone,2004,Africa,West Africa,Low income,Developing,Africa_Low income
Sierra Leone,2003,Africa,West Africa,Low income,Developing,Africa_Low income
Sierra Leone,2002,Africa,West Africa,Low income,Developing,Africa_Low income
Sierra Leone,2001,Africa,West Africa,Low income,Developing,Africa_Low income
Sierra Leone,2000,Africa,West Africa,Low income,Developing,Africa_Low income
Sierra Leone,1999,Africa,West Africa,Low income,Developing,Africa_Low income
Sierra Leone,1998,Africa,West Africa,Low income,Developing,Africa_Low income
Sierra Leone,1997,Africa,West Africa,Low income,Developing,Africa_Low income
Sierra Leone,1996,Africa,West Africa,Low income,Developing,Africa_Low income
Sierra Leone,1995,Africa,West Africa,Low income,Developing,Africa_Low income
Sierra Leone,1994,Africa,West Africa,Low income,Developing,Africa_Low income
Sierra Leone,1993,Africa,West Africa,Low income,Developing,Africa_Low income
Sierra Leone,1992,Africa,West Africa,Low income,Developing,Africa_Low income
Sierra Leone,1991,Africa,West Africa,Low income,Developing,Africa_Low income
Sierra Leone,1990,Africa,West Africa,Low income,Developing,Africa_Low income
Sierra Leone,1989,Africa,West Africa,Low income,Developing,Africa_Low income
Sierra Leone,1988,Africa,West Africa,Low income,Developing,Africa_Low income
Sierra Leone,1987,Africa,West Africa,Low income,Developing,Africa_Low income
Sierra Leone,1986,Africa,West Africa,Low income,Developing,Africa_Low income
Sierra Leone,1985,Africa,West Africa,Low income,Developing,Africa_Low income
Sierra Leone,1984,Africa,West Africa,Low income,Developing,Africa_Low income
Sierra Leone,1983,Africa,West Africa,Low income,Developing,Africa_Low income
Sierra Leone,1982,Africa,West Africa,Low income,Developing,Africa_Low income
Sierra Leone,1981,Africa,West Africa,Low income,Developing,Africa_Low income
Sierra Leone,1980,Africa,West Africa,Low income,Developing,Africa_Low income
Sierra Leone,1979,Africa,West Africa,Low income,Developing,Africa_Low income
Sierra Leone,1978,Africa,West Africa,Low income,Developing,Africa_Low income
Sierra Leone,1977,Africa,West Africa,Low income,Developing,Africa_Low income
Sierra Leone,1976,Africa,West Africa,Low income,Developing,Africa_Low income
Sierra Leone,1975,Africa,West Africa,Low income,Developing,Africa_Low income
Sierra Leone,1974,Africa,West Africa,Low income,Developing,Africa_Low income
Singapore,2024,Asia,Southeast Asia,High income,Developed,Asia_High income
Singapore,2023,Asia,Southeast Asia,High income,Developed,Asia_High income
Singapore,2022,Asia,Southeast Asia,High income,Developed,Asia_High income
Singapore,2021,Asia,Southeast Asia,High income,Developed,Asia_High income
Singapore,2020,Asia,Southeast Asia,High income,Developed,Asia_High income
Singapore,2019,Asia,Southeast Asia,High income,Developed,Asia_High income
Singapore,2018,Asia,Southeast Asia,High income,Developed,Asia_High income
Singapore,2017,Asia,Southeast Asia,High income,Developed,Asia_High income
Singapore,2016,Asia,Southeast Asia,High income,Developed,Asia_High income
Singapore,2015,Asia,Southeast Asia,High income,Developed,Asia_High income
Singapore,2014,Asia,Southeast Asia,High income,Developed,Asia_High income
Singapore,2013,Asia,Southeast Asia,High income,Developed,Asia_High income
Singapore,2012,Asia,Southeast Asia,High income,Developed,Asia_High income
Singapore,2011,Asia,Southeast Asia,High income,Developed,Asia_High income
Singapore,2010,Asia,Southeast Asia,High income,Developed,Asia_High income
Singapore,2009,Asia,Southeast Asia,High income,Developed,Asia_High income
Singapore,2008,Asia,Southeast Asia,High income,Developed,Asia_High income
Singapore,2007,Asia,Southeast Asia,High income,Developed,Asia_High income
Singapore,2006,Asia,Southeast Asia,High income,Developed,Asia_High income
Singapore,2005,Asia,Southeast Asia,High income,Developed,Asia_High income
Singapore,2004,Asia,Southeast Asia,High income,Developed,Asia_High income
Singapore,2003,Asia,Southeast Asia,High income,Developed,Asia_High income
Singapore,2002,Asia,Southeast Asia,High income,Developed,Asia_High income
Singapore,2001,Asia,Southeast Asia,High income,Developed,Asia_High income
Singapore,2000,Asia,Southeast Asia,High income,Developed,Asia_High income
Singapore,1999,Asia,Southeast Asia,High income,Developed,Asia_High income
Singapore,1998,Asia,Southeast Asia,High income,Developed,Asia_High income
Singapore,1997,Asia,Southeast Asia,High income,Developed,Asia_High income
Singapore,1996,Asia,Southeast Asia,High income,Developed,Asia_High income
Singapore,1995,Asia,Southeast Asia,High income,Developed,Asia_High income
Singapore,1994,Asia,Southeast Asia,High income,Developed,Asia_High income
Singapore,1993,Asia,Southeast Asia,High income,Developed,Asia_High income
Singapore,1992,Asia,Southeast Asia,High income,Developed,Asia_High income
Singapore,1991,Asia,Southeast Asia,High income,Developed,Asia_High income
Singapore,1990,Asia,Southeast Asia,High income,Developed,Asia_High income
Singapore,1989,Asia,Southeast Asia,High income,Developed,Asia_High income
Singapore,1988,Asia,Southeast Asia,High income,Developed,Asia_High income
Singapore,1987,Asia,Southeast Asia,High income,Developed,Asia_High income
Singapore,1986,Asia,Southeast Asia,High income,Developed,Asia_High income
Singapore,1985,Asia,Southeast Asia,High income,Developed,Asia_High income
Singapore,1984,Asia,Southeast Asia,High income,Developed,Asia_High income
Singapore,1983,Asia,Southeast Asia,High income,Developed,Asia_High income
Singapore,1982,Asia,Southeast Asia,High income,Developed,Asia_High income
Singapore,1981,Asia,Southeast Asia,High income,Developed,Asia_High income
Singapore,1980,Asia,Southeast Asia,High income,Developed,Asia_High income
Singapore,1979,Asia,Southeast Asia,High income,Developed,Asia_High income
Singapore,1978,Asia,Southeast Asia,High income,Developed,Asia_High income
Singapore,1977,Asia,Southeast Asia,High income,Developed,Asia_High income
Singapore,1976,Asia,Southeast Asia,High income,Developed,Asia_High income
Singapore,1975,Asia,Southeast Asia,High income,Developed,Asia_High income
Singapore,1974,Asia,Southeast Asia,High income,Developed,Asia_High income
Sint Maarten (Dutch part),2024,North America,Caribbean,High income,Developing,North America_High income
Sint Maarten (Dutch part),2023,North America,Caribbean,High income,Developing,North America_High income
Sint Maarten (Dutch part),2022,North America,Caribbean,High income,Developing,North America_High income
Sint Maarten (Dutch part),2021,North America,Caribbean,High income,Developing,North America_High income
Sint Maarten (Dutch part),2020,North America,Caribbean,High income,Developing,North America_High income
Sint Maarten (Dutch part),2019,North America,Caribbean,High income,Developing,North America_High income
Sint Maarten (Dutch part),2018,North America,Caribbean,High income,Developing,North America_High income
Sint Maarten (Dutch part),2017,North America,Caribbean,High income,Developing,North America_High income
Sint Maarten (Dutch part),2016,North America,Caribbean,High income,Developing,North America_High income
Sint Maarten (Dutch part),2015,North America,Caribbean,High income,Developing,North America_High income
Sint Maarten (Dutch part),2014,North America,Caribbean,High income,Developing,North America_High income
Sint Maarten (Dutch part),2013,North America,Caribbean,High income,Developing,North America_High income
Sint Maarten (Dutch part),2012,North America,Caribbean,High income,Developing,North America_High income
Sint Maarten (Dutch part),2011,North America,Caribbean,High income,Developing,North America_High income
Sint Maarten (Dutch part),2010,North America,Caribbean,High income,Developing,North America_High income
Sint Maarten (Dutch part),2009,North America,Caribbean,High income,Developing,North America_High income
Sint Maarten (Dutch part),2008,North America,Caribbean,High income,Developing,North America_High income
Sint Maarten (Dutch part),2007,North America,Caribbean,High income,Developing,North America_High income
Sint Maarten (Dutch part),2006,North America,Caribbean,High income,Developing,North America_High income
Sint Maarten (Dutch part),2005,North America,Caribbean,High income,Developing,North America_High income
Sint Maarten (Dutch part),2004,North America,Caribbean,High income,Developing,North America_High income
Sint Maarten (Dutch part),2003,North America,Caribbean,High income,Developing,North America_High income
Sint Maarten (Dutch part),2002,North America,Caribbean,High income,Developing,North America_High income
Sint Maarten (Dutch part),2001,North America,Caribbean,High income,Developing,North America_High income
Sint Maarten (Dutch part),2000,North America,Caribbean,High income,Developing,North America_High income
Sint Maarten (Dutch part),1999,North America,Caribbean,High income,Developing,North America_High income
Sint Maarten (Dutch part),1998,North America,Caribbean,High income,Developing,North America_High income
Sint Maarten (Dutch part),1997,North America,Caribbean,High income,Developing,North America_High income
Sint Maarten (Dutch part),1996,North America,Caribbean,High income,Developing,North America_High income
Sint Maarten (Dutch part),1995,North America,Caribbean,High income,Developing,North America_High income
Sint Maarten (Dutch part),1994,North America,Caribbean,High income,Developing,North America_High income
Sint Maarten (Dutch part),1993,North America,Caribbean,High income,Developing,North America_High income
Sint Maarten (Dutch part),1992,North America,Caribbean,High income,Developing,North America_High income
Sint Maarten (Dutch part),1991,North America,Caribbean,High income,Developing,North America_High income
Sint Maarten (Dutch part),1990,North America,Caribbean,High income,Developing,North America_High income
Sint Maarten (Dutch part),1989,North America,Caribbean,High income,Developing,North America_High income
Sint Maarten (Dutch part),1988,North America,Caribbean,High income,Developing,North America_High income
Sint Maarten (Dutch part),1987,North America,Caribbean,High income,Developing,North America_High income
Sint Maarten (Dutch part),1986,North America,Caribbean,High income,Developing,North America_High income
Sint Maarten (Dutch part),1985,North America,Caribbean,High income,Developing,North America_High income
Sint Maarten (Dutch part),1984,North America,Caribbean,High income,Developing,North America_High income
Sint Maarten (Dutch part),1983,North America,Caribbean,High income,Developing,North America_High income
Sint Maarten (Dutch part),1982,North America,Caribbean,High income,Developing,North America_High income
Sint Maarten (Dutch part),1981,North America,Caribbean,High income,Developing,North America_High income
Sint Maarten (Dutch part),1980,North America,Caribbean,High income,Developing,North America_High income
Sint Maarten (Dutch part),1979,North America,Caribbean,High income,Developing,North America_High income
Sint Maarten (Dutch part),1978,North America,Caribbean,High income,Developing,North America_High income
Sint Maarten (Dutch part),1977,North America,Caribbean,High income,Developing,North America_High income
Sint Maarten (Dutch part),1976,North America,Caribbean,High income,Developing,North America_High income
Sint Maarten (Dutch part),1975,North America,Caribbean,High income,Developing,North America_High income
Sint Maarten (Dutch part),1974,North America,Caribbean,High income,Developing,North America_High income
Slovak Republic,2024,Europe,Eastern Europe,High income,Developed,Europe_High income
Slovak Republic,2023,Europe,Eastern Europe,High income,Developed,Europe_High income
Slovak Republic,2022,Europe,Eastern Europe,High income,Developed,Europe_High income
Slovak Republic,2021,Europe,Eastern Europe,High income,Developed,Europe_High income
Slovak Republic,2020,Europe,Eastern Europe,High income,Developed,Europe_High income
Slovak Republic,2019,Europe,Eastern Europe,High income,Developed,Europe_High income
Slovak Republic,2018,Europe,Eastern Europe,High income,Developed,Europe_High income
Slovak Republic,2017,Europe,Eastern Europe,High income,Developed,Europe_High income
Slovak Republic,2016,Europe,Eastern Europe,High income,Developed,Europe_High income
Slovak Republic,2015,Europe,Eastern Europe,High income,Developed,Europe_High income
Slovak Republic,2014,Europe,Eastern Europe,High income,Developed,Europe_High income
Slovak Republic,2013,Europe,Eastern Europe,High income,Developed,Europe_High income
Slovak Republic,2012,Europe,Eastern Europe,High income,Developed,Europe_High income
Slovak Republic,2011,Europe,Eastern Europe,High income,Developed,Europe_High income
Slovak Republic,2010,Europe,Eastern Europe,High income,Developed,Europe_High income
Slovak Republic,2009,Europe,Eastern Europe,High income,Developed,Europe_High income
Slovak Republic,2008,Europe,Eastern Europe,High income,Developed,Europe_High income
Slovak Republic,2007,Europe,Eastern Europe,High income,Developed,Europe_High income
Slovak Republic,2006,Europe,Eastern Europe,High income,Developed,Europe_High income
Slovak Republic,2005,Europe,Eastern Europe,High income,Developed,Europe_High income
Slovak Republic,2004,Europe,Eastern Europe,High income,Developed,Europe_High income
Slovak Republic,2003,Europe,Eastern Europe,High income,Developed,Europe_High income
Slovak Republic,2002,Europe,Eastern Europe,High income,Developed,Europe_High income
Slovak Republic,2001,Europe,Eastern Europe,High income,Developed,Europe_High income
Slovak Republic,2000,Europe,Eastern Europe,High income,Developed,Europe_High income
Slovak Republic,1999,Europe,Eastern Europe,High income,Developed,Europe_High income
Slovak Republic,1998,Europe,Eastern Europe,High income,Developed,Europe_High income
Slovak Republic,1997,Europe,Eastern Europe,High income,Developed,Europe_High income
Slovak Republic,1996,Europe,Eastern Europe,High income,Developed,Europe_High income
Slovak Republic,1995,Europe,Eastern Europe,High income,Developed,Europe_High income
Slovak Republic,1994,Europe,Eastern Europe,High income,Developed,Europe_High income
Slovak Republic,1993,Europe,Eastern Europe,High income,Developed,Europe_High income
Slovak Republic,1992,Europe,Eastern Europe,High income,Developed,Europe_High income
Slovak Republic,1991,Europe,Eastern Europe,High income,Developed,Europe_High income
Slovak Republic,1990,Europe,Eastern Europe,High income,Developed,Europe_High income
Slovak Republic,1989,Europe,Eastern Europe,High income,Developed,Europe_High income
Slovak Republic,1988,Europe,Eastern Europe,High income,Developed,Europe_High income
Slovak Republic,1987,Europe,Eastern Europe,High income,Developed,Europe_High income
Slovak Republic,1986,Europe,Eastern Europe,High income,Developed,Europe_High income
Slovak Republic,1985,Europe,Eastern Europe,High income,Developed,Europe_High income
Slovak Republic,1984,Europe,Eastern Europe,High income,Developed,Europe_High income
Slovak Republic,1983,Europe,Eastern Europe,High income,Developed,Europe_High income
Slovak Republic,1982,Europe,Eastern Europe,High income,Developed,Europe_High income
Slovak Republic,1981,Europe,Eastern Europe,High income,Developed,Europe_High income
Slovak Republic,1980,Europe,Eastern Europe,High income,Developed,Europe_High income
Slovak Republic,1979,Europe,Eastern Europe,High income,Developed,Europe_High income
Slovak Republic,1978,Europe,Eastern Europe,High income,Developed,Europe_High income
Slovak Republic,1977,Europe,Eastern Europe,High income,Developed,Europe_High income
Slovak Republic,1976,Europe,Eastern Europe,High income,Developed,Europe_High income
Slovak Republic,1975,Europe,Eastern Europe,High income,Developed,Europe_High income
Slovak Republic,1974,Europe,Eastern Europe,High income,Developed,Europe_High income
Slovenia,2024,Europe,Southern Europe,High income,Developed,Europe_High income
Slovenia,2023,Europe,Southern Europe,High income,Developed,Europe_High income
Slovenia,2022,Europe,Southern Europe,High income,Developed,Europe_High income
Slovenia,2021,Europe,Southern Europe,High income,Developed,Europe_High income
Slovenia,2020,Europe,Southern Europe,High income,Developed,Europe_High income
Slovenia,2019,Europe,Southern Europe,High income,Developed,Europe_High income
Slovenia,2018,Europe,Southern Europe,High income,Developed,Europe_High income
Slovenia,2017,Europe,Southern Europe,High income,Developed,Europe_High income
Slovenia,2016,Europe,Southern Europe,High income,Developed,Europe_High income
Slovenia,2015,Europe,Southern Europe,High income,Developed,Europe_High income
Slovenia,2014,Europe,Southern Europe,High income,Developed,Europe_High income
Slovenia,2013,Europe,Southern Europe,High income,Developed,Europe_High income
Slovenia,2012,Europe,Southern Europe,High income,Developed,Europe_High income
Slovenia,2011,Europe,Southern Europe,High income,Developed,Europe_High income
Slovenia,2010,Europe,Southern Europe,High income,Developed,Europe_High income
Slovenia,2009,Europe,Southern Europe,High income,Developed,Europe_High income
Slovenia,2008,Europe,Southern Europe,High income,Developed,Europe_High income
Slovenia,2007,Europe,Southern Europe,High income,Developed,Europe_High income
Slovenia,2006,Europe,Southern Europe,High income,Developed,Europe_High income
Slovenia,2005,Europe,Southern Europe,High income,Developed,Europe_High income
Slovenia,2004,Europe,Southern Europe,High income,Developed,Europe_High income
Slovenia,2003,Europe,Southern Europe,High income,Developed,Europe_High income
Slovenia,2002,Europe,Southern Europe,High income,Developed,Europe_High income
Slovenia,2001,Europe,Southern Europe,High income,Developed,Europe_High income
Slovenia,2000,Europe,Southern Europe,High income,Developed,Europe_High income
Slovenia,1999,Europe,Southern Europe,High income,Developed,Europe_High income
Slovenia,1998,Europe,Southern Europe,High income,Developed,Europe_High income
Slovenia,1997,Europe,Southern Europe,High income,Developed,Europe_High income
Slovenia,1996,Europe,Southern Europe,High income,Developed,Europe_High income
Slovenia,1995,Europe,Southern Europe,High income,Developed,Europe_High income
Slovenia,1994,Europe,Southern Europe,High income,Developed,Europe_High income
Slovenia,1993,Europe,Southern Europe,High income,Developed,Europe_High income
Slovenia,1992,Europe,Southern Europe,High income,Developed,Europe_High income
Slovenia,1991,Europe,Southern Europe,High income,Developed,Europe_High income
Slovenia,1990,Europe,Southern Europe,High income,Developed,Europe_High income
Slovenia,1989,Europe,Southern Europe,High income,Developed,Europe_High income
Slovenia,1988,Europe,Southern Europe,High income,Developed,Europe_High income
Slovenia,1987,Europe,Southern Europe,High income,Developed,Europe_High income
Slovenia,1986,Europe,Southern Europe,High income,Developed,Europe_High income
Slovenia,1985,Europe,Southern Europe,High income,Developed,Europe_High income
Slovenia,1984,Europe,Southern Europe,High income,Developed,Europe_High income
Slovenia,1983,Europe,Southern Europe,High income,Developed,Europe_High income
Slovenia,1982,Europe,Southern Europe,High income,Developed,Europe_High income
Slovenia,1981,Europe,Southern Europe,High income,Developed,Europe_High income
Slovenia,1980,Europe,Southern Europe,High income,Developed,Europe_High income
Slovenia,1979,Europe,Southern Europe,High income,Developed,Europe_High income
Slovenia,1978,Europe,Southern Europe,High income,Developed,Europe_High income
Slovenia,1977,Europe,Southern Europe,High income,Developed,Europe_High income
Slovenia,1976,Europe,Southern Europe,High income,Developed,Europe_High income
Slovenia,1975,Europe,Southern Europe,High income,Developed,Europe_High income
Slovenia,1974,Europe,Southern Europe,High income,Developed,Europe_High income
Solomon Islands,2024,Oceania,Melanesia,Lower middle income,Developing,Oceania_Lower middle income
Solomon Islands,2023,Oceania,Melanesia,Lower middle income,Developing,Oceania_Lower middle income
Solomon Islands,2022,Oceania,Melanesia,Lower middle income,Developing,Oceania_Lower middle income
Solomon Islands,2021,Oceania,Melanesia,Lower middle income,Developing,Oceania_Lower middle income
Solomon Islands,2020,Oceania,Melanesia,Lower middle income,Developing,Oceania_Lower middle income
Solomon Islands,2019,Oceania,Melanesia,Lower middle income,Developing,Oceania_Lower middle income
Solomon Islands,2018,Oceania,Melanesia,Lower middle income,Developing,Oceania_Lower middle income
Solomon Islands,2017,Oceania,Melanesia,Lower middle income,Developing,Oceania_Lower middle income
Solomon Islands,2016,Oceania,Melanesia,Lower middle income,Developing,Oceania_Lower middle income
Solomon Islands,2015,Oceania,Melanesia,Lower middle income,Developing,Oceania_Lower middle income
Solomon Islands,2014,Oceania,Melanesia,Lower middle income,Developing,Oceania_Lower middle income
Solomon Islands,2013,Oceania,Melanesia,Lower middle income,Developing,Oceania_Lower middle income
Solomon Islands,2012,Oceania,Melanesia,Lower middle income,Developing,Oceania_Lower middle income
Solomon Islands,2011,Oceania,Melanesia,Lower middle income,Developing,Oceania_Lower middle income
Solomon Islands,2010,Oceania,Melanesia,Lower middle income,Developing,Oceania_Lower middle income
Solomon Islands,2009,Oceania,Melanesia,Lower middle income,Developing,Oceania_Lower middle income
Solomon Islands,2008,Oceania,Melanesia,Lower middle income,Developing,Oceania_Lower middle income
Solomon Islands,2007,Oceania,Melanesia,Lower middle income,Developing,Oceania_Lower middle income
Solomon Islands,2006,Oceania,Melanesia,Lower middle income,Developing,Oceania_Lower middle income
Solomon Islands,2005,Oceania,Melanesia,Lower middle income,Developing,Oceania_Lower middle income
Solomon Islands,2004,Oceania,Melanesia,Lower middle income,Developing,Oceania_Lower middle income
Solomon Islands,2003,Oceania,Melanesia,Lower middle income,Developing,Oceania_Lower middle income
Solomon Islands,2002,Oceania,Melanesia,Lower middle income,Developing,Oceania_Lower middle income
Solomon Islands,2001,Oceania,Melanesia,Lower middle income,Developing,Oceania_Lower middle income
Solomon Islands,2000,Oceania,Melanesia,Lower middle income,Developing,Oceania_Lower middle income
Solomon Islands,1999,Oceania,Melanesia,Lower middle income,Developing,Oceania_Lower middle income
Solomon Islands,1998,Oceania,Melanesia,Lower middle income,Developing,Oceania_Lower middle income
Solomon Islands,1997,Oceania,Melanesia,Lower middle income,Developing,Oceania_Lower middle income
Solomon Islands,1996,Oceania,Melanesia,Lower middle income,Developing,Oceania_Lower middle income
Solomon Islands,1995,Oceania,Melanesia,Lower middle income,Developing,Oceania_Lower middle income
Solomon Islands,1994,Oceania,Melanesia,Lower middle income,Developing,Oceania_Lower middle income
Solomon Islands,1993,Oceania,Melanesia,Lower middle income,Developing,Oceania_Lower middle income
Solomon Islands,1992,Oceania,Melanesia,Lower middle income,Developing,Oceania_Lower middle income
Solomon Islands,1991,Oceania,Melanesia,Lower middle income,Developing,Oceania_Lower middle income
Solomon Islands,1990,Oceania,Melanesia,Lower middle income,Developing,Oceania_Lower middle income
Solomon Islands,1989,Oceania,Melanesia,Lower middle income,Developing,Oceania_Lower middle income
Solomon Islands,1988,Oceania,Melanesia,Lower middle income,Developing,Oceania_Lower middle income
Solomon Islands,1987,Oceania,Melanesia,Lower middle income,Developing,Oceania_Lower middle income
Solomon Islands,1986,Oceania,Melanesia,Lower middle income,Developing,Oceania_Lower middle income
Solomon Islands,1985,Oceania,Melanesia,Lower middle income,Developing,Oceania_Lower middle income
Solomon Islands,1984,Oceania,Melanesia,Lower middle income,Developing,Oceania_Lower middle income
Solomon Islands,1983,Oceania,Melanesia,Lower middle income,Developing,Oceania_Lower middle income
Solomon Islands,1982,Oceania,Melanesia,Lower middle income,Developing,Oceania_Lower middle income
Solomon Islands,1981,Oceania,Melanesia,Lower middle income,Developing,Oceania_Lower middle income
Solomon Islands,1980,Oceania,Melanesia,Lower middle income,Developing,Oceania_Lower middle income
Solomon Islands,1979,Oceania,Melanesia,Lower middle income,Developing,Oceania_Lower middle income
Solomon Islands,1978,Oceania,Melanesia,Lower middle income,Developing,Oceania_Lower middle income
Solomon Islands,1977,Oceania,Melanesia,Lower middle income,Developing,Oceania_Lower middle income
Solomon Islands,1976,Oceania,Melanesia,Lower middle income,Developing,Oceania_Lower middle income
Solomon Islands,1975,Oceania,Melanesia,Lower middle income,Developing,Oceania_Lower middle income
Solomon Islands,1974,Oceania,Melanesia,Lower middle income,Developing,Oceania_Lower middle income
"Somalia, Fed. Rep.",2024,Africa,East Africa,Low income,Developing,Africa_Low income
"Somalia, Fed. Rep.",2023,Africa,East Africa,Low income,Developing,Africa_Low income
"Somalia, Fed. Rep.",2022,Africa,East Africa,Low income,Developing,Africa_Low income
"Somalia, Fed. Rep.",2021,Africa,East Africa,Low income,Developing,Africa_Low income
"Somalia, Fed. Rep.",2020,Africa,East Africa,Low income,Developing,Africa_Low income
"Somalia, Fed. Rep.",2019,Africa,East Africa,Low income,Developing,Africa_Low income
"Somalia, Fed. Rep.",2018,Africa,East Africa,Low income,Developing,Africa_Low income
"Somalia, Fed. Rep.",2017,Africa,East Africa,Low income,Developing,Africa_Low income
"Somalia, Fed. Rep.",2016,Africa,East Africa,Low income,Developing,Africa_Low income
"Somalia, Fed. Rep.",2015,Africa,East Africa,Low income,Developing,Africa_Low income
"Somalia, Fed. Rep.",2014,Africa,East Africa,Low income,Developing,Africa_Low income
"Somalia, Fed. Rep.",2013,Africa,East Africa,Low income,Developing,Africa_Low income
"Somalia, Fed. Rep.",2012,Africa,East Africa,Low income,Developing,Africa_Low income
"Somalia, Fed. Rep.",2011,Africa,East Africa,Low income,Developing,Africa_Low income
"Somalia, Fed. Rep.",2010,Africa,East Africa,Low income,Developing,Africa_Low income
"Somalia, Fed. Rep.",2009,Africa,East Africa,Low income,Developing,Africa_Low income
"Somalia, Fed. Rep.",2008,Africa,East Africa,Low income,Developing,Africa_Low income
"Somalia, Fed. Rep.",2007,Africa,East Africa,Low income,Developing,Africa_Low income
"Somalia, Fed. Rep.",2006,Africa,East Africa,Low income,Developing,Africa_Low income
"Somalia, Fed. Rep.",2005,Africa,East Africa,Low income,Developing,Africa_Low income
"Somalia, Fed. Rep.",2004,Africa,East Africa,Low income,Developing,Africa_Low income
"Somalia, Fed. Rep.",2003,Africa,East Africa,Low income,Developing,Africa_Low income
"Somalia, Fed. Rep.",2002,Africa,East Africa,Low income,Developing,Africa_Low income
"Somalia, Fed. Rep.",2001,Africa,East Africa,Low income,Developing,Africa_Low income
"Somalia, Fed. Rep.",2000,Africa,East Africa,Low income,Developing,Africa_Low income
"Somalia, Fed. Rep.",1999,Africa,East Africa,Low income,Developing,Africa_Low income
"Somalia, Fed. Rep.",1998,Africa,East Africa,Low income,Developing,Africa_Low income
"Somalia, Fed. Rep.",1997,Africa,East Africa,Low income,Developing,Africa_Low income
"Somalia, Fed. Rep.",1996,Africa,East Africa,Low income,Developing,Africa_Low income
"Somalia, Fed. Rep.",1995,Africa,East Africa,Low income,Developing,Africa_Low income
"Somalia, Fed. Rep.",1994,Africa,East Africa,Low income,Developing,Africa_Low income
"Somalia, Fed. Rep.",1993,Africa,East Africa,Low income,Developing,Africa_Low income
"Somalia, Fed. Rep.",1992,Africa,East Africa,Low income,Developing,Africa_Low income
"Somalia, Fed. Rep.",1991,Africa,East Africa,Low income,Developing,Africa_Low income
"Somalia, Fed. Rep.",1990,Africa,East Africa,Low income,Developing,Africa_Low income
"Somalia, Fed. Rep.",1989,Africa,East Africa,Low income,Developing,Africa_Low income
"Somalia, Fed. Rep.",1988,Africa,East Africa,Low income,Developing,Africa_Low income
"Somalia, Fed. Rep.",1987,Africa,East Africa,Low income,Developing,Africa_Low income
"Somalia, Fed. Rep.",1986,Africa,East Africa,Low income,Developing,Africa_Low income
"Somalia, Fed. Rep.",1985,Africa,East Africa,Low income,Developing,Africa_Low income
"Somalia, Fed. Rep.",1984,Africa,East Africa,Low income,Developing,Africa_Low income
"Somalia, Fed. Rep.",1983,Africa,East Africa,Low income,Developing,Africa_Low income
"Somalia, Fed. Rep.",1982,Africa,East Africa,Low income,Developing,Africa_Low income
"Somalia, Fed. Rep.",1981,Africa,East Africa,Low income,Developing,Africa_Low income
"Somalia, Fed. Rep.",1980,Africa,East Africa,Low income,Developing,Africa_Low income
"Somalia, Fed. Rep.",1979,Africa,East Africa,Low income,Developing,Africa_Low income
"Somalia, Fed. Rep.",1978,Africa,East Africa,Low income,Developing,Africa_Low income
"Somalia, Fed. Rep.",1977,Africa,East Africa,Low income,Developing,Africa_Low income
"Somalia, Fed. Rep.",1976,Africa,East Africa,Low income,Developing,Africa_Low income
"Somalia, Fed. Rep.",1975,Africa,East Africa,Low income,Developing,Africa_Low income
"Somalia, Fed. Rep.",1974,Africa,East Africa,Low income,Developing,Africa_Low income
South Africa,2024,Africa,Southern Africa,Upper middle income,Developing,Africa_Upper middle income
South Africa,2023,Africa,Southern Africa,Upper middle income,Developing,Africa_Upper middle income
South Africa,2022,Africa,Southern Africa,Upper middle income,Developing,Africa_Upper middle income
South Africa,2021,Africa,Southern Africa,Upper middle income,Developing,Africa_Upper middle income
South Africa,2020,Africa,Southern Africa,Upper middle income,Developing,Africa_Upper middle income
South Africa,2019,Africa,Southern Africa,Upper middle income,Developing,Africa_Upper middle income
South Africa,2018,Africa,Southern Africa,Upper middle income,Developing,Africa_Upper middle income
South Africa,2017,Africa,Southern Africa,Upper middle income,Developing,Africa_Upper middle income
South Africa,2016,Africa,Southern Africa,Upper middle income,Developing,Africa_Upper middle income
South Africa,2015,Africa,Southern Africa,Upper middle income,Developing,Africa_Upper middle income
South Africa,2014,Africa,Southern Africa,Upper middle income,Developing,Africa_Upper middle income
South Africa,2013,Africa,Southern Africa,Upper middle income,Developing,Africa_Upper middle income
South Africa,2012,Africa,Southern Africa,Upper middle income,Developing,Africa_Upper middle income
South Africa,2011,Africa,Southern Africa,Upper middle income,Developing,Africa_Upper middle income
South Africa,2010,Africa,Southern Africa,Upper middle income,Developing,Africa_Upper middle income
South Africa,2009,Africa,Southern Africa,Upper middle income,Developing,Africa_Upper middle income
South Africa,2008,Africa,Southern Africa,Upper middle income,Developing,Africa_Upper middle income
South Africa,2007,Africa,Southern Africa,Upper middle income,Developing,Africa_Upper middle income
South Africa,2006,Africa,Southern Africa,Upper middle income,Developing,Africa_Upper middle income
South Africa,2005,Africa,Southern Africa,Upper middle income,Developing,Africa_Upper middle income
South Africa,2004,Africa,Southern Africa,Upper middle income,Developing,Africa_Upper middle income
South Africa,2003,Africa,Southern Africa,Upper middle income,Developing,Africa_Upper middle income
South Africa,2002,Africa,Southern Africa,Upper middle income,Developing,Africa_Upper middle income
South Africa,2001,Africa,Southern Africa,Upper middle income,Developing,Africa_Upper middle income
South Africa,2000,Africa,Southern Africa,Upper middle income,Developing,Africa_Upper middle income
South Africa,1999,Africa,Southern Africa,Upper middle income,Developing,Africa_Upper middle income
South Africa,1998,Africa,Southern Africa,Upper middle income,Developing,Africa_Upper middle income
South Africa,1997,Africa,Southern Africa,Upper middle income,Developing,Africa_Upper middle income
South Africa,1996,Africa,Southern Africa,Upper middle income,Developing,Africa_Upper middle income
South Africa,1995,Africa,Southern Africa,Upper middle income,Developing,Africa_Upper middle income
South Africa,1994,Africa,Southern Africa,Upper middle income,Developing,Africa_Upper middle income
South Africa,1993,Africa,Southern Africa,Upper middle income,Developing,Africa_Upper middle income
South Africa,1992,Africa,Southern Africa,Upper middle income,Developing,Africa_Upper middle income
South Africa,1991,Africa,Southern Africa,Upper middle income,Developing,Africa_Upper middle income
South Africa,1990,Africa,Southern Africa,Upper middle income,Developing,Africa_Upper middle income
South Africa,1989,Africa,Southern Africa,Upper middle income,Developing,Africa_Upper middle income
South Africa,1988,Africa,Southern Africa,Upper middle income,Developing,Africa_Upper middle income
South Africa,1987,Africa,Southern Africa,Upper middle income,Developing,Africa_Upper middle income
South Africa,1986,Africa,Southern Africa,Upper middle income,Developing,Africa_Upper middle income
South Africa,1985,Africa,Southern Africa,Upper middle income,Developing,Africa_Upper middle income
South Africa,1984,Africa,Southern Africa,Upper middle income,Developing,Africa_Upper middle income
South Africa,1983,Africa,Southern Africa,Upper middle income,Developing,Africa_Upper middle income
South Africa,1982,Africa,Southern Africa,Upper middle income,Developing,Africa_Upper middle income
South Africa,1981,Africa,Southern Africa,Upper middle income,Developing,Africa_Upper middle income
South Africa,1980,Africa,Southern Africa,Upper middle income,Developing,Africa_Upper middle income
South Africa,1979,Africa,Southern Africa,Upper middle income,Developing,Africa_Upper middle income
South Africa,1978,Africa,Southern Africa,Upper middle income,Developing,Africa_Upper middle income
South Africa,1977,Africa,Southern Africa,Upper middle income,Developing,Africa_Upper middle income
South Africa,1976,Africa,Southern Africa,Upper middle income,Developing,Africa_Upper middle income
South Africa,1975,Africa,Southern Africa,Upper middle income,Developing,Africa_Upper middle income
South Africa,1974,Africa,Southern Africa,Upper middle income,Developing,Africa_Upper middle income
South Sudan,2024,Africa,East Africa,Low income,Developing,Africa_Low income
South Sudan,2023,Africa,East Africa,Low income,Developing,Africa_Low income
South Sudan,2022,Africa,East Africa,Low income,Developing,Africa_Low income
South Sudan,2021,Africa,East Africa,Low income,Developing,Africa_Low income
South Sudan,2020,Africa,East Africa,Low income,Developing,Africa_Low income
South Sudan,2019,Africa,East Africa,Low income,Developing,Africa_Low income
South Sudan,2018,Africa,East Africa,Low income,Developing,Africa_Low income
South Sudan,2017,Africa,East Africa,Low income,Developing,Africa_Low income
South Sudan,2016,Africa,East Africa,Low income,Developing,Africa_Low income
South Sudan,2015,Africa,East Africa,Low income,Developing,Africa_Low income
South Sudan,2014,Africa,East Africa,Low income,Developing,Africa_Low income
South Sudan,2013,Africa,East Africa,Low income,Developing,Africa_Low income
South Sudan,2012,Africa,East Africa,Low income,Developing,Africa_Low income
South Sudan,2011,Africa,East Africa,Low income,Developing,Africa_Low income
South Sudan,2010,Africa,East Africa,Low income,Developing,Africa_Low income
South Sudan,2009,Africa,East Africa,Low income,Developing,Africa_Low income
South Sudan,2008,Africa,East Africa,Low income,Developing,Africa_Low income
South Sudan,2007,Africa,East Africa,Low income,Developing,Africa_Low income
South Sudan,2006,Africa,East Africa,Low income,Developing,Africa_Low income
South Sudan,2005,Africa,East Africa,Low income,Developing,Africa_Low income
South Sudan,2004,Africa,East Africa,Low income,Developing,Africa_Low income
South Sudan,2003,Africa,East Africa,Low income,Developing,Africa_Low income
South Sudan,2002,Africa,East Africa,Low income,Developing,Africa_Low income
South Sudan,2001,Africa,East Africa,Low income,Developing,Africa_Low income
South Sudan,2000,Africa,East Africa,Low income,Developing,Africa_Low income
South Sudan,1999,Africa,East Africa,Low income,Developing,Africa_Low income
South Sudan,1998,Africa,East Africa,Low income,Developing,Africa_Low income
South Sudan,1997,Africa,East Africa,Low income,Developing,Africa_Low income
South Sudan,1996,Africa,East Africa,Low income,Developing,Africa_Low income
South Sudan,1995,Africa,East Africa,Low income,Developing,Africa_Low income
South Sudan,1994,Africa,East Africa,Low income,Developing,Africa_Low income
South Sudan,1993,Africa,East Africa,Low income,Developing,Africa_Low income
South Sudan,1992,Africa,East Africa,Low income,Developing,Africa_Low income
South Sudan,1991,Africa,East Africa,Low income,Developing,Africa_Low income
South Sudan,1990,Africa,East Africa,Low income,Developing,Africa_Low income
South Sudan,1989,Africa,East Africa,Low income,Developing,Africa_Low income
South Sudan,1988,Africa,East Africa,Low income,Developing,Africa_Low income
South Sudan,1987,Africa,East Africa,Low income,Developing,Africa_Low income
South Sudan,1986,Africa,East Africa,Low income,Developing,Africa_Low income
South Sudan,1985,Africa,East Africa,Low income,Developing,Africa_Low income
South Sudan,1984,Africa,East Africa,Low income,Developing,Africa_Low income
South Sudan,1983,Africa,East Africa,Low income,Developing,Africa_Low income
South Sudan,1982,Africa,East Africa,Low income,Developing,Africa_Low income
South Sudan,1981,Africa,East Africa,Low income,Developing,Africa_Low income
South Sudan,1980,Africa,East Africa,Low income,Developing,Africa_Low income
South Sudan,1979,Africa,East Africa,Low income,Developing,Africa_Low income
South Sudan,1978,Africa,East Africa,Low income,Developing,Africa_Low income
South Sudan,1977,Africa,East Africa,Low income,Developing,Africa_Low income
South Sudan,1976,Africa,East Africa,Low income,Developing,Africa_Low income
South Sudan,1975,Africa,East Africa,Low income,Developing,Africa_Low income
South Sudan,1974,Africa,East Africa,Low income,Developing,Africa_Low income
Spain,2024,Europe,Southern Europe,High income,Developed,Europe_High income
Spain,2023,Europe,Southern Europe,High income,Developed,Europe_High income
Spain,2022,Europe,Southern Europe,High income,Developed,Europe_High income
Spain,2021,Europe,Southern Europe,High income,Developed,Europe_High income
Spain,2020,Europe,Southern Europe,High income,Developed,Europe_High income
Spain,2019,Europe,Southern Europe,High income,Developed,Europe_High income
Spain,2018,Europe,Southern Europe,High income,Developed,Europe_High income
Spain,2017,Europe,Southern Europe,High income,Developed,Europe_High income
Spain,2016,Europe,Southern Europe,High income,Developed,Europe_High income
Spain,2015,Europe,Southern Europe,High income,Developed,Europe_High income
Spain,2014,Europe,Southern Europe,High income,Developed,Europe_High income
Spain,2013,Europe,Southern Europe,High income,Developed,Europe_High income
Spain,2012,Europe,Southern Europe,High income,Developed,Europe_High income
Spain,2011,Europe,Southern Europe,High income,Developed,Europe_High income
Spain,2010,Europe,Southern Europe,High income,Developed,Europe_High income
Spain,2009,Europe,Southern Europe,High income,Developed,Europe_High income
Spain,2008,Europe,Southern Europe,High income,Developed,Europe_High income
Spain,2007,Europe,Southern Europe,High income,Developed,Europe_High income
Spain,2006,Europe,Southern Europe,High income,Developed,Europe_High income
Spain,2005,Europe,Southern Europe,High income,Developed,Europe_High income
Spain,2004,Europe,Southern Europe,High income,Developed,Europe_High income
Spain,2003,Europe,Southern Europe,High income,Developed,Europe_High income
Spain,2002,Europe,Southern Europe,High income,Developed,Europe_High income
Spain,2001,Europe,Southern Europe,High income,Developed,Europe_High income
Spain,2000,Europe,Southern Europe,High income,Developed,Europe_High income
Spain,1999,Europe,Southern Europe,High income,Developed,Europe_High income
Spain,1998,Europe,Southern Europe,High income,Developed,Europe_High income
Spain,1997,Europe,Southern Europe,High income,Developed,Europe_High income
Spain,1996,Europe,Southern Europe,High income,Developed,Europe_High income
Spain,1995,Europe,Southern Europe,High income,Developed,Europe_High income
Spain,1994,Europe,Southern Europe,High income,Developed,Europe_High income
Spain,1993,Europe,Southern Europe,High income,Developed,Europe_High income
Spain,1992,Europe,Southern Europe,High income,Developed,Europe_High income
Spain,1991,Europe,Southern Europe,High income,Developed,Europe_High income
Spain,1990,Europe,Southern Europe,High income,Developed,Europe_High income
Spain,1989,Europe,Southern Europe,High income,Developed,Europe_High income
Spain,1988,Europe,Southern Europe,High income,Developed,Europe_High income
Spain,1987,Europe,Southern Europe,High income,Developed,Europe_High income
Spain,1986,Europe,Southern Europe,High income,Developed,Europe_High income
Spain,1985,Europe,Southern Europe,High income,Developed,Europe_High income
Spain,1984,Europe,Southern Europe,High income,Developed,Europe_High income
Spain,1983,Europe,Southern Europe,High income,Developed,Europe_High income
Spain,1982,Europe,Southern Europe,High income,Developed,Europe_High income
Spain,1981,Europe,Southern Europe,High income,Developed,Europe_High income
Spain,1980,Europe,Southern Europe,High income,Developed,Europe_High income
Spain,1979,Europe,Southern Europe,High income,Developed,Europe_High income
Spain,1978,Europe,Southern Europe,High income,Developed,Europe_High income
Spain,1977,Europe,Southern Europe,High income,Developed,Europe_High income
Spain,1976,Europe,Southern Europe,High income,Developed,Europe_High income
Spain,1975,Europe,Southern Europe,High income,Developed,Europe_High income
Spain,1974,Europe,Southern Europe,High income,Developed,Europe_High income
Sri Lanka,2024,Asia,South Asia,Lower middle income,Developing,Asia_Lower middle income
Sri Lanka,2023,Asia,South Asia,Lower middle income,Developing,Asia_Lower middle income
Sri Lanka,2022,Asia,South Asia,Lower middle income,Developing,Asia_Lower middle income
Sri Lanka,2021,Asia,South Asia,Lower middle income,Developing,Asia_Lower middle income
Sri Lanka,2020,Asia,South Asia,Lower middle income,Developing,Asia_Lower middle income
Sri Lanka,2019,Asia,South Asia,Lower middle income,Developing,Asia_Lower middle income
Sri Lanka,2018,Asia,South Asia,Lower middle income,Developing,Asia_Lower middle income
Sri Lanka,2017,Asia,South Asia,Lower middle income,Developing,Asia_Lower middle income
Sri Lanka,2016,Asia,South Asia,Lower middle income,Developing,Asia_Lower middle income
Sri Lanka,2015,Asia,South Asia,Lower middle income,Developing,Asia_Lower middle income
Sri Lanka,2014,Asia,South Asia,Lower middle income,Developing,Asia_Lower middle income
Sri Lanka,2013,Asia,South Asia,Lower middle income,Developing,Asia_Lower middle income
Sri Lanka,2012,Asia,South Asia,Lower middle income,Developing,Asia_Lower middle income
Sri Lanka,2011,Asia,South Asia,Lower middle income,Developing,Asia_Lower middle income
Sri Lanka,2010,Asia,South Asia,Lower middle income,Developing,Asia_Lower middle income
Sri Lanka,2009,Asia,South Asia,Lower middle income,Developing,Asia_Lower middle income
Sri Lanka,2008,Asia,South Asia,Lower middle income,Developing,Asia_Lower middle income
Sri Lanka,2007,Asia,South Asia,Lower middle income,Developing,Asia_Lower middle income
Sri Lanka,2006,Asia,South Asia,Lower middle income,Developing,Asia_Lower middle income
Sri Lanka,2005,Asia,South Asia,Lower middle income,Developing,Asia_Lower middle income
Sri Lanka,2004,Asia,South Asia,Lower middle income,Developing,Asia_Lower middle income
Sri Lanka,2003,Asia,South Asia,Lower middle income,Developing,Asia_Lower middle income
Sri Lanka,2002,Asia,South Asia,Lower middle income,Developing,Asia_Lower middle income
Sri Lanka,2001,Asia,South Asia,Lower middle income,Developing,Asia_Lower middle income
Sri Lanka,2000,Asia,South Asia,Lower middle income,Developing,Asia_Lower middle income
Sri Lanka,1999,Asia,South Asia,Lower middle income,Developing,Asia_Lower middle income
Sri Lanka,1998,Asia,South Asia,Lower middle income,Developing,Asia_Lower middle income
Sri Lanka,1997,Asia,South Asia,Lower middle income,Developing,Asia_Lower middle income
Sri Lanka,1996,Asia,South Asia,Lower middle income,Developing,Asia_Lower middle income
Sri Lanka,1995,Asia,South Asia,Lower middle income,Developing,Asia_Lower middle income
Sri Lanka,1994,Asia,South Asia,Lower middle income,Developing,Asia_Lower middle income
Sri Lanka,1993,Asia,South Asia,Lower middle income,Developing,Asia_Lower middle income
Sri Lanka,1992,Asia,South Asia,Lower middle income,Developing,Asia_Lower middle income
Sri Lanka,1991,Asia,South Asia,Lower middle income,Developing,Asia_Lower middle income
Sri Lanka,1990,Asia,South Asia,Lower middle income,Developing,Asia_Lower middle income
Sri Lanka,1989,Asia,South Asia,Lower middle income,Developing,Asia_Lower middle income
Sri Lanka,1988,Asia,South Asia,Lower middle income,Developing,Asia_Lower middle income
Sri Lanka,1987,Asia,South Asia,Lower middle income,Developing,Asia_Lower middle income
Sri Lanka,1986,Asia,South Asia,Lower middle income,Developing,Asia_Lower middle income
Sri Lanka,1985,Asia,South Asia,Lower middle income,Developing,Asia_Lower middle income
Sri Lanka,1984,Asia,South Asia,Lower middle income,Developing,Asia_Lower middle income
Sri Lanka,1983,Asia,South Asia,Lower middle income,Developing,Asia_Lower middle income
Sri Lanka,1982,Asia,South Asia,Lower middle income,Developing,Asia_Lower middle income
Sri Lanka,1981,Asia,South Asia,Lower middle income,Developing,Asia_Lower middle income
Sri Lanka,1980,Asia,South Asia,Lower middle income,Developing,Asia_Lower middle income
Sri Lanka,1979,Asia,South Asia,Lower middle income,Developing,Asia_Lower middle income
Sri Lanka,1978,Asia,South Asia,Lower middle income,Developing,Asia_Lower middle income
Sri Lanka,1977,Asia,South Asia,Lower middle income,Developing,Asia_Lower middle income
Sri Lanka,1976,Asia,South Asia,Lower middle income,Developing,Asia_Lower middle income
Sri Lanka,1975,Asia,South Asia,Lower middle income,Developing,Asia_Lower middle income
Sri Lanka,1974,Asia,South Asia,Lower middle income,Developing,Asia_Lower middle income
St. Kitts and Nevis,2024,North America,Caribbean,High income,Developing,North America_High income
St. Kitts and Nevis,2023,North America,Caribbean,High income,Developing,North America_High income
St. Kitts and Nevis,2022,North America,Caribbean,High income,Developing,North America_High income
St. Kitts and Nevis,2021,North America,Caribbean,High income,Developing,North America_High income
St. Kitts and Nevis,2020,North America,Caribbean,High income,Developing,North America_High income
St. Kitts and Nevis,2019,North America,Caribbean,High income,Developing,North America_High income
St. Kitts and Nevis,2018,North America,Caribbean,High income,Developing,North America_High income
St. Kitts and Nevis,2017,North America,Caribbean,High income,Developing,North America_High income
St. Kitts and Nevis,2016,North America,Caribbean,High income,Developing,North America_High income
St. Kitts and Nevis,2015,North America,Caribbean,High income,Developing,North America_High income
St. Kitts and Nevis,2014,North America,Caribbean,High income,Developing,North America_High income
St. Kitts and Nevis,2013,North America,Caribbean,High income,Developing,North America_High income
St. Kitts and Nevis,2012,North America,Caribbean,High income,Developing,North America_High income
St. Kitts and Nevis,2011,North America,Caribbean,High income,Developing,North America_High income
St. Kitts and Nevis,2010,North America,Caribbean,High income,Developing,North America_High income
St. Kitts and Nevis,2009,North America,Caribbean,High income,Developing,North America_High income
St. Kitts and Nevis,2008,North America,Caribbean,High income,Developing,North America_High income
St. Kitts and Nevis,2007,North America,Caribbean,High income,Developing,North America_High income
St. Kitts and Nevis,2006,North America,Caribbean,High income,Developing,North America_High income
St. Kitts and Nevis,2005,North America,Caribbean,High income,Developing,North America_High income
St. Kitts and Nevis,2004,North America,Caribbean,High income,Developing,North America_High income
St. Kitts and Nevis,2003,North America,Caribbean,High income,Developing,North America_High income
St. Kitts and Nevis,2002,North America,Caribbean,High income,Developing,North America_High income
St. Kitts and Nevis,2001,North America,Caribbean,High income,Developing,North America_High income
St. Kitts and Nevis,2000,North America,Caribbean,High income,Developing,North America_High income
St. Kitts and Nevis,1999,North America,Caribbean,High income,Developing,North America_High income
St. Kitts and Nevis,1998,North America,Caribbean,High income,Developing,North America_High income
St. Kitts and Nevis,1997,North America,Caribbean,High income,Developing,North America_High income
St. Kitts and Nevis,1996,North America,Caribbean,High income,Developing,North America_High income
St. Kitts and Nevis,1995,North America,Caribbean,High income,Developing,North America_High income
St. Kitts and Nevis,1994,North America,Caribbean,High income,Developing,North America_High income
St. Kitts and Nevis,1993,North America,Caribbean,High income,Developing,North America_High income
St. Kitts and Nevis,1992,North America,Caribbean,High income,Developing,North America_High income
St. Kitts and Nevis,1991,North America,Caribbean,High income,Developing,North America_High income
St. Kitts and Nevis,1990,North America,Caribbean,High income,Developing,North America_High income
St. Kitts and Nevis,1989,North America,Caribbean,High income,Developing,North America_High income
St. Kitts and Nevis,1988,North America,Caribbean,High income,Developing,North America_High income
St. Kitts and Nevis,1987,North America,Caribbean,High income,Developing,North America_High income
St. Kitts and Nevis,1986,North America,Caribbean,High income,Developing,North America_High income
St. Kitts and Nevis,1985,North America,Caribbean,High income,Developing,North America_High income
St. Kitts and Nevis,1984,North America,Caribbean,High income,Developing,North America_High income
St. Kitts and Nevis,1983,North America,Caribbean,High income,Developing,North America_High income
St. Kitts and Nevis,1982,North America,Caribbean,High income,Developing,North America_High income
St. Kitts and Nevis,1981,North America,Caribbean,High income,Developing,North America_High income
St. Kitts and Nevis,1980,North America,Caribbean,High income,Developing,North America_High income
St. Kitts and Nevis,1979,North America,Caribbean,High income,Developing,North America_High income
St. Kitts and Nevis,1978,North America,Caribbean,High income,Developing,North America_High income
St. Kitts and Nevis,1977,North America,Caribbean,High income,Developing,North America_High income
St. Kitts and Nevis,1976,North America,Caribbean,High income,Developing,North America_High income
St. Kitts and Nevis,1975,North America,Caribbean,High income,Developing,North America_High income
St. Kitts and Nevis,1974,North America,Caribbean,High income,Developing,North America_High income
St. Lucia,2024,North America,Caribbean,Upper middle income,Developing,North America_Upper middle income
St. Lucia,2023,North America,Caribbean,Upper middle income,Developing,North America_Upper middle income
St. Lucia,2022,North America,Caribbean,Upper middle income,Developing,North America_Upper middle income
St. Lucia,2021,North America,Caribbean,Upper middle income,Developing,North America_Upper middle income
St. Lucia,2020,North America,Caribbean,Upper middle income,Developing,North America_Upper middle income
St. Lucia,2019,North America,Caribbean,Upper middle income,Developing,North America_Upper middle income
St. Lucia,2018,North America,Caribbean,Upper middle income,Developing,North America_Upper middle income
St. Lucia,2017,North America,Caribbean,Upper middle income,Developing,North America_Upper middle income
St. Lucia,2016,North America,Caribbean,Upper middle income,Developing,North America_Upper middle income
St. Lucia,2015,North America,Caribbean,Upper middle income,Developing,North America_Upper middle income
St. Lucia,2014,North America,Caribbean,Upper middle income,Developing,North America_Upper middle income
St. Lucia,2013,North America,Caribbean,Upper middle income,Developing,North America_Upper middle income
St. Lucia,2012,North America,Caribbean,Upper middle income,Developing,North America_Upper middle income
St. Lucia,2011,North America,Caribbean,Upper middle income,Developing,North America_Upper middle income
St. Lucia,2010,North America,Caribbean,Upper middle income,Developing,North America_Upper middle income
St. Lucia,2009,North America,Caribbean,Upper middle income,Developing,North America_Upper middle income
St. Lucia,2008,North America,Caribbean,Upper middle income,Developing,North America_Upper middle income
St. Lucia,2007,North America,Caribbean,Upper middle income,Developing,North America_Upper middle income
St. Lucia,2006,North America,Caribbean,Upper middle income,Developing,North America_Upper middle income
St. Lucia,2005,North America,Caribbean,Upper middle income,Developing,North America_Upper middle income
St. Lucia,2004,North America,Caribbean,Upper middle income,Developing,North America_Upper middle income
St. Lucia,2003,North America,Caribbean,Upper middle income,Developing,North America_Upper middle income
St. Lucia,2002,North America,Caribbean,Upper middle income,Developing,North America_Upper middle income
St. Lucia,2001,North America,Caribbean,Upper middle income,Developing,North America_Upper middle income
St. Lucia,2000,North America,Caribbean,Upper middle income,Developing,North America_Upper middle income
St. Lucia,1999,North America,Caribbean,Upper middle income,Developing,North America_Upper middle income
St. Lucia,1998,North America,Caribbean,Upper middle income,Developing,North America_Upper middle income
St. Lucia,1997,North America,Caribbean,Upper middle income,Developing,North America_Upper middle income
St. Lucia,1996,North America,Caribbean,Upper middle income,Developing,North America_Upper middle income
St. Lucia,1995,North America,Caribbean,Upper middle income,Developing,North America_Upper middle income
St. Lucia,1994,North America,Caribbean,Upper middle income,Developing,North America_Upper middle income
St. Lucia,1993,North America,Caribbean,Upper middle income,Developing,North America_Upper middle income
St. Lucia,1992,North America,Caribbean,Upper middle income,Developing,North America_Upper middle income
St. Lucia,1991,North America,Caribbean,Upper middle income,Developing,North America_Upper middle income
St. Lucia,1990,North America,Caribbean,Upper middle income,Developing,North America_Upper middle income
St. Lucia,1989,North America,Caribbean,Upper middle income,Developing,North America_Upper middle income
St. Lucia,1988,North America,Caribbean,Upper middle income,Developing,North America_Upper middle income
St. Lucia,1987,North America,Caribbean,Upper middle income,Developing,North America_Upper middle income
St. Lucia,1986,North America,Caribbean,Upper middle income,Developing,North America_Upper middle income
St. Lucia,1985,North America,Caribbean,Upper middle income,Developing,North America_Upper middle income
St. Lucia,1984,North America,Caribbean,Upper middle income,Developing,North America_Upper middle income
St. Lucia,1983,North America,Caribbean,Upper middle income,Developing,North America_Upper middle income
St. Lucia,1982,North America,Caribbean,Upper middle income,Developing,North America_Upper middle income
St. Lucia,1981,North America,Caribbean,Upper middle income,Developing,North America_Upper middle income
St. Lucia,1980,North America,Caribbean,Upper middle income,Developing,North America_Upper middle income
St. Lucia,1979,North America,Caribbean,Upper middle income,Developing,North America_Upper middle income
St. Lucia,1978,North America,Caribbean,Upper middle income,Developing,North America_Upper middle income
St. Lucia,1977,North America,Caribbean,Upper middle income,Developing,North America_Upper middle income
St. Lucia,1976,North America,Caribbean,Upper middle income,Developing,North America_Upper middle income
St. Lucia,1975,North America,Caribbean,Upper middle income,Developing,North America_Upper middle income
St. Lucia,1974,North America,Caribbean,Upper middle income,Developing,North America_Upper middle income
St. Martin (French part),2024,North America,Caribbean,High income,Developing,North America_High income
St. Martin (French part),2023,North America,Caribbean,High income,Developing,North America_High income
St. Martin (French part),2022,North America,Caribbean,High income,Developing,North America_High income
St. Martin (French part),2021,North America,Caribbean,High income,Developing,North America_High income
St. Martin (French part),2020,North America,Caribbean,High income,Developing,North America_High income
St. Martin (French part),2019,North America,Caribbean,High income,Developing,North America_High income
St. Martin (French part),2018,North America,Caribbean,High income,Developing,North America_High income
St. Martin (French part),2017,North America,Caribbean,High income,Developing,North America_High income
St. Martin (French part),2016,North America,Caribbean,High income,Developing,North America_High income
St. Martin (French part),2015,North America,Caribbean,High income,Developing,North America_High income
St. Martin (French part),2014,North America,Caribbean,High income,Developing,North America_High income
St. Martin (French part),2013,North America,Caribbean,High income,Developing,North America_High income
St. Martin (French part),2012,North America,Caribbean,High income,Developing,North America_High income
St. Martin (French part),2011,North America,Caribbean,High income,Developing,North America_High income
St. Martin (French part),2010,North America,Caribbean,High income,Developing,North America_High income
St. Martin (French part),2009,North America,Caribbean,High income,Developing,North America_High income
St. Martin (French part),2008,North America,Caribbean,High income,Developing,North America_High income
St. Martin (French part),2007,North America,Caribbean,High income,Developing,North America_High income
St. Martin (French part),2006,North America,Caribbean,High income,Developing,North America_High income
St. Martin (French part),2005,North America,Caribbean,High income,Developing,North America_High income
St. Martin (French part),2004,North America,Caribbean,High income,Developing,North America_High income
St. Martin (French part),2003,North America,Caribbean,High income,Developing,North America_High income
St. Martin (French part),2002,North America,Caribbean,High income,Developing,North America_High income
St. Martin (French part),2001,North America,Caribbean,High income,Developing,North America_High income
St. Martin (French part),2000,North America,Caribbean,High income,Developing,North America_High income
St. Martin (French part),1999,North America,Caribbean,High income,Developing,North America_High income
St. Martin (French part),1998,North America,Caribbean,High income,Developing,North America_High income
St. Martin (French part),1997,North America,Caribbean,High income,Developing,North America_High income
St. Martin (French part),1996,North America,Caribbean,High income,Developing,North America_High income
St. Martin (French part),1995,North America,Caribbean,High income,Developing,North America_High income
St. Martin (French part),1994,North America,Caribbean,High income,Developing,North America_High income
St. Martin (French part),1993,North America,Caribbean,High income,Developing,North America_High income
St. Martin (French part),1992,North America,Caribbean,High income,Developing,North America_High income
St. Martin (French part),1991,North America,Caribbean,High income,Developing,North America_High income
St. Martin (French part),1990,North America,Caribbean,High income,Developing,North America_High income
St. Martin (French part),1989,North America,Caribbean,High income,Developing,North America_High income
St. Martin (French part),1988,North America,Caribbean,High income,Developing,North America_High income
St. Martin (French part),1987,North America,Caribbean,High income,Developing,North America_High income
St. Martin (French part),1986,North America,Caribbean,High income,Developing,North America_High income
St. Martin (French part),1985,North America,Caribbean,High income,Developing,North America_High income
St. Martin (French part),1984,North America,Caribbean,High income,Developing,North America_High income
St. Martin (French part),1983,North America,Caribbean,High income,Developing,North America_High income
St. Martin (French part),1982,North America,Caribbean,High income,Developing,North America_High income
St. Martin (French part),1981,North America,Caribbean,High income,Developing,North America_High income
St. Martin (French part),1980,North America,Caribbean,High income,Developing,North America_High income
St. Martin (French part),1979,North America,Caribbean,High income,Developing,North America_High income
St. Martin (French part),1978,North America,Caribbean,High income,Developing,North America_High income
St. Martin (French part),1977,North America,Caribbean,High income,Developing,North America_High income
St. Martin (French part),1976,North America,Caribbean,High income,Developing,North America_High income
St. Martin (French part),1975,North America,Caribbean,High income,Developing,North America_High income
St. Martin (French part),1974,North America,Caribbean,High income,Developing,North America_High income
St. Vincent and the Grenadines,2024,North America,Caribbean,Upper middle income,Developing,North America_Upper middle income
St. Vincent and the Grenadines,2023,North America,Caribbean,Upper middle income,Developing,North America_Upper middle income
St. Vincent and the Grenadines,2022,North America,Caribbean,Upper middle income,Developing,North America_Upper middle income
St. Vincent and the Grenadines,2021,North America,Caribbean,Upper middle income,Developing,North America_Upper middle income
St. Vincent and the Grenadines,2020,North America,Caribbean,Upper middle income,Developing,North America_Upper middle income
St. Vincent and the Grenadines,2019,North America,Caribbean,Upper middle income,Developing,North America_Upper middle income
St. Vincent and the Grenadines,2018,North America,Caribbean,Upper middle income,Developing,North America_Upper middle income
St. Vincent and the Grenadines,2017,North America,Caribbean,Upper middle income,Developing,North America_Upper middle income
St. Vincent and the Grenadines,2016,North America,Caribbean,Upper middle income,Developing,North America_Upper middle income
St. Vincent and the Grenadines,2015,North America,Caribbean,Upper middle income,Developing,North America_Upper middle income
St. Vincent and the Grenadines,2014,North America,Caribbean,Upper middle income,Developing,North America_Upper middle income
St. Vincent and the Grenadines,2013,North America,Caribbean,Upper middle income,Developing,North America_Upper middle income
St. Vincent and the Grenadines,2012,North America,Caribbean,Upper middle income,Developing,North America_Upper middle income
St. Vincent and the Grenadines,2011,North America,Caribbean,Upper middle income,Developing,North America_Upper middle income
St. Vincent and the Grenadines,2010,North America,Caribbean,Upper middle income,Developing,North America_Upper middle income
St. Vincent and the Grenadines,2009,North America,Caribbean,Upper middle income,Developing,North America_Upper middle income
St. Vincent and the Grenadines,2008,North America,Caribbean,Upper middle income,Developing,North America_Upper middle income
St. Vincent and the Grenadines,2007,North America,Caribbean,Upper middle income,Developing,North America_Upper middle income
St. Vincent and the Grenadines,2006,North America,Caribbean,Upper middle income,Developing,North America_Upper middle income
St. Vincent and the Grenadines,2005,North America,Caribbean,Upper middle income,Developing,North America_Upper middle income
St. Vincent and the Grenadines,2004,North America,Caribbean,Upper middle income,Developing,North America_Upper middle income
St. Vincent and the Grenadines,2003,North America,Caribbean,Upper middle income,Developing,North America_Upper middle income
St. Vincent and the Grenadines,2002,North America,Caribbean,Upper middle income,Developing,North America_Upper middle income
St. Vincent and the Grenadines,2001,North America,Caribbean,Upper middle income,Developing,North America_Upper middle income
St. Vincent and the Grenadines,2000,North America,Caribbean,Upper middle income,Developing,North America_Upper middle income
St. Vincent and the Grenadines,1999,North America,Caribbean,Upper middle income,Developing,North America_Upper middle income
St. Vincent and the Grenadines,1998,North America,Caribbean,Upper middle income,Developing,North America_Upper middle income
St. Vincent and the Grenadines,1997,North America,Caribbean,Upper middle income,Developing,North America_Upper middle income
St. Vincent and the Grenadines,1996,North America,Caribbean,Upper middle income,Developing,North America_Upper middle income
St. Vincent and the Grenadines,1995,North America,Caribbean,Upper middle income,Developing,North America_Upper middle income
St. Vincent and the Grenadines,1994,North America,Caribbean,Upper middle income,Developing,North America_Upper middle income
St. Vincent and the Grenadines,1993,North America,Caribbean,Upper middle income,Developing,North America_Upper middle income
St. Vincent and the Grenadines,1992,North America,Caribbean,Upper middle income,Developing,North America_Upper middle income
St. Vincent and the Grenadines,1991,North America,Caribbean,Upper middle income,Developing,North America_Upper middle income
St. Vincent and the Grenadines,1990,North America,Caribbean,Upper middle income,Developing,North America_Upper middle income
St. Vincent and the Grenadines,1989,North America,Caribbean,Upper middle income,Developing,North America_Upper middle income
St. Vincent and the Grenadines,1988,North America,Caribbean,Upper middle income,Developing,North America_Upper middle income
St. Vincent and the Grenadines,1987,North America,Caribbean,Upper middle income,Developing,North America_Upper middle income
St. Vincent and the Grenadines,1986,North America,Caribbean,Upper middle income,Developing,North America_Upper middle income
St. Vincent and the Grenadines,1985,North America,Caribbean,Upper middle income,Developing,North America_Upper middle income
St. Vincent and the Grenadines,1984,North America,Caribbean,Upper middle income,Developing,North America_Upper middle income
St. Vincent and the Grenadines,1983,North America,Caribbean,Upper middle income,Developing,North America_Upper middle income
St. Vincent and the Grenadines,1982,North America,Caribbean,Upper middle income,Developing,North America_Upper middle income
St. Vincent and the Grenadines,1981,North America,Caribbean,Upper middle income,Developing,North America_Upper middle income
St. Vincent and the Grenadines,1980,North America,Caribbean,Upper middle income,Developing,North America_Upper middle income
St. Vincent and the Grenadines,1979,North America,Caribbean,Upper middle income,Developing,North America_Upper middle income
St. Vincent and the Grenadines,1978,North America,Caribbean,Upper middle income,Developing,North America_Upper middle income
St. Vincent and the Grenadines,1977,North America,Caribbean,Upper middle income,Developing,North America_Upper middle income
St. Vincent and the Grenadines,1976,North America,Caribbean,Upper middle income,Developing,North America_Upper middle income
St. Vincent and the Grenadines,1975,North America,Caribbean,Upper middle income,Developing,North America_Upper middle income
St. Vincent and the Grenadines,1974,North America,Caribbean,Upper middle income,Developing,North America_Upper middle income
Sudan,2024,Africa,North Africa,Low income,Developing,Africa_Low income
Sudan,2023,Africa,North Africa,Low income,Developing,Africa_Low income
Sudan,2022,Africa,North Africa,Low income,Developing,Africa_Low income
Sudan,2021,Africa,North Africa,Low income,Developing,Africa_Low income
Sudan,2020,Africa,North Africa,Low income,Developing,Africa_Low income
Sudan,2019,Africa,North Africa,Low income,Developing,Africa_Low income
Sudan,2018,Africa,North Africa,Low income,Developing,Africa_Low income
Sudan,2017,Africa,North Africa,Low income,Developing,Africa_Low income
Sudan,2016,Africa,North Africa,Low income,Developing,Africa_Low income
Sudan,2015,Africa,North Africa,Low income,Developing,Africa_Low income
Sudan,2014,Africa,North Africa,Low income,Developing,Africa_Low income
Sudan,2013,Africa,North Africa,Low income,Developing,Africa_Low income
Sudan,2012,Africa,North Africa,Low income,Developing,Africa_Low income
Sudan,2011,Africa,North Africa,Low income,Developing,Africa_Low income
Sudan,2010,Africa,North Africa,Low income,Developing,Africa_Low income
Sudan,2009,Africa,North Africa,Low income,Developing,Africa_Low income
Sudan,2008,Africa,North Africa,Low income,Developing,Africa_Low income
Sudan,2007,Africa,North Africa,Low income,Developing,Africa_Low income
Sudan,2006,Africa,North Africa,Low income,Developing,Africa_Low income
Sudan,2005,Africa,North Africa,Low income,Developing,Africa_Low income
Sudan,2004,Africa,North Africa,Low income,Developing,Africa_Low income
Sudan,2003,Africa,North Africa,Low income,Developing,Africa_Low income
Sudan,2002,Africa,North Africa,Low income,Developing,Africa_Low income
Sudan,2001,Africa,North Africa,Low income,Developing,Africa_Low income
Sudan,2000,Africa,North Africa,Low income,Developing,Africa_Low income
Sudan,1999,Africa,North Africa,Low income,Developing,Africa_Low income
Sudan,1998,Africa,North Africa,Low income,Developing,Africa_Low income
Sudan,1997,Africa,North Africa,Low income,Developing,Africa_Low income
Sudan,1996,Africa,North Africa,Low income,Developing,Africa_Low income
Sudan,1995,Africa,North Africa,Low income,Developing,Africa_Low income
Sudan,1994,Africa,North Africa,Low income,Developing,Africa_Low income
Sudan,1993,Africa,North Africa,Low income,Developing,Africa_Low income
Sudan,1992,Africa,North Africa,Low income,Developing,Africa_Low income
Sudan,1991,Africa,North Africa,Low income,Developing,Africa_Low income
Sudan,1990,Africa,North Africa,Low income,Developing,Africa_Low income
Sudan,1989,Africa,North Africa,Low income,Developing,Africa_Low income
Sudan,1988,Africa,North Africa,Low income,Developing,Africa_Low income
Sudan,1987,Africa,North Africa,Low income,Developing,Africa_Low income
Sudan,1986,Africa,North Africa,Low income,Developing,Africa_Low income
Sudan,1985,Africa,North Africa,Low income,Developing,Africa_Low income
Sudan,1984,Africa,North Africa,Low income,Developing,Africa_Low income
Sudan,1983,Africa,North Africa,Low income,Developing,Africa_Low income
Sudan,1982,Africa,North Africa,Low income,Developing,Africa_Low income
Sudan,1981,Africa,North Africa,Low income,Developing,Africa_Low income
Sudan,1980,Africa,North Africa,Low income,Developing,Africa_Low income
Sudan,1979,Africa,North Africa,Low income,Developing,Africa_Low income
Sudan,1978,Africa,North Africa,Low income,Developing,Africa_Low income
Sudan,1977,Africa,North Africa,Low income,Developing,Africa_Low income
Sudan,1976,Africa,North Africa,Low income,Developing,Africa_Low income
Sudan,1975,Africa,North Africa,Low income,Developing,Africa_Low income
Sudan,1974,Africa,North Africa,Low income,Developing,Africa_Low income
Suriname,2024,South America,South America,Upper middle income,Developing,South America_Upper middle income
Suriname,2023,South America,South America,Upper middle income,Developing,South America_Upper middle income
Suriname,2022,South America,South America,Upper middle income,Developing,South America_Upper middle income
Suriname,2021,South America,South America,Upper middle income,Developing,South America_Upper middle income
Suriname,2020,South America,South America,Upper middle income,Developing,South America_Upper middle income
Suriname,2019,South America,South America,Upper middle income,Developing,South America_Upper middle income
Suriname,2018,South America,South America,Upper middle income,Developing,South America_Upper middle income
Suriname,2017,South America,South America,Upper middle income,Developing,South America_Upper middle income
Suriname,2016,South America,South America,Upper middle income,Developing,South America_Upper middle income
Suriname,2015,South America,South America,Upper middle income,Developing,South America_Upper middle income
Suriname,2014,South America,South America,Upper middle income,Developing,South America_Upper middle income
Suriname,2013,South America,South America,Upper middle income,Developing,South America_Upper middle income
Suriname,2012,South America,South America,Upper middle income,Developing,South America_Upper middle income
Suriname,2011,South America,South America,Upper middle income,Developing,South America_Upper middle income
Suriname,2010,South America,South America,Upper middle income,Developing,South America_Upper middle income
Suriname,2009,South America,South America,Upper middle income,Developing,South America_Upper middle income
Suriname,2008,South America,South America,Upper middle income,Developing,South America_Upper middle income
Suriname,2007,South America,South America,Upper middle income,Developing,South America_Upper middle income
Suriname,2006,South America,South America,Upper middle income,Developing,South America_Upper middle income
Suriname,2005,South America,South America,Upper middle income,Developing,South America_Upper middle income
Suriname,2004,South America,South America,Upper middle income,Developing,South America_Upper middle income
Suriname,2003,South America,South America,Upper middle income,Developing,South America_Upper middle income
Suriname,2002,South America,South America,Upper middle income,Developing,South America_Upper middle income
Suriname,2001,South America,South America,Upper middle income,Developing,South America_Upper middle income
Suriname,2000,South America,South America,Upper middle income,Developing,South America_Upper middle income
Suriname,1999,South America,South America,Upper middle income,Developing,South America_Upper middle income
Suriname,1998,South America,South America,Upper middle income,Developing,South America_Upper middle income
Suriname,1997,South America,South America,Upper middle income,Developing,South America_Upper middle income
Suriname,1996,South America,South America,Upper middle income,Developing,South America_Upper middle income
Suriname,1995,South America,South America,Upper middle income,Developing,South America_Upper middle income
Suriname,1994,South America,South America,Upper middle income,Developing,South America_Upper middle income
Suriname,1993,South America,South America,Upper middle income,Developing,South America_Upper middle income
Suriname,1992,South America,South America,Upper middle income,Developing,South America_Upper middle income
Suriname,1991,South America,South America,Upper middle income,Developing,South America_Upper middle income
Suriname,1990,South America,South America,Upper middle income,Developing,South America_Upper middle income
Suriname,1989,South America,South America,Upper middle income,Developing,South America_Upper middle income
Suriname,1988,South America,South America,Upper middle income,Developing,South America_Upper middle income
Suriname,1987,South America,South America,Upper middle income,Developing,South America_Upper middle income
Suriname,1986,South America,South America,Upper middle income,Developing,South America_Upper middle income
Suriname,1985,South America,South America,Upper middle income,Developing,South America_Upper middle income
Suriname,1984,South America,South America,Upper middle income,Developing,South America_Upper middle income
Suriname,1983,South America,South America,Upper middle income,Developing,South America_Upper middle income
Suriname,1982,South America,South America,Upper middle income,Developing,South America_Upper middle income
Suriname,1981,South America,South America,Upper middle income,Developing,South America_Upper middle income
Suriname,1980,South America,South America,Upper middle income,Developing,South America_Upper middle income
Suriname,1979,South America,South America,Upper middle income,Developing,South America_Upper middle income
Suriname,1978,South America,South America,Upper middle income,Developing,South America_Upper middle income
Suriname,1977,South America,South America,Upper middle income,Developing,South America_Upper middle income
Suriname,1976,South America,South America,Upper middle income,Developing,South America_Upper middle income
Suriname,1975,South America,South America,Upper middle income,Developing,South America_Upper middle income
Suriname,1974,South America,South America,Upper middle income,Developing,South America_Upper middle income
Sweden,2024,Europe,Northern Europe,High income,Developed,Europe_High income
Sweden,2023,Europe,Northern Europe,High income,Developed,Europe_High income
Sweden,2022,Europe,Northern Europe,High income,Developed,Europe_High income
Sweden,2021,Europe,Northern Europe,High income,Developed,Europe_High income
Sweden,2020,Europe,Northern Europe,High income,Developed,Europe_High income
Sweden,2019,Europe,Northern Europe,High income,Developed,Europe_High income
Sweden,2018,Europe,Northern Europe,High income,Developed,Europe_High income
Sweden,2017,Europe,Northern Europe,High income,Developed,Europe_High income
Sweden,2016,Europe,Northern Europe,High income,Developed,Europe_High income
Sweden,2015,Europe,Northern Europe,High income,Developed,Europe_High income
Sweden,2014,Europe,Northern Europe,High income,Developed,Europe_High income
Sweden,2013,Europe,Northern Europe,High income,Developed,Europe_High income
Sweden,2012,Europe,Northern Europe,High income,Developed,Europe_High income
Sweden,2011,Europe,Northern Europe,High income,Developed,Europe_High income
Sweden,2010,Europe,Northern Europe,High income,Developed,Europe_High income
Sweden,2009,Europe,Northern Europe,High income,Developed,Europe_High income
Sweden,2008,Europe,Northern Europe,High income,Developed,Europe_High income
Sweden,2007,Europe,Northern Europe,High income,Developed,Europe_High income
Sweden,2006,Europe,Northern Europe,High income,Developed,Europe_High income
Sweden,2005,Europe,Northern Europe,High income,Developed,Europe_High income
Sweden,2004,Europe,Northern Europe,High income,Developed,Europe_High income
Sweden,2003,Europe,Northern Europe,High income,Developed,Europe_High income
Sweden,2002,Europe,Northern Europe,High income,Developed,Europe_High income
Sweden,2001,Europe,Northern Europe,High income,Developed,Europe_High income
Sweden,2000,Europe,Northern Europe,High income,Developed,Europe_High income
Sweden,1999,Europe,Northern Europe,High income,Developed,Europe_High income
Sweden,1998,Europe,Northern Europe,High income,Developed,Europe_High income
Sweden,1997,Europe,Northern Europe,High income,Developed,Europe_High income
Sweden,1996,Europe,Northern Europe,High income,Developed,Europe_High income
Sweden,1995,Europe,Northern Europe,High income,Developed,Europe_High income
Sweden,1994,Europe,Northern Europe,High income,Developed,Europe_High income
Sweden,1993,Europe,Northern Europe,High income,Developed,Europe_High income
Sweden,1992,Europe,Northern Europe,High income,Developed,Europe_High income
Sweden,1991,Europe,Northern Europe,High income,Developed,Europe_High income
Sweden,1990,Europe,Northern Europe,High income,Developed,Europe_High income
Sweden,1989,Europe,Northern Europe,High income,Developed,Europe_High income
Sweden,1988,Europe,Northern Europe,High income,Developed,Europe_High income
Sweden,1987,Europe,Northern Europe,High income,Developed,Europe_High income
Sweden,1986,Europe,Northern Europe,High income,Developed,Europe_High income
Sweden,1985,Europe,Northern Europe,High income,Developed,Europe_High income
Sweden,1984,Europe,Northern Europe,High income,Developed,Europe_High income
Sweden,1983,Europe,Northern Europe,High income,Developed,Europe_High income
Sweden,1982,Europe,Northern Europe,High income,Developed,Europe_High income
Sweden,1981,Europe,Northern Europe,High income,Developed,Europe_High income
Sweden,1980,Europe,Northern Europe,High income,Developed,Europe_High income
Sweden,1979,Europe,Northern Europe,High income,Developed,Europe_High income
Sweden,1978,Europe,Northern Europe,High income,Developed,Europe_High income
Sweden,1977,Europe,Northern Europe,High income,Developed,Europe_High income
Sweden,1976,Europe,Northern Europe,High income,Developed,Europe_High income
Sweden,1975,Europe,Northern Europe,High income,Developed,Europe_High income
Sweden,1974,Europe,Northern Europe,High income,Developed,Europe_High income
Switzerland,2024,Europe,Western Europe,High income,Developed,Europe_High income
Switzerland,2023,Europe,Western Europe,High income,Developed,Europe_High income
Switzerland,2022,Europe,Western Europe,High income,Developed,Europe_High income
Switzerland,2021,Europe,Western Europe,High income,Developed,Europe_High income
Switzerland,2020,Europe,Western Europe,High income,Developed,Europe_High income
Switzerland,2019,Europe,Western Europe,High income,Developed,Europe_High income
Switzerland,2018,Europe,Western Europe,High income,Developed,Europe_High income
Switzerland,2017,Europe,Western Europe,High income,Developed,Europe_High income
Switzerland,2016,Europe,Western Europe,High income,Developed,Europe_High income
Switzerland,2015,Europe,Western Europe,High income,Developed,Europe_High income
Switzerland,2014,Europe,Western Europe,High income,Developed,Europe_High income
Switzerland,2013,Europe,Western Europe,High income,Developed,Europe_High income
Switzerland,2012,Europe,Western Europe,High income,Developed,Europe_High income
Switzerland,2011,Europe,Western Europe,High income,Developed,Europe_High income
Switzerland,2010,Europe,Western Europe,High income,Developed,Europe_High income
Switzerland,2009,Europe,Western Europe,High income,Developed,Europe_High income
Switzerland,2008,Europe,Western Europe,High income,Developed,Europe_High income
Switzerland,2007,Europe,Western Europe,High income,Developed,Europe_High income
Switzerland,2006,Europe,Western Europe,High income,Developed,Europe_High income
Switzerland,2005,Europe,Western Europe,High income,Developed,Europe_High income
Switzerland,2004,Europe,Western Europe,High income,Developed,Europe_High income
Switzerland,2003,Europe,Western Europe,High income,Developed,Europe_High income
Switzerland,2002,Europe,Western Europe,High income,Developed,Europe_High income
Switzerland,2001,Europe,Western Europe,High income,Developed,Europe_High income
Switzerland,2000,Europe,Western Europe,High income,Developed,Europe_High income
Switzerland,1999,Europe,Western Europe,High income,Developed,Europe_High income
Switzerland,1998,Europe,Western Europe,High income,Developed,Europe_High income
Switzerland,1997,Europe,Western Europe,High income,Developed,Europe_High income
Switzerland,1996,Europe,Western Europe,High income,Developed,Europe_High income
Switzerland,1995,Europe,Western Europe,High income,Developed,Europe_High income
Switzerland,1994,Europe,Western Europe,High income,Developed,Europe_High income
Switzerland,1993,Europe,Western Europe,High income,Developed,Europe_High income
Switzerland,1992,Europe,Western Europe,High income,Developed,Europe_High income
Switzerland,1991,Europe,Western Europe,High income,Developed,Europe_High income
Switzerland,1990,Europe,Western Europe,High income,Developed,Europe_High income
Switzerland,1989,Europe,Western Europe,High income,Developed,Europe_High income
Switzerland,1988,Europe,Western Europe,High income,Developed,Europe_High income
Switzerland,1987,Europe,Western Europe,High income,Developed,Europe_High income
Switzerland,1986,Europe,Western Europe,High income,Developed,Europe_High income
Switzerland,1985,Europe,Western Europe,High income,Developed,Europe_High income
Switzerland,1984,Europe,Western Europe,High income,Developed,Europe_High income
Switzerland,1983,Europe,Western Europe,High income,Developed,Europe_High income
Switzerland,1982,Europe,Western Europe,High income,Developed,Europe_High income
Switzerland,1981,Europe,Western Europe,High income,Developed,Europe_High income
Switzerland,1980,Europe,Western Europe,High income,Developed,Europe_High income
Switzerland,1979,Europe,Western Europe,High income,Developed,Europe_High income
Switzerland,1978,Europe,Western Europe,High income,Developed,Europe_High income
Switzerland,1977,Europe,Western Europe,High income,Developed,Europe_High income
Switzerland,1976,Europe,Western Europe,High income,Developed,Europe_High income
Switzerland,1975,Europe,Western Europe,High income,Developed,Europe_High income
Switzerland,1974,Europe,Western Europe,High income,Developed,Europe_High income
Syrian Arab Republic,2024,Asia,Middle East,Low income,Developing,Asia_Low income
Syrian Arab Republic,2023,Asia,Middle East,Low income,Developing,Asia_Low income
Syrian Arab Republic,2022,Asia,Middle East,Low income,Developing,Asia_Low income
Syrian Arab Republic,2021,Asia,Middle East,Low income,Developing,Asia_Low income
Syrian Arab Republic,2020,Asia,Middle East,Low income,Developing,Asia_Low income
Syrian Arab Republic,2019,Asia,Middle East,Low income,Developing,Asia_Low income
Syrian Arab Republic,2018,Asia,Middle East,Low income,Developing,Asia_Low income
Syrian Arab Republic,2017,Asia,Middle East,Low income,Developing,Asia_Low income
Syrian Arab Republic,2016,Asia,Middle East,Low income,Developing,Asia_Low income
Syrian Arab Republic,2015,Asia,Middle East,Low income,Developing,Asia_Low income
Syrian Arab Republic,2014,Asia,Middle East,Low income,Developing,Asia_Low income
Syrian Arab Republic,2013,Asia,Middle East,Low income,Developing,Asia_Low income
Syrian Arab Republic,2012,Asia,Middle East,Low income,Developing,Asia_Low income
Syrian Arab Republic,2011,Asia,Middle East,Low income,Developing,Asia_Low income
Syrian Arab Republic,2010,Asia,Middle East,Low income,Developing,Asia_Low income
Syrian Arab Republic,2009,Asia,Middle East,Low income,Developing,Asia_Low income
Syrian Arab Republic,2008,Asia,Middle East,Low income,Developing,Asia_Low income
Syrian Arab Republic,2007,Asia,Middle East,Low income,Developing,Asia_Low income
Syrian Arab Republic,2006,Asia,Middle East,Low income,Developing,Asia_Low income
Syrian Arab Republic,2005,Asia,Middle East,Low income,Developing,Asia_Low income
Syrian Arab Republic,2004,Asia,Middle East,Low income,Developing,Asia_Low income
Syrian Arab Republic,2003,Asia,Middle East,Low income,Developing,Asia_Low income
Syrian Arab Republic,2002,Asia,Middle East,Low income,Developing,Asia_Low income
Syrian Arab Republic,2001,Asia,Middle East,Low income,Developing,Asia_Low income
Syrian Arab Republic,2000,Asia,Middle East,Low income,Developing,Asia_Low income
Syrian Arab Republic,1999,Asia,Middle East,Low income,Developing,Asia_Low income
Syrian Arab Republic,1998,Asia,Middle East,Low income,Developing,Asia_Low income
Syrian Arab Republic,1997,Asia,Middle East,Low income,Developing,Asia_Low income
Syrian Arab Republic,1996,Asia,Middle East,Low income,Developing,Asia_Low income
Syrian Arab Republic,1995,Asia,Middle East,Low income,Developing,Asia_Low income
Syrian Arab Republic,1994,Asia,Middle East,Low income,Developing,Asia_Low income
Syrian Arab Republic,1993,Asia,Middle East,Low income,Developing,Asia_Low income
Syrian Arab Republic,1992,Asia,Middle East,Low income,Developing,Asia_Low income
Syrian Arab Republic,1991,Asia,Middle East,Low income,Developing,Asia_Low income
Syrian Arab Republic,1990,Asia,Middle East,Low income,Developing,Asia_Low income
Syrian Arab Republic,1989,Asia,Middle East,Low income,Developing,Asia_Low income
Syrian Arab Republic,1988,Asia,Middle East,Low income,Developing,Asia_Low income
Syrian Arab Republic,1987,Asia,Middle East,Low income,Developing,Asia_Low income
Syrian Arab Republic,1986,Asia,Middle East,Low income,Developing,Asia_Low income
Syrian Arab Republic,1985,Asia,Middle East,Low income,Developing,Asia_Low income
Syrian Arab Republic,1984,Asia,Middle East,Low income,Developing,Asia_Low income
Syrian Arab Republic,1983,Asia,Middle East,Low income,Developing,Asia_Low income
Syrian Arab Republic,1982,Asia,Middle East,Low income,Developing,Asia_Low income
Syrian Arab Republic,1981,Asia,Middle East,Low income,Developing,Asia_Low income
Syrian Arab Republic,1980,Asia,Middle East,Low income,Developing,Asia_Low income
Syrian Arab Republic,1979,Asia,Middle East,Low income,Developing,Asia_Low income
Syrian Arab Republic,1978,Asia,Middle East,Low income,Developing,Asia_Low income
Syrian Arab Republic,1977,Asia,Middle East,Low income,Developing,Asia_Low income
Syrian Arab Republic,1976,Asia,Middle East,Low income,Developing,Asia_Low income
Syrian Arab Republic,1975,Asia,Middle East,Low income,Developing,Asia_Low income
Syrian Arab Republic,1974,Asia,Middle East,Low income,Developing,Asia_Low income
Tajikistan,2024,Asia,Central Asia,Lower middle income,Developing,Asia_Lower middle income
Tajikistan,2023,Asia,Central Asia,Lower middle income,Developing,Asia_Lower middle income
Tajikistan,2022,Asia,Central Asia,Lower middle income,Developing,Asia_Lower middle income
Tajikistan,2021,Asia,Central Asia,Lower middle income,Developing,Asia_Lower middle income
Tajikistan,2020,Asia,Central Asia,Lower middle income,Developing,Asia_Lower middle income
Tajikistan,2019,Asia,Central Asia,Lower middle income,Developing,Asia_Lower middle income
Tajikistan,2018,Asia,Central Asia,Lower middle income,Developing,Asia_Lower middle income
Tajikistan,2017,Asia,Central Asia,Lower middle income,Developing,Asia_Lower middle income
Tajikistan,2016,Asia,Central Asia,Lower middle income,Developing,Asia_Lower middle income
Tajikistan,2015,Asia,Central Asia,Lower middle income,Developing,Asia_Lower middle income
Tajikistan,2014,Asia,Central Asia,Lower middle income,Developing,Asia_Lower middle income
Tajikistan,2013,Asia,Central Asia,Lower middle income,Developing,Asia_Lower middle income
Tajikistan,2012,Asia,Central Asia,Lower middle income,Developing,Asia_Lower middle income
Tajikistan,2011,Asia,Central Asia,Lower middle income,Developing,Asia_Lower middle income
Tajikistan,2010,Asia,Central Asia,Lower middle income,Developing,Asia_Lower middle income
Tajikistan,2009,Asia,Central Asia,Lower middle income,Developing,Asia_Lower middle income
Tajikistan,2008,Asia,Central Asia,Lower middle income,Developing,Asia_Lower middle income
Tajikistan,2007,Asia,Central Asia,Lower middle income,Developing,Asia_Lower middle income
Tajikistan,2006,Asia,Central Asia,Lower middle income,Developing,Asia_Lower middle income
Tajikistan,2005,Asia,Central Asia,Lower middle income,Developing,Asia_Lower middle income
Tajikistan,2004,Asia,Central Asia,Lower middle income,Developing,Asia_Lower middle income
Tajikistan,2003,Asia,Central Asia,Lower middle income,Developing,Asia_Lower middle income
Tajikistan,2002,Asia,Central Asia,Lower middle income,Developing,Asia_Lower middle income
Tajikistan,2001,Asia,Central Asia,Lower middle income,Developing,Asia_Lower middle income
Tajikistan,2000,Asia,Central Asia,Lower middle income,Developing,Asia_Lower middle income
Tajikistan,1999,Asia,Central Asia,Lower middle income,Developing,Asia_Lower middle income
Tajikistan,1998,Asia,Central Asia,Lower middle income,Developing,Asia_Lower middle income
Tajikistan,1997,Asia,Central Asia,Lower middle income,Developing,Asia_Lower middle income
Tajikistan,1996,Asia,Central Asia,Lower middle income,Developing,Asia_Lower middle income
Tajikistan,1995,Asia,Central Asia,Lower middle income,Developing,Asia_Lower middle income
Tajikistan,1994,Asia,Central Asia,Lower middle income,Developing,Asia_Lower middle income
Tajikistan,1993,Asia,Central Asia,Lower middle income,Developing,Asia_Lower middle income
Tajikistan,1992,Asia,Central Asia,Lower middle income,Developing,Asia_Lower middle income
Tajikistan,1991,Asia,Central Asia,Lower middle income,Developing,Asia_Lower middle income
Tajikistan,1990,Asia,Central Asia,Lower middle income,Developing,Asia_Lower middle income
Tajikistan,1989,Asia,Central Asia,Lower middle income,Developing,Asia_Lower middle income
Tajikistan,1988,Asia,Central Asia,Lower middle income,Developing,Asia_Lower middle income
Tajikistan,1987,Asia,Central Asia,Lower middle income,Developing,Asia_Lower middle income
Tajikistan,1986,Asia,Central Asia,Lower middle income,Developing,Asia_Lower middle income
Tajikistan,1985,Asia,Central Asia,Lower middle income,Developing,Asia_Lower middle income
Tajikistan,1984,Asia,Central Asia,Lower middle income,Developing,Asia_Lower middle income
Tajikistan,1983,Asia,Central Asia,Lower middle income,Developing,Asia_Lower middle income
Tajikistan,1982,Asia,Central Asia,Lower middle income,Developing,Asia_Lower middle income
Tajikistan,1981,Asia,Central Asia,Lower middle income,Developing,Asia_Lower middle income
Tajikistan,1980,Asia,Central Asia,Lower middle income,Developing,Asia_Lower middle income
Tajikistan,1979,Asia,Central Asia,Lower middle income,Developing,Asia_Lower middle income
Tajikistan,1978,Asia,Central Asia,Lower middle income,Developing,Asia_Lower middle income
Tajikistan,1977,Asia,Central Asia,Lower middle income,Developing,Asia_Lower middle income
Tajikistan,1976,Asia,Central Asia,Lower middle income,Developing,Asia_Lower middle income
Tajikistan,1975,Asia,Central Asia,Lower middle income,Developing,Asia_Lower middle income
Tajikistan,1974,Asia,Central Asia,Lower middle income,Developing,Asia_Lower middle income
Tanzania,2024,Africa,East Africa,Lower middle income,Developing,Africa_Lower middle income
Tanzania,2023,Africa,East Africa,Lower middle income,Developing,Africa_Lower middle income
Tanzania,2022,Africa,East Africa,Lower middle income,Developing,Africa_Lower middle income
Tanzania,2021,Africa,East Africa,Lower middle income,Developing,Africa_Lower middle income
Tanzania,2020,Africa,East Africa,Lower middle income,Developing,Africa_Lower middle income
Tanzania,2019,Africa,East Africa,Lower middle income,Developing,Africa_Lower middle income
Tanzania,2018,Africa,East Africa,Lower middle income,Developing,Africa_Lower middle income
Tanzania,2017,Africa,East Africa,Lower middle income,Developing,Africa_Lower middle income
Tanzania,2016,Africa,East Africa,Lower middle income,Developing,Africa_Lower middle income
Tanzania,2015,Africa,East Africa,Lower middle income,Developing,Africa_Lower middle income
Tanzania,2014,Africa,East Africa,Lower middle income,Developing,Africa_Lower middle income
Tanzania,2013,Africa,East Africa,Lower middle income,Developing,Africa_Lower middle income
Tanzania,2012,Africa,East Africa,Lower middle income,Developing,Africa_Lower middle income
Tanzania,2011,Africa,East Africa,Lower middle income,Developing,Africa_Lower middle income
Tanzania,2010,Africa,East Africa,Lower middle income,Developing,Africa_Lower middle income
Tanzania,2009,Africa,East Africa,Lower middle income,Developing,Africa_Lower middle income
Tanzania,2008,Africa,East Africa,Lower middle income,Developing,Africa_Lower middle income
Tanzania,2007,Africa,East Africa,Lower middle income,Developing,Africa_Lower middle income
Tanzania,2006,Africa,East Africa,Lower middle income,Developing,Africa_Lower middle income
Tanzania,2005,Africa,East Africa,Lower middle income,Developing,Africa_Lower middle income
Tanzania,2004,Africa,East Africa,Lower middle income,Developing,Africa_Lower middle income
Tanzania,2003,Africa,East Africa,Lower middle income,Developing,Africa_Lower middle income
Tanzania,2002,Africa,East Africa,Lower middle income,Developing,Africa_Lower middle income
Tanzania,2001,Africa,East Africa,Lower middle income,Developing,Africa_Lower middle income
Tanzania,2000,Africa,East Africa,Lower middle income,Developing,Africa_Lower middle income
Tanzania,1999,Africa,East Africa,Lower middle income,Developing,Africa_Lower middle income
Tanzania,1998,Africa,East Africa,Lower middle income,Developing,Africa_Lower middle income
Tanzania,1997,Africa,East Africa,Lower middle income,Developing,Africa_Lower middle income
Tanzania,1996,Africa,East Africa,Lower middle income,Developing,Africa_Lower middle income
Tanzania,1995,Africa,East Africa,Lower middle income,Developing,Africa_Lower middle income
Tanzania,1994,Africa,East Africa,Lower middle income,Developing,Africa_Lower middle income
Tanzania,1993,Africa,East Africa,Lower middle income,Developing,Africa_Lower middle income
Tanzania,1992,Africa,East Africa,Lower middle income,Developing,Africa_Lower middle income
Tanzania,1991,Africa,East Africa,Lower middle income,Developing,Africa_Lower middle income
Tanzania,1990,Africa,East Africa,Lower middle income,Developing,Africa_Lower middle income
Tanzania,1989,Africa,East Africa,Lower middle income,Developing,Africa_Lower middle income
Tanzania,1988,Africa,East Africa,Lower middle income,Developing,Africa_Lower middle income
Tanzania,1987,Africa,East Africa,Lower middle income,Developing,Africa_Lower middle income
Tanzania,1986,Africa,East Africa,Lower middle income,Developing,Africa_Lower middle income
Tanzania,1985,Africa,East Africa,Lower middle income,Developing,Africa_Lower middle income
Tanzania,1984,Africa,East Africa,Lower middle income,Developing,Africa_Lower middle income
Tanzania,1983,Africa,East Africa,Lower middle income,Developing,Africa_Lower middle income
Tanzania,1982,Africa,East Africa,Lower middle income,Developing,Africa_Lower middle income
Tanzania,1981,Africa,East Africa,Lower middle income,Developing,Africa_Lower middle income
Tanzania,1980,Africa,East Africa,Lower middle income,Developing,Africa_Lower middle income
Tanzania,1979,Africa,East Africa,Lower middle income,Developing,Africa_Lower middle income
Tanzania,1978,Africa,East Africa,Lower middle income,Developing,Africa_Lower middle income
Tanzania,1977,Africa,East Africa,Lower middle income,Developing,Africa_Lower middle income
Tanzania,1976,Africa,East Africa,Lower middle income,Developing,Africa_Lower middle income
Tanzania,1975,Africa,East Africa,Lower middle income,Developing,Africa_Lower middle income
Tanzania,1974,Africa,East Africa,Lower middle income,Developing,Africa_Lower middle income
Thailand,2024,Asia,Southeast Asia,Upper middle income,Developing,Asia_Upper middle income
Thailand,2023,Asia,Southeast Asia,Upper middle income,Developing,Asia_Upper middle income
Thailand,2022,Asia,Southeast Asia,Upper middle income,Developing,Asia_Upper middle income
Thailand,2021,Asia,Southeast Asia,Upper middle income,Developing,Asia_Upper middle income
Thailand,2020,Asia,Southeast Asia,Upper middle income,Developing,Asia_Upper middle income
Thailand,2019,Asia,Southeast Asia,Upper middle income,Developing,Asia_Upper middle income
Thailand,2018,Asia,Southeast Asia,Upper middle income,Developing,Asia_Upper middle income
Thailand,2017,Asia,Southeast Asia,Upper middle income,Developing,Asia_Upper middle income
Thailand,2016,Asia,Southeast Asia,Upper middle income,Developing,Asia_Upper middle income
Thailand,2015,Asia,Southeast Asia,Upper middle income,Developing,Asia_Upper middle income
Thailand,2014,Asia,Southeast Asia,Upper middle income,Developing,Asia_Upper middle income
Thailand,2013,Asia,Southeast Asia,Upper middle income,Developing,Asia_Upper middle income
Thailand,2012,Asia,Southeast Asia,Upper middle income,Developing,Asia_Upper middle income
Thailand,2011,Asia,Southeast Asia,Upper middle income,Developing,Asia_Upper middle income
Thailand,2010,Asia,Southeast Asia,Upper middle income,Developing,Asia_Upper middle income
Thailand,2009,Asia,Southeast Asia,Upper middle income,Developing,Asia_Upper middle income
Thailand,2008,Asia,Southeast Asia,Upper middle income,Developing,Asia_Upper middle income
Thailand,2007,Asia,Southeast Asia,Upper middle income,Developing,Asia_Upper middle income
Thailand,2006,Asia,Southeast Asia,Upper middle income,Developing,Asia_Upper middle income
Thailand,2005,Asia,Southeast Asia,Upper middle income,Developing,Asia_Upper middle income
Thailand,2004,Asia,Southeast Asia,Upper middle income,Developing,Asia_Upper middle income
Thailand,2003,Asia,Southeast Asia,Upper middle income,Developing,Asia_Upper middle income
Thailand,2002,Asia,Southeast Asia,Upper middle income,Developing,Asia_Upper middle income
Thailand,2001,Asia,Southeast Asia,Upper middle income,Developing,Asia_Upper middle income
Thailand,2000,Asia,Southeast Asia,Upper middle income,Developing,Asia_Upper middle income
Thailand,1999,Asia,Southeast Asia,Upper middle income,Developing,Asia_Upper middle income
Thailand,1998,Asia,Southeast Asia,Upper middle income,Developing,Asia_Upper middle income
Thailand,1997,Asia,Southeast Asia,Upper middle income,Developing,Asia_Upper middle income
Thailand,1996,Asia,Southeast Asia,Upper middle income,Developing,Asia_Upper middle income
Thailand,1995,Asia,Southeast Asia,Upper middle income,Developing,Asia_Upper middle income
Thailand,1994,Asia,Southeast Asia,Upper middle income,Developing,Asia_Upper middle income
Thailand,1993,Asia,Southeast Asia,Upper middle income,Developing,Asia_Upper middle income
Thailand,1992,Asia,Southeast Asia,Upper middle income,Developing,Asia_Upper middle income
Thailand,1991,Asia,Southeast Asia,Upper middle income,Developing,Asia_Upper middle income
Thailand,1990,Asia,Southeast Asia,Upper middle income,Developing,Asia_Upper middle income
Thailand,1989,Asia,Southeast Asia,Upper middle income,Developing,Asia_Upper middle income
Thailand,1988,Asia,Southeast Asia,Upper middle income,Developing,Asia_Upper middle income
Thailand,1987,Asia,Southeast Asia,Upper middle income,Developing,Asia_Upper middle income
Thailand,1986,Asia,Southeast Asia,Upper middle income,Developing,Asia_Upper middle income
Thailand,1985,Asia,Southeast Asia,Upper middle income,Developing,Asia_Upper middle income
Thailand,1984,Asia,Southeast Asia,Upper middle income,Developing,Asia_Upper middle income
Thailand,1983,Asia,Southeast Asia,Upper middle income,Developing,Asia_Upper middle income
Thailand,1982,Asia,Southeast Asia,Upper middle income,Developing,Asia_Upper middle income
Thailand,1981,Asia,Southeast Asia,Upper middle income,Developing,Asia_Upper middle income
Thailand,1980,Asia,Southeast Asia,Upper middle income,Developing,Asia_Upper middle income
Thailand,1979,Asia,Southeast Asia,Upper middle income,Developing,Asia_Upper middle income
Thailand,1978,Asia,Southeast Asia,Upper middle income,Developing,Asia_Upper middle income
Thailand,1977,Asia,Southeast Asia,Upper middle income,Developing,Asia_Upper middle income
Thailand,1976,Asia,Southeast Asia,Upper middle income,Developing,Asia_Upper middle income
Thailand,1975,Asia,Southeast Asia,Upper middle income,Developing,Asia_Upper middle income
Thailand,1974,Asia,Southeast Asia,Upper middle income,Developing,Asia_Upper middle income
Timor-Leste,2024,Asia,Southeast Asia,Lower middle income,Developing,Asia_Lower middle income
Timor-Leste,2023,Asia,Southeast Asia,Lower middle income,Developing,Asia_Lower middle income
Timor-Leste,2022,Asia,Southeast Asia,Lower middle income,Developing,Asia_Lower middle income
Timor-Leste,2021,Asia,Southeast Asia,Lower middle income,Developing,Asia_Lower middle income
Timor-Leste,2020,Asia,Southeast Asia,Lower middle income,Developing,Asia_Lower middle income
Timor-Leste,2019,Asia,Southeast Asia,Lower middle income,Developing,Asia_Lower middle income
Timor-Leste,2018,Asia,Southeast Asia,Lower middle income,Developing,Asia_Lower middle income
Timor-Leste,2017,Asia,Southeast Asia,Lower middle income,Developing,Asia_Lower middle income
Timor-Leste,2016,Asia,Southeast Asia,Lower middle income,Developing,Asia_Lower middle income
Timor-Leste,2015,Asia,Southeast Asia,Lower middle income,Developing,Asia_Lower middle income
Timor-Leste,2014,Asia,Southeast Asia,Lower middle income,Developing,Asia_Lower middle income
Timor-Leste,2013,Asia,Southeast Asia,Lower middle income,Developing,Asia_Lower middle income
Timor-Leste,2012,Asia,Southeast Asia,Lower middle income,Developing,Asia_Lower middle income
Timor-Leste,2011,Asia,Southeast Asia,Lower middle income,Developing,Asia_Lower middle income
Timor-Leste,2010,Asia,Southeast Asia,Lower middle income,Developing,Asia_Lower middle income
Timor-Leste,2009,Asia,Southeast Asia,Lower middle income,Developing,Asia_Lower middle income
Timor-Leste,2008,Asia,Southeast Asia,Lower middle income,Developing,Asia_Lower middle income
Timor-Leste,2007,Asia,Southeast Asia,Lower middle income,Developing,Asia_Lower middle income
Timor-Leste,2006,Asia,Southeast Asia,Lower middle income,Developing,Asia_Lower middle income
Timor-Leste,2005,Asia,Southeast Asia,Lower middle income,Developing,Asia_Lower middle income
Timor-Leste,2004,Asia,Southeast Asia,Lower middle income,Developing,Asia_Lower middle income
Timor-Leste,2003,Asia,Southeast Asia,Lower middle income,Developing,Asia_Lower middle income
Timor-Leste,2002,Asia,Southeast Asia,Lower middle income,Developing,Asia_Lower middle income
Timor-Leste,2001,Asia,Southeast Asia,Lower middle income,Developing,Asia_Lower middle income
Timor-Leste,2000,Asia,Southeast Asia,Lower middle income,Developing,Asia_Lower middle income
Timor-Leste,1999,Asia,Southeast Asia,Lower middle income,Developing,Asia_Lower middle income
Timor-Leste,1998,Asia,Southeast Asia,Lower middle income,Developing,Asia_Lower middle income
Timor-Leste,1997,Asia,Southeast Asia,Lower middle income,Developing,Asia_Lower middle income
Timor-Leste,1996,Asia,Southeast Asia,Lower middle income,Developing,Asia_Lower middle income
Timor-Leste,1995,Asia,Southeast Asia,Lower middle income,Developing,Asia_Lower middle income
Timor-Leste,1994,Asia,Southeast Asia,Lower middle income,Developing,Asia_Lower middle income
Timor-Leste,1993,Asia,Southeast Asia,Lower middle income,Developing,Asia_Lower middle income
Timor-Leste,1992,Asia,Southeast Asia,Lower middle income,Developing,Asia_Lower middle income
Timor-Leste,1991,Asia,Southeast Asia,Lower middle income,Developing,Asia_Lower middle income
Timor-Leste,1990,Asia,Southeast Asia,Lower middle income,Developing,Asia_Lower middle income
Timor-Leste,1989,Asia,Southeast Asia,Lower middle income,Developing,Asia_Lower middle income
Timor-Leste,1988,Asia,Southeast Asia,Lower middle income,Developing,Asia_Lower middle income
Timor-Leste,1987,Asia,Southeast Asia,Lower middle income,Developing,Asia_Lower middle income
Timor-Leste,1986,Asia,Southeast Asia,Lower middle income,Developing,Asia_Lower middle income
Timor-Leste,1985,Asia,Southeast Asia,Lower middle income,Developing,Asia_Lower middle income
Timor-Leste,1984,Asia,Southeast Asia,Lower middle income,Developing,Asia_Lower middle income
Timor-Leste,1983,Asia,Southeast Asia,Lower middle income,Developing,Asia_Lower middle income
Timor-Leste,1982,Asia,Southeast Asia,Lower middle income,Developing,Asia_Lower middle income
Timor-Leste,1981,Asia,Southeast Asia,Lower middle income,Developing,Asia_Lower middle income
Timor-Leste,1980,Asia,Southeast Asia,Lower middle income,Developing,Asia_Lower middle income
Timor-Leste,1979,Asia,Southeast Asia,Lower middle income,Developing,Asia_Lower middle income
Timor-Leste,1978,Asia,Southeast Asia,Lower middle income,Developing,Asia_Lower middle income
Timor-Leste,1977,Asia,Southeast Asia,Lower middle income,Developing,Asia_Lower middle income
Timor-Leste,1976,Asia,Southeast Asia,Lower middle income,Developing,Asia_Lower middle income
Timor-Leste,1975,Asia,Southeast Asia,Lower middle income,Developing,Asia_Lower middle income
Timor-Leste,1974,Asia,Southeast Asia,Lower middle income,Developing,Asia_Lower middle income
Togo,2024,Africa,West Africa,Low income,Developing,Africa_Low income
Togo,2023,Africa,West Africa,Low income,Developing,Africa_Low income
Togo,2022,Africa,West Africa,Low income,Developing,Africa_Low income
Togo,2021,Africa,West Africa,Low income,Developing,Africa_Low income
Togo,2020,Africa,West Africa,Low income,Developing,Africa_Low income
Togo,2019,Africa,West Africa,Low income,Developing,Africa_Low income
Togo,2018,Africa,West Africa,Low income,Developing,Africa_Low income
Togo,2017,Africa,West Africa,Low income,Developing,Africa_Low income
Togo,2016,Africa,West Africa,Low income,Developing,Africa_Low income
Togo,2015,Africa,West Africa,Low income,Developing,Africa_Low income
Togo,2014,Africa,West Africa,Low income,Developing,Africa_Low income
Togo,2013,Africa,West Africa,Low income,Developing,Africa_Low income
Togo,2012,Africa,West Africa,Low income,Developing,Africa_Low income
Togo,2011,Africa,West Africa,Low income,Developing,Africa_Low income
Togo,2010,Africa,West Africa,Low income,Developing,Africa_Low income
Togo,2009,Africa,West Africa,Low income,Developing,Africa_Low income
Togo,2008,Africa,West Africa,Low income,Developing,Africa_Low income
Togo,2007,Africa,West Africa,Low income,Developing,Africa_Low income
Togo,2006,Africa,West Africa,Low income,Developing,Africa_Low income
Togo,2005,Africa,West Africa,Low income,Developing,Africa_Low income
Togo,2004,Africa,West Africa,Low income,Developing,Africa_Low income
Togo,2003,Africa,West Africa,Low income,Developing,Africa_Low income
Togo,2002,Africa,West Africa,Low income,Developing,Africa_Low income
Togo,2001,Africa,West Africa,Low income,Developing,Africa_Low income
Togo,2000,Africa,West Africa,Low income,Developing,Africa_Low income
Togo,1999,Africa,West Africa,Low income,Developing,Africa_Low income
Togo,1998,Africa,West Africa,Low income,Developing,Africa_Low income
Togo,1997,Africa,West Africa,Low income,Developing,Africa_Low income
Togo,1996,Africa,West Africa,Low income,Developing,Africa_Low income
Togo,1995,Africa,West Africa,Low income,Developing,Africa_Low income
Togo,1994,Africa,West Africa,Low income,Developing,Africa_Low income
Togo,1993,Africa,West Africa,Low income,Developing,Africa_Low income
Togo,1992,Africa,West Africa,Low income,Developing,Africa_Low income
Togo,1991,Africa,West Africa,Low income,Developing,Africa_Low income
Togo,1990,Africa,West Africa,Low income,Developing,Africa_Low income
Togo,1989,Africa,West Africa,Low income,Developing,Africa_Low income
Togo,1988,Africa,West Africa,Low income,Developing,Africa_Low income
Togo,1987,Africa,West Africa,Low income,Developing,Africa_Low income
Togo,1986,Africa,West Africa,Low income,Developing,Africa_Low income
Togo,1985,Africa,West Africa,Low income,Developing,Africa_Low income
Togo,1984,Africa,West Africa,Low income,Developing,Africa_Low income
Togo,1983,Africa,West Africa,Low income,Developing,Africa_Low income
Togo,1982,Africa,West Africa,Low income,Developing,Africa_Low income
Togo,1981,Africa,West Africa,Low income,Developing,Africa_Low income
Togo,1980,Africa,West Africa,Low income,Developing,Africa_Low income
Togo,1979,Africa,West Africa,Low income,Developing,Africa_Low income
Togo,1978,Africa,West Africa,Low income,Developing,Africa_Low income
Togo,1977,Africa,West Africa,Low income,Developing,Africa_Low income
Togo,1976,Africa,West Africa,Low income,Developing,Africa_Low income
Togo,1975,Africa,West Africa,Low income,Developing,Africa_Low income
Togo,1974,Africa,West Africa,Low income,Developing,Africa_Low income
Tonga,2024,Oceania,Polynesia,Upper middle income,Developing,Oceania_Upper middle income
Tonga,2023,Oceania,Polynesia,Upper middle income,Developing,Oceania_Upper middle income
Tonga,2022,Oceania,Polynesia,Upper middle income,Developing,Oceania_Upper middle income
Tonga,2021,Oceania,Polynesia,Upper middle income,Developing,Oceania_Upper middle income
Tonga,2020,Oceania,Polynesia,Upper middle income,Developing,Oceania_Upper middle income
Tonga,2019,Oceania,Polynesia,Upper middle income,Developing,Oceania_Upper middle income
Tonga,2018,Oceania,Polynesia,Upper middle income,Developing,Oceania_Upper middle income
Tonga,2017,Oceania,Polynesia,Upper middle income,Developing,Oceania_Upper middle income
Tonga,2016,Oceania,Polynesia,Upper middle income,Developing,Oceania_Upper middle income
Tonga,2015,Oceania,Polynesia,Upper middle income,Developing,Oceania_Upper middle income
Tonga,2014,Oceania,Polynesia,Upper middle income,Developing,Oceania_Upper middle income
Tonga,2013,Oceania,Polynesia,Upper middle income,Developing,Oceania_Upper middle income
Tonga,2012,Oceania,Polynesia,Upper middle income,Developing,Oceania_Upper middle income
Tonga,2011,Oceania,Polynesia,Upper middle income,Developing,Oceania_Upper middle income
Tonga,2010,Oceania,Polynesia,Upper middle income,Developing,Oceania_Upper middle income
Tonga,2009,Oceania,Polynesia,Upper middle income,Developing,Oceania_Upper middle income
Tonga,2008,Oceania,Polynesia,Upper middle income,Developing,Oceania_Upper middle income
Tonga,2007,Oceania,Polynesia,Upper middle income,Developing,Oceania_Upper middle income
Tonga,2006,Oceania,Polynesia,Upper middle income,Developing,Oceania_Upper middle income
Tonga,2005,Oceania,Polynesia,Upper middle income,Developing,Oceania_Upper middle income
Tonga,2004,Oceania,Polynesia,Upper middle income,Developing,Oceania_Upper middle income
Tonga,2003,Oceania,Polynesia,Upper middle income,Developing,Oceania_Upper middle income
Tonga,2002,Oceania,Polynesia,Upper middle income,Developing,Oceania_Upper middle income
Tonga,2001,Oceania,Polynesia,Upper middle income,Developing,Oceania_Upper middle income
Tonga,2000,Oceania,Polynesia,Upper middle income,Developing,Oceania_Upper middle income
Tonga,1999,Oceania,Polynesia,Upper middle income,Developing,Oceania_Upper middle income
Tonga,1998,Oceania,Polynesia,Upper middle income,Developing,Oceania_Upper middle income
Tonga,1997,Oceania,Polynesia,Upper middle income,Developing,Oceania_Upper middle income
Tonga,1996,Oceania,Polynesia,Upper middle income,Developing,Oceania_Upper middle income
Tonga,1995,Oceania,Polynesia,Upper middle income,Developing,Oceania_Upper middle income
Tonga,1994,Oceania,Polynesia,Upper middle income,Developing,Oceania_Upper middle income
Tonga,1993,Oceania,Polynesia,Upper middle income,Developing,Oceania_Upper middle income
Tonga,1992,Oceania,Polynesia,Upper middle income,Developing,Oceania_Upper middle income
Tonga,1991,Oceania,Polynesia,Upper middle income,Developing,Oceania_Upper middle income
Tonga,1990,Oceania,Polynesia,Upper middle income,Developing,Oceania_Upper middle income
Tonga,1989,Oceania,Polynesia,Upper middle income,Developing,Oceania_Upper middle income
Tonga,1988,Oceania,Polynesia,Upper middle income,Developing,Oceania_Upper middle income
Tonga,1987,Oceania,Polynesia,Upper middle income,Developing,Oceania_Upper middle income
Tonga,1986,Oceania,Polynesia,Upper middle income,Developing,Oceania_Upper middle income
Tonga,1985,Oceania,Polynesia,Upper middle income,Developing,Oceania_Upper middle income
Tonga,1984,Oceania,Polynesia,Upper middle income,Developing,Oceania_Upper middle income
Tonga,1983,Oceania,Polynesia,Upper middle income,Developing,Oceania_Upper middle income
Tonga,1982,Oceania,Polynesia,Upper middle income,Developing,Oceania_Upper middle income
Tonga,1981,Oceania,Polynesia,Upper middle income,Developing,Oceania_Upper middle income
Tonga,1980,Oceania,Polynesia,Upper middle income,Developing,Oceania_Upper middle income
Tonga,1979,Oceania,Polynesia,Upper middle income,Developing,Oceania_Upper middle income
Tonga,1978,Oceania,Polynesia,Upper middle income,Developing,Oceania_Upper middle income
Tonga,1977,Oceania,Polynesia,Upper middle income,Developing,Oceania_Upper middle income
Tonga,1976,Oceania,Polynesia,Upper middle income,Developing,Oceania_Upper middle income
Tonga,1975,Oceania,Polynesia,Upper middle income,Developing,Oceania_Upper middle income
Tonga,1974,Oceania,Polynesia,Upper middle income,Developing,Oceania_Upper middle income
Trinidad and Tobago,2024,North America,Caribbean,High income,Developing,North America_High income
Trinidad and Tobago,2023,North America,Caribbean,High income,Developing,North America_High income
Trinidad and Tobago,2022,North America,Caribbean,High income,Developing,North America_High income
Trinidad and Tobago,2021,North America,Caribbean,High income,Developing,North America_High income
Trinidad and Tobago,2020,North America,Caribbean,High income,Developing,North America_High income
Trinidad and Tobago,2019,North America,Caribbean,High income,Developing,North America_High income
Trinidad and Tobago,2018,North America,Caribbean,High income,Developing,North America_High income
Trinidad and Tobago,2017,North America,Caribbean,High income,Developing,North America_High income
Trinidad and Tobago,2016,North America,Caribbean,High income,Developing,North America_High income
Trinidad and Tobago,2015,North America,Caribbean,High income,Developing,North America_High income
Trinidad and Tobago,2014,North America,Caribbean,High income,Developing,North America_High income
Trinidad and Tobago,2013,North America,Caribbean,High income,Developing,North America_High income
Trinidad and Tobago,2012,North America,Caribbean,High income,Developing,North America_High income
Trinidad and Tobago,2011,North America,Caribbean,High income,Developing,North America_High income
Trinidad and Tobago,2010,North America,Caribbean,High income,Developing,North America_High income
Trinidad and Tobago,2009,North America,Caribbean,High income,Developing,North America_High income
Trinidad and Tobago,2008,North America,Caribbean,High income,Developing,North America_High income
Trinidad and Tobago,2007,North America,Caribbean,High income,Developing,North America_High income
Trinidad and Tobago,2006,North America,Caribbean,High income,Developing,North America_High income
Trinidad and Tobago,2005,North America,Caribbean,High income,Developing,North America_High income
Trinidad and Tobago,2004,North America,Caribbean,High income,Developing,North America_High income
Trinidad and Tobago,2003,North America,Caribbean,High income,Developing,North America_High income
Trinidad and Tobago,2002,North America,Caribbean,High income,Developing,North America_High income
Trinidad and Tobago,2001,North America,Caribbean,High income,Developing,North America_High income
Trinidad and Tobago,2000,North America,Caribbean,High income,Developing,North America_High income
Trinidad and Tobago,1999,North America,Caribbean,High income,Developing,North America_High income
Trinidad and Tobago,1998,North America,Caribbean,High income,Developing,North America_High income
Trinidad and Tobago,1997,North America,Caribbean,High income,Developing,North America_High income
Trinidad and Tobago,1996,North America,Caribbean,High income,Developing,North America_High income
Trinidad and Tobago,1995,North America,Caribbean,High income,Developing,North America_High income
Trinidad and Tobago,1994,North America,Caribbean,High income,Developing,North America_High income
Trinidad and Tobago,1993,North America,Caribbean,High income,Developing,North America_High income
Trinidad and Tobago,1992,North America,Caribbean,High income,Developing,North America_High income
Trinidad and Tobago,1991,North America,Caribbean,High income,Developing,North America_High income
Trinidad and Tobago,1990,North America,Caribbean,High income,Developing,North America_High income
Trinidad and Tobago,1989,North America,Caribbean,High income,Developing,North America_High income
Trinidad and Tobago,1988,North America,Caribbean,High income,Developing,North America_High income
Trinidad and Tobago,1987,North America,Caribbean,High income,Developing,North America_High income
Trinidad and Tobago,1986,North America,Caribbean,High income,Developing,North America_High income
Trinidad and Tobago,1985,North America,Caribbean,High income,Developing,North America_High income
Trinidad and Tobago,1984,North America,Caribbean,High income,Developing,North America_High income
Trinidad and Tobago,1983,North America,Caribbean,High income,Developing,North America_High income
Trinidad and Tobago,1982,North America,Caribbean,High income,Developing,North America_High income
Trinidad and Tobago,1981,North America,Caribbean,High income,Developing,North America_High income
Trinidad and Tobago,1980,North America,Caribbean,High income,Developing,North America_High income
Trinidad and Tobago,1979,North America,Caribbean,High income,Developing,North America_High income
Trinidad and Tobago,1978,North America,Caribbean,High income,Developing,North America_High income
Trinidad and Tobago,1977,North America,Caribbean,High income,Developing,North America_High income
Trinidad and Tobago,1976,North America,Caribbean,High income,Developing,North America_High income
Trinidad and Tobago,1975,North America,Caribbean,High income,Developing,North America_High income
Trinidad and Tobago,1974,North America,Caribbean,High income,Developing,North America_High income
Tunisia,2024,Africa,North Africa,Lower middle income,Developing,Africa_Lower middle income
Tunisia,2023,Africa,North Africa,Lower middle income,Developing,Africa_Lower middle income
Tunisia,2022,Africa,North Africa,Lower middle income,Developing,Africa_Lower middle income
Tunisia,2021,Africa,North Africa,Lower middle income,Developing,Africa_Lower middle income
Tunisia,2020,Africa,North Africa,Lower middle income,Developing,Africa_Lower middle income
Tunisia,2019,Africa,North Africa,Lower middle income,Developing,Africa_Lower middle income
Tunisia,2018,Africa,North Africa,Lower middle income,Developing,Africa_Lower middle income
Tunisia,2017,Africa,North Africa,Lower middle income,Developing,Africa_Lower middle income
Tunisia,2016,Africa,North Africa,Lower middle income,Developing,Africa_Lower middle income
Tunisia,2015,Africa,North Africa,Lower middle income,Developing,Africa_Lower middle income
Tunisia,2014,Africa,North Africa,Lower middle income,Developing,Africa_Lower middle income
Tunisia,2013,Africa,North Africa,Lower middle income,Developing,Africa_Lower middle income
Tunisia,2012,Africa,North Africa,Lower middle income,Developing,Africa_Lower middle income
Tunisia,2011,Africa,North Africa,Lower middle income,Developing,Africa_Lower middle income
Tunisia,2010,Africa,North Africa,Lower middle income,Developing,Africa_Lower middle income
Tunisia,2009,Africa,North Africa,Lower middle income,Developing,Africa_Lower middle income
Tunisia,2008,Africa,North Africa,Lower middle income,Developing,Africa_Lower middle income
Tunisia,2007,Africa,North Africa,Lower middle income,Developing,Africa_Lower middle income
Tunisia,2006,Africa,North Africa,Lower middle income,Developing,Africa_Lower middle income
Tunisia,2005,Africa,North Africa,Lower middle income,Developing,Africa_Lower middle income
Tunisia,2004,Africa,North Africa,Lower middle income,Developing,Africa_Lower middle income
Tunisia,2003,Africa,North Africa,Lower middle income,Developing,Africa_Lower middle income
Tunisia,2002,Africa,North Africa,Lower middle income,Developing,Africa_Lower middle income
Tunisia,2001,Africa,North Africa,Lower middle income,Developing,Africa_Lower middle income
Tunisia,2000,Africa,North Africa,Lower middle income,Developing,Africa_Lower middle income
Tunisia,1999,Africa,North Africa,Lower middle income,Developing,Africa_Lower middle income
Tunisia,1998,Africa,North Africa,Lower middle income,Developing,Africa_Lower middle income
Tunisia,1997,Africa,North Africa,Lower middle income,Developing,Africa_Lower middle income
Tunisia,1996,Africa,North Africa,Lower middle income,Developing,Africa_Lower middle income
Tunisia,1995,Africa,North Africa,Lower middle income,Developing,Africa_Lower middle income
Tunisia,1994,Africa,North Africa,Lower middle income,Developing,Africa_Lower middle income
Tunisia,1993,Africa,North Africa,Lower middle income,Developing,Africa_Lower middle income
Tunisia,1992,Africa,North Africa,Lower middle income,Developing,Africa_Lower middle income
Tunisia,1991,Africa,North Africa,Lower middle income,Developing,Africa_Lower middle income
Tunisia,1990,Africa,North Africa,Lower middle income,Developing,Africa_Lower middle income
Tunisia,1989,Africa,North Africa,Lower middle income,Developing,Africa_Lower middle income
Tunisia,1988,Africa,North Africa,Lower middle income,Developing,Africa_Lower middle income
Tunisia,1987,Africa,North Africa,Lower middle income,Developing,Africa_Lower middle income
Tunisia,1986,Africa,North Africa,Lower middle income,Developing,Africa_Lower middle income
Tunisia,1985,Africa,North Africa,Lower middle income,Developing,Africa_Lower middle income
Tunisia,1984,Africa,North Africa,Lower middle income,Developing,Africa_Lower middle income
Tunisia,1983,Africa,North Africa,Lower middle income,Developing,Africa_Lower middle income
Tunisia,1982,Africa,North Africa,Lower middle income,Developing,Africa_Lower middle income
Tunisia,1981,Africa,North Africa,Lower middle income,Developing,Africa_Lower middle income
Tunisia,1980,Africa,North Africa,Lower middle income,Developing,Africa_Lower middle income
Tunisia,1979,Africa,North Africa,Lower middle income,Developing,Africa_Lower middle income
Tunisia,1978,Africa,North Africa,Lower middle income,Developing,Africa_Lower middle income
Tunisia,1977,Africa,North Africa,Lower middle income,Developing,Africa_Lower middle income
Tunisia,1976,Africa,North Africa,Lower middle income,Developing,Africa_Lower middle income
Tunisia,1975,Africa,North Africa,Lower middle income,Developing,Africa_Lower middle income
Tunisia,1974,Africa,North Africa,Lower middle income,Developing,Africa_Lower middle income
Turkiye,2024,Asia,Western Asia,Upper middle income,Developing,Asia_Upper middle income
Turkiye,2023,Asia,Western Asia,Upper middle income,Developing,Asia_Upper middle income
Turkiye,2022,Asia,Western Asia,Upper middle income,Developing,Asia_Upper middle income
Turkiye,2021,Asia,Western Asia,Upper middle income,Developing,Asia_Upper middle income
Turkiye,2020,Asia,Western Asia,Upper middle income,Developing,Asia_Upper middle income
Turkiye,2019,Asia,Western Asia,Upper middle income,Developing,Asia_Upper middle income
Turkiye,2018,Asia,Western Asia,Upper middle income,Developing,Asia_Upper middle income
Turkiye,2017,Asia,Western Asia,Upper middle income,Developing,Asia_Upper middle income
Turkiye,2016,Asia,Western Asia,Upper middle income,Developing,Asia_Upper middle income
Turkiye,2015,Asia,Western Asia,Upper middle income,Developing,Asia_Upper middle income
Turkiye,2014,Asia,Western Asia,Upper middle income,Developing,Asia_Upper middle income
Turkiye,2013,Asia,Western Asia,Upper middle income,Developing,Asia_Upper middle income
Turkiye,2012,Asia,Western Asia,Upper middle income,Developing,Asia_Upper middle income
Turkiye,2011,Asia,Western Asia,Upper middle income,Developing,Asia_Upper middle income
Turkiye,2010,Asia,Western Asia,Upper middle income,Developing,Asia_Upper middle income
Turkiye,2009,Asia,Western Asia,Upper middle income,Developing,Asia_Upper middle income
Turkiye,2008,Asia,Western Asia,Upper middle income,Developing,Asia_Upper middle income
Turkiye,2007,Asia,Western Asia,Upper middle income,Developing,Asia_Upper middle income
Turkiye,2006,Asia,Western Asia,Upper middle income,Developing,Asia_Upper middle income
Turkiye,2005,Asia,Western Asia,Upper middle income,Developing,Asia_Upper middle income
Turkiye,2004,Asia,Western Asia,Upper middle income,Developing,Asia_Upper middle income
Turkiye,2003,Asia,Western Asia,Upper middle income,Developing,Asia_Upper middle income
Turkiye,2002,Asia,Western Asia,Upper middle income,Developing,Asia_Upper middle income
Turkiye,2001,Asia,Western Asia,Upper middle income,Developing,Asia_Upper middle income
Turkiye,2000,Asia,Western Asia,Upper middle income,Developing,Asia_Upper middle income
Turkiye,1999,Asia,Western Asia,Upper middle income,Developing,Asia_Upper middle income
Turkiye,1998,Asia,Western Asia,Upper middle income,Developing,Asia_Upper middle income
Turkiye,1997,Asia,Western Asia,Upper middle income,Developing,Asia_Upper middle income
Turkiye,1996,Asia,Western Asia,Upper middle income,Developing,Asia_Upper middle income
Turkiye,1995,Asia,Western Asia,Upper middle income,Developing,Asia_Upper middle income
Turkiye,1994,Asia,Western Asia,Upper middle income,Developing,Asia_Upper middle income
Turkiye,1993,Asia,Western Asia,Upper middle income,Developing,Asia_Upper middle income
Turkiye,1992,Asia,Western Asia,Upper middle income,Developing,Asia_Upper middle income
Turkiye,1991,Asia,Western Asia,Upper middle income,Developing,Asia_Upper middle income
Turkiye,1990,Asia,Western Asia,Upper middle income,Developing,Asia_Upper middle income
Turkiye,1989,Asia,Western Asia,Upper middle income,Developing,Asia_Upper middle income
Turkiye,1988,Asia,Western Asia,Upper middle income,Developing,Asia_Upper middle income
Turkiye,1987,Asia,Western Asia,Upper middle income,Developing,Asia_Upper middle income
Turkiye,1986,Asia,Western Asia,Upper middle income,Developing,Asia_Upper middle income
Turkiye,1985,Asia,Western Asia,Upper middle income,Developing,Asia_Upper middle income
Turkiye,1984,Asia,Western Asia,Upper middle income,Developing,Asia_Upper middle income
Turkiye,1983,Asia,Western Asia,Upper middle income,Developing,Asia_Upper middle income
Turkiye,1982,Asia,Western Asia,Upper middle income,Developing,Asia_Upper middle income
Turkiye,1981,Asia,Western Asia,Upper middle income,Developing,Asia_Upper middle income
Turkiye,1980,Asia,Western Asia,Upper middle income,Developing,Asia_Upper middle income
Turkiye,1979,Asia,Western Asia,Upper middle income,Developing,Asia_Upper middle income
Turkiye,1978,Asia,Western Asia,Upper middle income,Developing,Asia_Upper middle income
Turkiye,1977,Asia,Western Asia,Upper middle income,Developing,Asia_Upper middle income
Turkiye,1976,Asia,Western Asia,Upper middle income,Developing,Asia_Upper middle income
Turkiye,1975,Asia,Western Asia,Upper middle income,Developing,Asia_Upper middle income
Turkiye,1974,Asia,Western Asia,Upper middle income,Developing,Asia_Upper middle income
Turkmenistan,2024,Asia,Central Asia,Upper middle income,Developing,Asia_Upper middle income
Turkmenistan,2023,Asia,Central Asia,Upper middle income,Developing,Asia_Upper middle income
Turkmenistan,2022,Asia,Central Asia,Upper middle income,Developing,Asia_Upper middle income
Turkmenistan,2021,Asia,Central Asia,Upper middle income,Developing,Asia_Upper middle income
Turkmenistan,2020,Asia,Central Asia,Upper middle income,Developing,Asia_Upper middle income
Turkmenistan,2019,Asia,Central Asia,Upper middle income,Developing,Asia_Upper middle income
Turkmenistan,2018,Asia,Central Asia,Upper middle income,Developing,Asia_Upper middle income
Turkmenistan,2017,Asia,Central Asia,Upper middle income,Developing,Asia_Upper middle income
Turkmenistan,2016,Asia,Central Asia,Upper middle income,Developing,Asia_Upper middle income
Turkmenistan,2015,Asia,Central Asia,Upper middle income,Developing,Asia_Upper middle income
Turkmenistan,2014,Asia,Central Asia,Upper middle income,Developing,Asia_Upper middle income
Turkmenistan,2013,Asia,Central Asia,Upper middle income,Developing,Asia_Upper middle income
Turkmenistan,2012,Asia,Central Asia,Upper middle income,Developing,Asia_Upper middle income
Turkmenistan,2011,Asia,Central Asia,Upper middle income,Developing,Asia_Upper middle income
Turkmenistan,2010,Asia,Central Asia,Upper middle income,Developing,Asia_Upper middle income
Turkmenistan,2009,Asia,Central Asia,Upper middle income,Developing,Asia_Upper middle income
Turkmenistan,2008,Asia,Central Asia,Upper middle income,Developing,Asia_Upper middle income
Turkmenistan,2007,Asia,Central Asia,Upper middle income,Developing,Asia_Upper middle income
Turkmenistan,2006,Asia,Central Asia,Upper middle income,Developing,Asia_Upper middle income
Turkmenistan,2005,Asia,Central Asia,Upper middle income,Developing,Asia_Upper middle income
Turkmenistan,2004,Asia,Central Asia,Upper middle income,Developing,Asia_Upper middle income
Turkmenistan,2003,Asia,Central Asia,Upper middle income,Developing,Asia_Upper middle income
Turkmenistan,2002,Asia,Central Asia,Upper middle income,Developing,Asia_Upper middle income
Turkmenistan,2001,Asia,Central Asia,Upper middle income,Developing,Asia_Upper middle income
Turkmenistan,2000,Asia,Central Asia,Upper middle income,Developing,Asia_Upper middle income
Turkmenistan,1999,Asia,Central Asia,Upper middle income,Developing,Asia_Upper middle income
Turkmenistan,1998,Asia,Central Asia,Upper middle income,Developing,Asia_Upper middle income
Turkmenistan,1997,Asia,Central Asia,Upper middle income,Developing,Asia_Upper middle income
Turkmenistan,1996,Asia,Central Asia,Upper middle income,Developing,Asia_Upper middle income
Turkmenistan,1995,Asia,Central Asia,Upper middle income,Developing,Asia_Upper middle income
Turkmenistan,1994,Asia,Central Asia,Upper middle income,Developing,Asia_Upper middle income
Turkmenistan,1993,Asia,Central Asia,Upper middle income,Developing,Asia_Upper middle income
Turkmenistan,1992,Asia,Central Asia,Upper middle income,Developing,Asia_Upper middle income
Turkmenistan,1991,Asia,Central Asia,Upper middle income,Developing,Asia_Upper middle income
Turkmenistan,1990,Asia,Central Asia,Upper middle income,Developing,Asia_Upper middle income
Turkmenistan,1989,Asia,Central Asia,Upper middle income,Developing,Asia_Upper middle income
Turkmenistan,1988,Asia,Central Asia,Upper middle income,Developing,Asia_Upper middle income
Turkmenistan,1987,Asia,Central Asia,Upper middle income,Developing,Asia_Upper middle income
Turkmenistan,1986,Asia,Central Asia,Upper middle income,Developing,Asia_Upper middle income
Turkmenistan,1985,Asia,Central Asia,Upper middle income,Developing,Asia_Upper middle income
Turkmenistan,1984,Asia,Central Asia,Upper middle income,Developing,Asia_Upper middle income
Turkmenistan,1983,Asia,Central Asia,Upper middle income,Developing,Asia_Upper middle income
Turkmenistan,1982,Asia,Central Asia,Upper middle income,Developing,Asia_Upper middle income
Turkmenistan,1981,Asia,Central Asia,Upper middle income,Developing,Asia_Upper middle income
Turkmenistan,1980,Asia,Central Asia,Upper middle income,Developing,Asia_Upper middle income
Turkmenistan,1979,Asia,Central Asia,Upper middle income,Developing,Asia_Upper middle income
Turkmenistan,1978,Asia,Central Asia,Upper middle income,Developing,Asia_Upper middle income
Turkmenistan,1977,Asia,Central Asia,Upper middle income,Developing,Asia_Upper middle income
Turkmenistan,1976,Asia,Central Asia,Upper middle income,Developing,Asia_Upper middle income
Turkmenistan,1975,Asia,Central Asia,Upper middle income,Developing,Asia_Upper middle income
Turkmenistan,1974,Asia,Central Asia,Upper middle income,Developing,Asia_Upper middle income
Turks and Caicos Islands,2024,North America,Caribbean,High income,Developing,North America_High income
Turks and Caicos Islands,2023,North America,Caribbean,High income,Developing,North America_High income
Turks and Caicos Islands,2022,North America,Caribbean,High income,Developing,North America_High income
Turks and Caicos Islands,2021,North America,Caribbean,High income,Developing,North America_High income
Turks and Caicos Islands,2020,North America,Caribbean,High income,Developing,North America_High income
Turks and Caicos Islands,2019,North America,Caribbean,High income,Developing,North America_High income
Turks and Caicos Islands,2018,North America,Caribbean,High income,Developing,North America_High income
Turks and Caicos Islands,2017,North America,Caribbean,High income,Developing,North America_High income
Turks and Caicos Islands,2016,North America,Caribbean,High income,Developing,North America_High income
Turks and Caicos Islands,2015,North America,Caribbean,High income,Developing,North America_High income
Turks and Caicos Islands,2014,North America,Caribbean,High income,Developing,North America_High income
Turks and Caicos Islands,2013,North America,Caribbean,High income,Developing,North America_High income
Turks and Caicos Islands,2012,North America,Caribbean,High income,Developing,North America_High income
Turks and Caicos Islands,2011,North America,Caribbean,High income,Developing,North America_High income
Turks and Caicos Islands,2010,North America,Caribbean,High income,Developing,North America_High income
Turks and Caicos Islands,2009,North America,Caribbean,High income,Developing,North America_High income
Turks and Caicos Islands,2008,North America,Caribbean,High income,Developing,North America_High income
Turks and Caicos Islands,2007,North America,Caribbean,High income,Developing,North America_High income
Turks and Caicos Islands,2006,North America,Caribbean,High income,Developing,North America_High income
Turks and Caicos Islands,2005,North America,Caribbean,High income,Developing,North America_High income
Turks and Caicos Islands,2004,North America,Caribbean,High income,Developing,North America_High income
Turks and Caicos Islands,2003,North America,Caribbean,High income,Developing,North America_High income
Turks and Caicos Islands,2002,North America,Caribbean,High income,Developing,North America_High income
Turks and Caicos Islands,2001,North America,Caribbean,High income,Developing,North America_High income
Turks and Caicos Islands,2000,North America,Caribbean,High income,Developing,North America_High income
Turks and Caicos Islands,1999,North America,Caribbean,High income,Developing,North America_High income
Turks and Caicos Islands,1998,North America,Caribbean,High income,Developing,North America_High income
Turks and Caicos Islands,1997,North America,Caribbean,High income,Developing,North America_High income
Turks and Caicos Islands,1996,North America,Caribbean,High income,Developing,North America_High income
Turks and Caicos Islands,1995,North America,Caribbean,High income,Developing,North America_High income
Turks and Caicos Islands,1994,North America,Caribbean,High income,Developing,North America_High income
Turks and Caicos Islands,1993,North America,Caribbean,High income,Developing,North America_High income
Turks and Caicos Islands,1992,North America,Caribbean,High income,Developing,North America_High income
Turks and Caicos Islands,1991,North America,Caribbean,High income,Developing,North America_High income
Turks and Caicos Islands,1990,North America,Caribbean,High income,Developing,North America_High income
Turks and Caicos Islands,1989,North America,Caribbean,High income,Developing,North America_High income
Turks and Caicos Islands,1988,North America,Caribbean,High income,Developing,North America_High income
Turks and Caicos Islands,1987,North America,Caribbean,High income,Developing,North America_High income
Turks and Caicos Islands,1986,North America,Caribbean,High income,Developing,North America_High income
Turks and Caicos Islands,1985,North America,Caribbean,High income,Developing,North America_High income
Turks and Caicos Islands,1984,North America,Caribbean,High income,Developing,North America_High income
Turks and Caicos Islands,1983,North America,Caribbean,High income,Developing,North America_High income
Turks and Caicos Islands,1982,North America,Caribbean,High income,Developing,North America_High income
Turks and Caicos Islands,1981,North America,Caribbean,High income,Developing,North America_High income
Turks and Caicos Islands,1980,North America,Caribbean,High income,Developing,North America_High income
Turks and Caicos Islands,1979,North America,Caribbean,High income,Developing,North America_High income
Turks and Caicos Islands,1978,North America,Caribbean,High income,Developing,North America_High income
Turks and Caicos Islands,1977,North America,Caribbean,High income,Developing,North America_High income
Turks and Caicos Islands,1976,North America,Caribbean,High income,Developing,North America_High income
Turks and Caicos Islands,1975,North America,Caribbean,High income,Developing,North America_High income
Turks and Caicos Islands,1974,North America,Caribbean,High income,Developing,North America_High income
Tuvalu,2024,Oceania,Polynesia,Upper middle income,Developing,Oceania_Upper middle income
Tuvalu,2023,Oceania,Polynesia,Upper middle income,Developing,Oceania_Upper middle income
Tuvalu,2022,Oceania,Polynesia,Upper middle income,Developing,Oceania_Upper middle income
Tuvalu,2021,Oceania,Polynesia,Upper middle income,Developing,Oceania_Upper middle income
Tuvalu,2020,Oceania,Polynesia,Upper middle income,Developing,Oceania_Upper middle income
Tuvalu,2019,Oceania,Polynesia,Upper middle income,Developing,Oceania_Upper middle income
Tuvalu,2018,Oceania,Polynesia,Upper middle income,Developing,Oceania_Upper middle income
Tuvalu,2017,Oceania,Polynesia,Upper middle income,Developing,Oceania_Upper middle income
Tuvalu,2016,Oceania,Polynesia,Upper middle income,Developing,Oceania_Upper middle income
Tuvalu,2015,Oceania,Polynesia,Upper middle income,Developing,Oceania_Upper middle income
Tuvalu,2014,Oceania,Polynesia,Upper middle income,Developing,Oceania_Upper middle income
Tuvalu,2013,Oceania,Polynesia,Upper middle income,Developing,Oceania_Upper middle income
Tuvalu,2012,Oceania,Polynesia,Upper middle income,Developing,Oceania_Upper middle income
Tuvalu,2011,Oceania,Polynesia,Upper middle income,Developing,Oceania_Upper middle income
Tuvalu,2010,Oceania,Polynesia,Upper middle income,Developing,Oceania_Upper middle income
Tuvalu,2009,Oceania,Polynesia,Upper middle income,Developing,Oceania_Upper middle income
Tuvalu,2008,Oceania,Polynesia,Upper middle income,Developing,Oceania_Upper middle income
Tuvalu,2007,Oceania,Polynesia,Upper middle income,Developing,Oceania_Upper middle income
Tuvalu,2006,Oceania,Polynesia,Upper middle income,Developing,Oceania_Upper middle income
Tuvalu,2005,Oceania,Polynesia,Upper middle income,Developing,Oceania_Upper middle income
Tuvalu,2004,Oceania,Polynesia,Upper middle income,Developing,Oceania_Upper middle income
Tuvalu,2003,Oceania,Polynesia,Upper middle income,Developing,Oceania_Upper middle income
Tuvalu,2002,Oceania,Polynesia,Upper middle income,Developing,Oceania_Upper middle income
Tuvalu,2001,Oceania,Polynesia,Upper middle income,Developing,Oceania_Upper middle income
Tuvalu,2000,Oceania,Polynesia,Upper middle income,Developing,Oceania_Upper middle income
Tuvalu,1999,Oceania,Polynesia,Upper middle income,Developing,Oceania_Upper middle income
Tuvalu,1998,Oceania,Polynesia,Upper middle income,Developing,Oceania_Upper middle income
Tuvalu,1997,Oceania,Polynesia,Upper middle income,Developing,Oceania_Upper middle income
Tuvalu,1996,Oceania,Polynesia,Upper middle income,Developing,Oceania_Upper middle income
Tuvalu,1995,Oceania,Polynesia,Upper middle income,Developing,Oceania_Upper middle income
Tuvalu,1994,Oceania,Polynesia,Upper middle income,Developing,Oceania_Upper middle income
Tuvalu,1993,Oceania,Polynesia,Upper middle income,Developing,Oceania_Upper middle income
Tuvalu,1992,Oceania,Polynesia,Upper middle income,Developing,Oceania_Upper middle income
Tuvalu,1991,Oceania,Polynesia,Upper middle income,Developing,Oceania_Upper middle income
Tuvalu,1990,Oceania,Polynesia,Upper middle income,Developing,Oceania_Upper middle income
Tuvalu,1989,Oceania,Polynesia,Upper middle income,Developing,Oceania_Upper middle income
Tuvalu,1988,Oceania,Polynesia,Upper middle income,Developing,Oceania_Upper middle income
Tuvalu,1987,Oceania,Polynesia,Upper middle income,Developing,Oceania_Upper middle income
Tuvalu,1986,Oceania,Polynesia,Upper middle income,Developing,Oceania_Upper middle income
Tuvalu,1985,Oceania,Polynesia,Upper middle income,Developing,Oceania_Upper middle income
Tuvalu,1984,Oceania,Polynesia,Upper middle income,Developing,Oceania_Upper middle income
Tuvalu,1983,Oceania,Polynesia,Upper middle income,Developing,Oceania_Upper middle income
Tuvalu,1982,Oceania,Polynesia,Upper middle income,Developing,Oceania_Upper middle income
Tuvalu,1981,Oceania,Polynesia,Upper middle income,Developing,Oceania_Upper middle income
Tuvalu,1980,Oceania,Polynesia,Upper middle income,Developing,Oceania_Upper middle income
Tuvalu,1979,Oceania,Polynesia,Upper middle income,Developing,Oceania_Upper middle income
Tuvalu,1978,Oceania,Polynesia,Upper middle income,Developing,Oceania_Upper middle income
Tuvalu,1977,Oceania,Polynesia,Upper middle income,Developing,Oceania_Upper middle income
Tuvalu,1976,Oceania,Polynesia,Upper middle income,Developing,Oceania_Upper middle income
Tuvalu,1975,Oceania,Polynesia,Upper middle income,Developing,Oceania_Upper middle income
Tuvalu,1974,Oceania,Polynesia,Upper middle income,Developing,Oceania_Upper middle income
Uganda,2024,Africa,East Africa,Low income,Developing,Africa_Low income
Uganda,2023,Africa,East Africa,Low income,Developing,Africa_Low income
Uganda,2022,Africa,East Africa,Low income,Developing,Africa_Low income
Uganda,2021,Africa,East Africa,Low income,Developing,Africa_Low income
Uganda,2020,Africa,East Africa,Low income,Developing,Africa_Low income
Uganda,2019,Africa,East Africa,Low income,Developing,Africa_Low income
Uganda,2018,Africa,East Africa,Low income,Developing,Africa_Low income
Uganda,2017,Africa,East Africa,Low income,Developing,Africa_Low income
Uganda,2016,Africa,East Africa,Low income,Developing,Africa_Low income
Uganda,2015,Africa,East Africa,Low income,Developing,Africa_Low income
Uganda,2014,Africa,East Africa,Low income,Developing,Africa_Low income
Uganda,2013,Africa,East Africa,Low income,Developing,Africa_Low income
Uganda,2012,Africa,East Africa,Low income,Developing,Africa_Low income
Uganda,2011,Africa,East Africa,Low income,Developing,Africa_Low income
Uganda,2010,Africa,East Africa,Low income,Developing,Africa_Low income
Uganda,2009,Africa,East Africa,Low income,Developing,Africa_Low income
Uganda,2008,Africa,East Africa,Low income,Developing,Africa_Low income
Uganda,2007,Africa,East Africa,Low income,Developing,Africa_Low income
Uganda,2006,Africa,East Africa,Low income,Developing,Africa_Low income
Uganda,2005,Africa,East Africa,Low income,Developing,Africa_Low income
Uganda,2004,Africa,East Africa,Low income,Developing,Africa_Low income
Uganda,2003,Africa,East Africa,Low income,Developing,Africa_Low income
Uganda,2002,Africa,East Africa,Low income,Developing,Africa_Low income
Uganda,2001,Africa,East Africa,Low income,Developing,Africa_Low income
Uganda,2000,Africa,East Africa,Low income,Developing,Africa_Low income
Uganda,1999,Africa,East Africa,Low income,Developing,Africa_Low income
Uganda,1998,Africa,East Africa,Low income,Developing,Africa_Low income
Uganda,1997,Africa,East Africa,Low income,Developing,Africa_Low income
Uganda,1996,Africa,East Africa,Low income,Developing,Africa_Low income
Uganda,1995,Africa,East Africa,Low income,Developing,Africa_Low income
Uganda,1994,Africa,East Africa,Low income,Developing,Africa_Low income
Uganda,1993,Africa,East Africa,Low income,Developing,Africa_Low income
Uganda,1992,Africa,East Africa,Low income,Developing,Africa_Low income
Uganda,1991,Africa,East Africa,Low income,Developing,Africa_Low income
Uganda,1990,Africa,East Africa,Low income,Developing,Africa_Low income
Uganda,1989,Africa,East Africa,Low income,Developing,Africa_Low income
Uganda,1988,Africa,East Africa,Low income,Developing,Africa_Low income
Uganda,1987,Africa,East Africa,Low income,Developing,Africa_Low income
Uganda,1986,Africa,East Africa,Low income,Developing,Africa_Low income
Uganda,1985,Africa,East Africa,Low income,Developing,Africa_Low income
Uganda,1984,Africa,East Africa,Low income,Developing,Africa_Low income
Uganda,1983,Africa,East Africa,Low income,Developing,Africa_Low income
Uganda,1982,Africa,East Africa,Low income,Developing,Africa_Low income
Uganda,1981,Africa,East Africa,Low income,Developing,Africa_Low income
Uganda,1980,Africa,East Africa,Low income,Developing,Africa_Low income
Uganda,1979,Africa,East Africa,Low income,Developing,Africa_Low income
Uganda,1978,Africa,East Africa,Low income,Developing,Africa_Low income
Uganda,1977,Africa,East Africa,Low income,Developing,Africa_Low income
Uganda,1976,Africa,East Africa,Low income,Developing,Africa_Low income
Uganda,1975,Africa,East Africa,Low income,Developing,Africa_Low income
Uganda,1974,Africa,East Africa,Low income,Developing,Africa_Low income
Ukraine,2024,Europe,Eastern Europe,Lower middle income,Developing,Europe_Lower middle income
Ukraine,2023,Europe,Eastern Europe,Lower middle income,Developing,Europe_Lower middle income
Ukraine,2022,Europe,Eastern Europe,Lower middle income,Developing,Europe_Lower middle income
Ukraine,2021,Europe,Eastern Europe,Lower middle income,Developing,Europe_Lower middle income
Ukraine,2020,Europe,Eastern Europe,Lower middle income,Developing,Europe_Lower middle income
Ukraine,2019,Europe,Eastern Europe,Lower middle income,Developing,Europe_Lower middle income
Ukraine,2018,Europe,Eastern Europe,Lower middle income,Developing,Europe_Lower middle income
Ukraine,2017,Europe,Eastern Europe,Lower middle income,Developing,Europe_Lower middle income
Ukraine,2016,Europe,Eastern Europe,Lower middle income,Developing,Europe_Lower middle income
Ukraine,2015,Europe,Eastern Europe,Lower middle income,Developing,Europe_Lower middle income
Ukraine,2014,Europe,Eastern Europe,Lower middle income,Developing,Europe_Lower middle income
Ukraine,2013,Europe,Eastern Europe,Lower middle income,Developing,Europe_Lower middle income
Ukraine,2012,Europe,Eastern Europe,Lower middle income,Developing,Europe_Lower middle income
Ukraine,2011,Europe,Eastern Europe,Lower middle income,Developing,Europe_Lower middle income
Ukraine,2010,Europe,Eastern Europe,Lower middle income,Developing,Europe_Lower middle income
Ukraine,2009,Europe,Eastern Europe,Lower middle income,Developing,Europe_Lower middle income
Ukraine,2008,Europe,Eastern Europe,Lower middle income,Developing,Europe_Lower middle income
Ukraine,2007,Europe,Eastern Europe,Lower middle income,Developing,Europe_Lower middle income
Ukraine,2006,Europe,Eastern Europe,Lower middle income,Developing,Europe_Lower middle income
Ukraine,2005,Europe,Eastern Europe,Lower middle income,Developing,Europe_Lower middle income
Ukraine,2004,Europe,Eastern Europe,Lower middle income,Developing,Europe_Lower middle income
Ukraine,2003,Europe,Eastern Europe,Lower middle income,Developing,Europe_Lower middle income
Ukraine,2002,Europe,Eastern Europe,Lower middle income,Developing,Europe_Lower middle income
Ukraine,2001,Europe,Eastern Europe,Lower middle income,Developing,Europe_Lower middle income
Ukraine,2000,Europe,Eastern Europe,Lower middle income,Developing,Europe_Lower middle income
Ukraine,1999,Europe,Eastern Europe,Lower middle income,Developing,Europe_Lower middle income
Ukraine,1998,Europe,Eastern Europe,Lower middle income,Developing,Europe_Lower middle income
Ukraine,1997,Europe,Eastern Europe,Lower middle income,Developing,Europe_Lower middle income
Ukraine,1996,Europe,Eastern Europe,Lower middle income,Developing,Europe_Lower middle income
Ukraine,1995,Europe,Eastern Europe,Lower middle income,Developing,Europe_Lower middle income
Ukraine,1994,Europe,Eastern Europe,Lower middle income,Developing,Europe_Lower middle income
Ukraine,1993,Europe,Eastern Europe,Lower middle income,Developing,Europe_Lower middle income
Ukraine,1992,Europe,Eastern Europe,Lower middle income,Developing,Europe_Lower middle income
Ukraine,1991,Europe,Eastern Europe,Lower middle income,Developing,Europe_Lower middle income
Ukraine,1990,Europe,Eastern Europe,Lower middle income,Developing,Europe_Lower middle income
Ukraine,1989,Europe,Eastern Europe,Lower middle income,Developing,Europe_Lower middle income
Ukraine,1988,Europe,Eastern Europe,Lower middle income,Developing,Europe_Lower middle income
Ukraine,1987,Europe,Eastern Europe,Lower middle income,Developing,Europe_Lower middle income
Ukraine,1986,Europe,Eastern Europe,Lower middle income,Developing,Europe_Lower middle income
Ukraine,1985,Europe,Eastern Europe,Lower middle income,Developing,Europe_Lower middle income
Ukraine,1984,Europe,Eastern Europe,Lower middle income,Developing,Europe_Lower middle income
Ukraine,1983,Europe,Eastern Europe,Lower middle income,Developing,Europe_Lower middle income
Ukraine,1982,Europe,Eastern Europe,Lower middle income,Developing,Europe_Lower middle income
Ukraine,1981,Europe,Eastern Europe,Lower middle income,Developing,Europe_Lower middle income
Ukraine,1980,Europe,Eastern Europe,Lower middle income,Developing,Europe_Lower middle income
Ukraine,1979,Europe,Eastern Europe,Lower middle income,Developing,Europe_Lower middle income
Ukraine,1978,Europe,Eastern Europe,Lower middle income,Developing,Europe_Lower middle income
Ukraine,1977,Europe,Eastern Europe,Lower middle income,Developing,Europe_Lower middle income
Ukraine,1976,Europe,Eastern Europe,Lower middle income,Developing,Europe_Lower middle income
Ukraine,1975,Europe,Eastern Europe,Lower middle income,Developing,Europe_Lower middle income
Ukraine,1974,Europe,Eastern Europe,Lower middle income,Developing,Europe_Lower middle income
United Arab Emirates,2024,Asia,Middle East,High income,Developing,Asia_High income
United Arab Emirates,2023,Asia,Middle East,High income,Developing,Asia_High income
United Arab Emirates,2022,Asia,Middle East,High income,Developing,Asia_High income
United Arab Emirates,2021,Asia,Middle East,High income,Developing,Asia_High income
United Arab Emirates,2020,Asia,Middle East,High income,Developing,Asia_High income
United Arab Emirates,2019,Asia,Middle East,High income,Developing,Asia_High income
United Arab Emirates,2018,Asia,Middle East,High income,Developing,Asia_High income
United Arab Emirates,2017,Asia,Middle East,High income,Developing,Asia_High income
United Arab Emirates,2016,Asia,Middle East,High income,Developing,Asia_High income
United Arab Emirates,2015,Asia,Middle East,High income,Developing,Asia_High income
United Arab Emirates,2014,Asia,Middle East,High income,Developing,Asia_High income
United Arab Emirates,2013,Asia,Middle East,High income,Developing,Asia_High income
United Arab Emirates,2012,Asia,Middle East,High income,Developing,Asia_High income
United Arab Emirates,2011,Asia,Middle East,High income,Developing,Asia_High income
United Arab Emirates,2010,Asia,Middle East,High income,Developing,Asia_High income
United Arab Emirates,2009,Asia,Middle East,High income,Developing,Asia_High income
United Arab Emirates,2008,Asia,Middle East,High income,Developing,Asia_High income
United Arab Emirates,2007,Asia,Middle East,High income,Developing,Asia_High income
United Arab Emirates,2006,Asia,Middle East,High income,Developing,Asia_High income
United Arab Emirates,2005,Asia,Middle East,High income,Developing,Asia_High income
United Arab Emirates,2004,Asia,Middle East,High income,Developing,Asia_High income
United Arab Emirates,2003,Asia,Middle East,High income,Developing,Asia_High income
United Arab Emirates,2002,Asia,Middle East,High income,Developing,Asia_High income
United Arab Emirates,2001,Asia,Middle East,High income,Developing,Asia_High income
United Arab Emirates,2000,Asia,Middle East,High income,Developing,Asia_High income
United Arab Emirates,1999,Asia,Middle East,High income,Developing,Asia_High income
United Arab Emirates,1998,Asia,Middle East,High income,Developing,Asia_High income
United Arab Emirates,1997,Asia,Middle East,High income,Developing,Asia_High income
United Arab Emirates,1996,Asia,Middle East,High income,Developing,Asia_High income
United Arab Emirates,1995,Asia,Middle East,High income,Developing,Asia_High income
United Arab Emirates,1994,Asia,Middle East,High income,Developing,Asia_High income
United Arab Emirates,1993,Asia,Middle East,High income,Developing,Asia_High income
United Arab Emirates,1992,Asia,Middle East,High income,Developing,Asia_High income
United Arab Emirates,1991,Asia,Middle East,High income,Developing,Asia_High income
United Arab Emirates,1990,Asia,Middle East,High income,Developing,Asia_High income
United Arab Emirates,1989,Asia,Middle East,High income,Developing,Asia_High income
United Arab Emirates,1988,Asia,Middle East,High income,Developing,Asia_High income
United Arab Emirates,1987,Asia,Middle East,High income,Developing,Asia_High income
United Arab Emirates,1986,Asia,Middle East,High income,Developing,Asia_High income
United Arab Emirates,1985,Asia,Middle East,High income,Developing,Asia_High income
United Arab Emirates,1984,Asia,Middle East,High income,Developing,Asia_High income
United Arab Emirates,1983,Asia,Middle East,High income,Developing,Asia_High income
United Arab Emirates,1982,Asia,Middle East,High income,Developing,Asia_High income
United Arab Emirates,1981,Asia,Middle East,High income,Developing,Asia_High income
United Arab Emirates,1980,Asia,Middle East,High income,Developing,Asia_High income
United Arab Emirates,1979,Asia,Middle East,High income,Developing,Asia_High income
United Arab Emirates,1978,Asia,Middle East,High income,Developing,Asia_High income
United Arab Emirates,1977,Asia,Middle East,High income,Developing,Asia_High income
United Arab Emirates,1976,Asia,Middle East,High income,Developing,Asia_High income
United Arab Emirates,1975,Asia,Middle East,High income,Developing,Asia_High income
United Arab Emirates,1974,Asia,Middle East,High income,Developing,Asia_High income
United Kingdom,2024,Europe,Western Europe,High income,Developed,Europe_High income
United Kingdom,2023,Europe,Western Europe,High income,Developed,Europe_High income
United Kingdom,2022,Europe,Western Europe,High income,Developed,Europe_High income
United Kingdom,2021,Europe,Western Europe,High income,Developed,Europe_High income
United Kingdom,2020,Europe,Western Europe,High income,Developed,Europe_High income
United Kingdom,2019,Europe,Western Europe,High income,Developed,Europe_High income
United Kingdom,2018,Europe,Western Europe,High income,Developed,Europe_High income
United Kingdom,2017,Europe,Western Europe,High income,Developed,Europe_High income
United Kingdom,2016,Europe,Western Europe,High income,Developed,Europe_High income
United Kingdom,2015,Europe,Western Europe,High income,Developed,Europe_High income
United Kingdom,2014,Europe,Western Europe,High income,Developed,Europe_High income
United Kingdom,2013,Europe,Western Europe,High income,Developed,Europe_High income
United Kingdom,2012,Europe,Western Europe,High income,Developed,Europe_High income
United Kingdom,2011,Europe,Western Europe,High income,Developed,Europe_High income
United Kingdom,2010,Europe,Western Europe,High income,Developed,Europe_High income
United Kingdom,2009,Europe,Western Europe,High income,Developed,Europe_High income
United Kingdom,2008,Europe,Western Europe,High income,Developed,Europe_High income
United Kingdom,2007,Europe,Western Europe,High income,Developed,Europe_High income
United Kingdom,2006,Europe,Western Europe,High income,Developed,Europe_High income
United Kingdom,2005,Europe,Western Europe,High income,Developed,Europe_High income
United Kingdom,2004,Europe,Western Europe,High income,Developed,Europe_High income
United Kingdom,2003,Europe,Western Europe,High income,Developed,Europe_High income
United Kingdom,2002,Europe,Western Europe,High income,Developed,Europe_High income
United Kingdom,2001,Europe,Western Europe,High income,Developed,Europe_High income
United Kingdom,2000,Europe,Western Europe,High income,Developed,Europe_High income
United Kingdom,1999,Europe,Western Europe,High income,Developed,Europe_High income
United Kingdom,1998,Europe,Western Europe,High income,Developed,Europe_High income
United Kingdom,1997,Europe,Western Europe,High income,Developed,Europe_High income
United Kingdom,1996,Europe,Western Europe,High income,Developed,Europe_High income
United Kingdom,1995,Europe,Western Europe,High income,Developed,Europe_High income
United Kingdom,1994,Europe,Western Europe,High income,Developed,Europe_High income
United Kingdom,1993,Europe,Western Europe,High income,Developed,Europe_High income
United Kingdom,1992,Europe,Western Europe,High income,Developed,Europe_High income
United Kingdom,1991,Europe,Western Europe,High income,Developed,Europe_High income
United Kingdom,1990,Europe,Western Europe,High income,Developed,Europe_High income
United Kingdom,1989,Europe,Western Europe,High income,Developed,Europe_High income
United Kingdom,1988,Europe,Western Europe,High income,Developed,Europe_High income
United Kingdom,1987,Europe,Western Europe,High income,Developed,Europe_High income
United Kingdom,1986,Europe,Western Europe,High income,Developed,Europe_High income
United Kingdom,1985,Europe,Western Europe,High income,Developed,Europe_High income
United Kingdom,1984,Europe,Western Europe,High income,Developed,Europe_High income
United Kingdom,1983,Europe,Western Europe,High income,Developed,Europe_High income
United Kingdom,1982,Europe,Western Europe,High income,Developed,Europe_High income
United Kingdom,1981,Europe,Western Europe,High income,Developed,Europe_High income
United Kingdom,1980,Europe,Western Europe,High income,Developed,Europe_High income
United Kingdom,1979,Europe,Western Europe,High income,Developed,Europe_High income
United Kingdom,1978,Europe,Western Europe,High income,Developed,Europe_High income
United Kingdom,1977,Europe,Western Europe,High income,Developed,Europe_High income
United Kingdom,1976,Europe,Western Europe,High income,Developed,Europe_High income
United Kingdom,1975,Europe,Western Europe,High income,Developed,Europe_High income
United Kingdom,1974,Europe,Western Europe,High income,Developed,Europe_High income
United States,2024,North America,North America,High income,Developed,North America_High income
United States,2023,North America,North America,High income,Developed,North America_High income
United States,2022,North America,North America,High income,Developed,North America_High income
United States,2021,North America,North America,High income,Developed,North America_High income
United States,2020,North America,North America,High income,Developed,North America_High income
United States,2019,North America,North America,High income,Developed,North America_High income
United States,2018,North America,North America,High income,Developed,North America_High income
United States,2017,North America,North America,High income,Developed,North America_High income
United States,2016,North America,North America,High income,Developed,North America_High income
United States,2015,North America,North America,High income,Developed,North America_High income
United States,2014,North America,North America,High income,Developed,North America_High income
United States,2013,North America,North America,High income,Developed,North America_High income
United States,2012,North America,North America,High income,Developed,North America_High income
United States,2011,North America,North America,High income,Developed,North America_High income
United States,2010,North America,North America,High income,Developed,North America_High income
United States,2009,North America,North America,High income,Developed,North America_High income
United States,2008,North America,North America,High income,Developed,North America_High income
United States,2007,North America,North America,High income,Developed,North America_High income
United States,2006,North America,North America,High income,Developed,North America_High income
United States,2005,North America,North America,High income,Developed,North America_High income
United States,2004,North America,North America,High income,Developed,North America_High income
United States,2003,North America,North America,High income,Developed,North America_High income
United States,2002,North America,North America,High income,Developed,North America_High income
United States,2001,North America,North America,High income,Developed,North America_High income
United States,2000,North America,North America,High income,Developed,North America_High income
United States,1999,North America,North America,High income,Developed,North America_High income
United States,1998,North America,North America,High income,Developed,North America_High income
United States,1997,North America,North America,High income,Developed,North America_High income
United States,1996,North America,North America,High income,Developed,North America_High income
United States,1995,North America,North America,High income,Developed,North America_High income
United States,1994,North America,North America,High income,Developed,North America_High income
United States,1993,North America,North America,High income,Developed,North America_High income
United States,1992,North America,North America,High income,Developed,North America_High income
United States,1991,North America,North America,High income,Developed,North America_High income
United States,1990,North America,North America,High income,Developed,North America_High income
United States,1989,North America,North America,High income,Developed,North America_High income
United States,1988,North America,North America,High income,Developed,North America_High income
United States,1987,North America,North America,High income,Developed,North America_High income
United States,1986,North America,North America,High income,Developed,North America_High income
United States,1985,North America,North America,High income,Developed,North America_High income
United States,1984,North America,North America,High income,Developed,North America_High income
United States,1983,North America,North America,High income,Developed,North America_High income
United States,1982,North America,North America,High income,Developed,North America_High income
United States,1981,North America,North America,High income,Developed,North America_High income
United States,1980,North America,North America,High income,Developed,North America_High income
United States,1979,North America,North America,High income,Developed,North America_High income
United States,1978,North America,North America,High income,Developed,North America_High income
United States,1977,North America,North America,High income,Developed,North America_High income
United States,1976,North America,North America,High income,Developed,North America_High income
United States,1975,North America,North America,High income,Developed,North America_High income
United States,1974,North America,North America,High income,Developed,North America_High income
Uruguay,2024,South America,South America,High income,Developing,South America_High income
Uruguay,2023,South America,South America,High income,Developing,South America_High income
Uruguay,2022,South America,South America,High income,Developing,South America_High income
Uruguay,2021,South America,South America,High income,Developing,South America_High income
Uruguay,2020,South America,South America,High income,Developing,South America_High income
Uruguay,2019,South America,South America,High income,Developing,South America_High income
Uruguay,2018,South America,South America,High income,Developing,South America_High income
Uruguay,2017,South America,South America,High income,Developing,South America_High income
Uruguay,2016,South America,South America,High income,Developing,South America_High income
Uruguay,2015,South America,South America,High income,Developing,South America_High income
Uruguay,2014,South America,South America,High income,Developing,South America_High income
Uruguay,2013,South America,South America,High income,Developing,South America_High income
Uruguay,2012,South America,South America,High income,Developing,South America_High income
Uruguay,2011,South America,South America,High income,Developing,South America_High income
Uruguay,2010,South America,South America,High income,Developing,South America_High income
Uruguay,2009,South America,South America,High income,Developing,South America_High income
Uruguay,2008,South America,South America,High income,Developing,South America_High income
Uruguay,2007,South America,South America,High income,Developing,South America_High income
Uruguay,2006,South America,South America,High income,Developing,South America_High income
Uruguay,2005,South America,South America,High income,Developing,South America_High income
Uruguay,2004,South America,South America,High income,Developing,South America_High income
Uruguay,2003,South America,South America,High income,Developing,South America_High income
Uruguay,2002,South America,South America,High income,Developing,South America_High income
Uruguay,2001,South America,South America,High income,Developing,South America_High income
Uruguay,2000,South America,South America,High income,Developing,South America_High income
Uruguay,1999,South America,South America,High income,Developing,South America_High income
Uruguay,1998,South America,South America,High income,Developing,South America_High income
Uruguay,1997,South America,South America,High income,Developing,South America_High income
Uruguay,1996,South America,South America,High income,Developing,South America_High income
Uruguay,1995,South America,South America,High income,Developing,South America_High income
Uruguay,1994,South America,South America,High income,Developing,South America_High income
Uruguay,1993,South America,South America,High income,Developing,South America_High income
Uruguay,1992,South America,South America,High income,Developing,South America_High income
Uruguay,1991,South America,South America,High income,Developing,South America_High income
Uruguay,1990,South America,South America,High income,Developing,South America_High income
Uruguay,1989,South America,South America,High income,Developing,South America_High income
Uruguay,1988,South America,South America,High income,Developing,South America_High income
Uruguay,1987,South America,South America,High income,Developing,South America_High income
Uruguay,1986,South America,South America,High income,Developing,South America_High income
Uruguay,1985,South America,South America,High income,Developing,South America_High income
Uruguay,1984,South America,South America,High income,Developing,South America_High income
Uruguay,1983,South America,South America,High income,Developing,South America_High income
Uruguay,1982,South America,South America,High income,Developing,South America_High income
Uruguay,1981,South America,South America,High income,Developing,South America_High income
Uruguay,1980,South America,South America,High income,Developing,South America_High income
Uruguay,1979,South America,South America,High income,Developing,South America_High income
Uruguay,1978,South America,South America,High income,Developing,South America_High income
Uruguay,1977,South America,South America,High income,Developing,South America_High income
Uruguay,1976,South America,South America,High income,Developing,South America_High income
Uruguay,1975,South America,South America,High income,Developing,South America_High income
Uruguay,1974,South America,South America,High income,Developing,South America_High income
Uzbekistan,2024,Asia,Central Asia,Lower middle income,Developing,Asia_Lower middle income
Uzbekistan,2023,Asia,Central Asia,Lower middle income,Developing,Asia_Lower middle income
Uzbekistan,2022,Asia,Central Asia,Lower middle income,Developing,Asia_Lower middle income
Uzbekistan,2021,Asia,Central Asia,Lower middle income,Developing,Asia_Lower middle income
Uzbekistan,2020,Asia,Central Asia,Lower middle income,Developing,Asia_Lower middle income
Uzbekistan,2019,Asia,Central Asia,Lower middle income,Developing,Asia_Lower middle income
Uzbekistan,2018,Asia,Central Asia,Lower middle income,Developing,Asia_Lower middle income
Uzbekistan,2017,Asia,Central Asia,Lower middle income,Developing,Asia_Lower middle income
Uzbekistan,2016,Asia,Central Asia,Lower middle income,Developing,Asia_Lower middle income
Uzbekistan,2015,Asia,Central Asia,Lower middle income,Developing,Asia_Lower middle income
Uzbekistan,2014,Asia,Central Asia,Lower middle income,Developing,Asia_Lower middle income
Uzbekistan,2013,Asia,Central Asia,Lower middle income,Developing,Asia_Lower middle income
Uzbekistan,2012,Asia,Central Asia,Lower middle income,Developing,Asia_Lower middle income
Uzbekistan,2011,Asia,Central Asia,Lower middle income,Developing,Asia_Lower middle income
Uzbekistan,2010,Asia,Central Asia,Lower middle income,Developing,Asia_Lower middle income
Uzbekistan,2009,Asia,Central Asia,Lower middle income,Developing,Asia_Lower middle income
Uzbekistan,2008,Asia,Central Asia,Lower middle income,Developing,Asia_Lower middle income
Uzbekistan,2007,Asia,Central Asia,Lower middle income,Developing,Asia_Lower middle income
Uzbekistan,2006,Asia,Central Asia,Lower middle income,Developing,Asia_Lower middle income
Uzbekistan,2005,Asia,Central Asia,Lower middle income,Developing,Asia_Lower middle income
Uzbekistan,2004,Asia,Central Asia,Lower middle income,Developing,Asia_Lower middle income
Uzbekistan,2003,Asia,Central Asia,Lower middle income,Developing,Asia_Lower middle income
Uzbekistan,2002,Asia,Central Asia,Lower middle income,Developing,Asia_Lower middle income
Uzbekistan,2001,Asia,Central Asia,Lower middle income,Developing,Asia_Lower middle income
Uzbekistan,2000,Asia,Central Asia,Lower middle income,Developing,Asia_Lower middle income
Uzbekistan,1999,Asia,Central Asia,Lower middle income,Developing,Asia_Lower middle income
Uzbekistan,1998,Asia,Central Asia,Lower middle income,Developing,Asia_Lower middle income
Uzbekistan,1997,Asia,Central Asia,Lower middle income,Developing,Asia_Lower middle income
Uzbekistan,1996,Asia,Central Asia,Lower middle income,Developing,Asia_Lower middle income
Uzbekistan,1995,Asia,Central Asia,Lower middle income,Developing,Asia_Lower middle income
Uzbekistan,1994,Asia,Central Asia,Lower middle income,Developing,Asia_Lower middle income
Uzbekistan,1993,Asia,Central Asia,Lower middle income,Developing,Asia_Lower middle income
Uzbekistan,1992,Asia,Central Asia,Lower middle income,Developing,Asia_Lower middle income
Uzbekistan,1991,Asia,Central Asia,Lower middle income,Developing,Asia_Lower middle income
Uzbekistan,1990,Asia,Central Asia,Lower middle income,Developing,Asia_Lower middle income
Uzbekistan,1989,Asia,Central Asia,Lower middle income,Developing,Asia_Lower middle income
Uzbekistan,1988,Asia,Central Asia,Lower middle income,Developing,Asia_Lower middle income
Uzbekistan,1987,Asia,Central Asia,Lower middle income,Developing,Asia_Lower middle income
Uzbekistan,1986,Asia,Central Asia,Lower middle income,Developing,Asia_Lower middle income
Uzbekistan,1985,Asia,Central Asia,Lower middle income,Developing,Asia_Lower middle income
Uzbekistan,1984,Asia,Central Asia,Lower middle income,Developing,Asia_Lower middle income
Uzbekistan,1983,Asia,Central Asia,Lower middle income,Developing,Asia_Lower middle income
Uzbekistan,1982,Asia,Central Asia,Lower middle income,Developing,Asia_Lower middle income
Uzbekistan,1981,Asia,Central Asia,Lower middle income,Developing,Asia_Lower middle income
Uzbekistan,1980,Asia,Central Asia,Lower middle income,Developing,Asia_Lower middle income
Uzbekistan,1979,Asia,Central Asia,Lower middle income,Developing,Asia_Lower middle income
Uzbekistan,1978,Asia,Central Asia,Lower middle income,Developing,Asia_Lower middle income
Uzbekistan,1977,Asia,Central Asia,Lower middle income,Developing,Asia_Lower middle income
Uzbekistan,1976,Asia,Central Asia,Lower middle income,Developing,Asia_Lower middle income
Uzbekistan,1975,Asia,Central Asia,Lower middle income,Developing,Asia_Lower middle income
Uzbekistan,1974,Asia,Central Asia,Lower middle income,Developing,Asia_Lower middle income
Vanuatu,2024,Oceania,Melanesia,Lower middle income,Developing,Oceania_Lower middle income
Vanuatu,2023,Oceania,Melanesia,Lower middle income,Developing,Oceania_Lower middle income
Vanuatu,2022,Oceania,Melanesia,Lower middle income,Developing,Oceania_Lower middle income
Vanuatu,2021,Oceania,Melanesia,Lower middle income,Developing,Oceania_Lower middle income
Vanuatu,2020,Oceania,Melanesia,Lower middle income,Developing,Oceania_Lower middle income
Vanuatu,2019,Oceania,Melanesia,Lower middle income,Developing,Oceania_Lower middle income
Vanuatu,2018,Oceania,Melanesia,Lower middle income,Developing,Oceania_Lower middle income
Vanuatu,2017,Oceania,Melanesia,Lower middle income,Developing,Oceania_Lower middle income
Vanuatu,2016,Oceania,Melanesia,Lower middle income,Developing,Oceania_Lower middle income
Vanuatu,2015,Oceania,Melanesia,Lower middle income,Developing,Oceania_Lower middle income
Vanuatu,2014,Oceania,Melanesia,Lower middle income,Developing,Oceania_Lower middle income
Vanuatu,2013,Oceania,Melanesia,Lower middle income,Developing,Oceania_Lower middle income
Vanuatu,2012,Oceania,Melanesia,Lower middle income,Developing,Oceania_Lower middle income
Vanuatu,2011,Oceania,Melanesia,Lower middle income,Developing,Oceania_Lower middle income
Vanuatu,2010,Oceania,Melanesia,Lower middle income,Developing,Oceania_Lower middle income
Vanuatu,2009,Oceania,Melanesia,Lower middle income,Developing,Oceania_Lower middle income
Vanuatu,2008,Oceania,Melanesia,Lower middle income,Developing,Oceania_Lower middle income
Vanuatu,2007,Oceania,Melanesia,Lower middle income,Developing,Oceania_Lower middle income
Vanuatu,2006,Oceania,Melanesia,Lower middle income,Developing,Oceania_Lower middle income
Vanuatu,2005,Oceania,Melanesia,Lower middle income,Developing,Oceania_Lower middle income
Vanuatu,2004,Oceania,Melanesia,Lower middle income,Developing,Oceania_Lower middle income
Vanuatu,2003,Oceania,Melanesia,Lower middle income,Developing,Oceania_Lower middle income
Vanuatu,2002,Oceania,Melanesia,Lower middle income,Developing,Oceania_Lower middle income
Vanuatu,2001,Oceania,Melanesia,Lower middle income,Developing,Oceania_Lower middle income
Vanuatu,2000,Oceania,Melanesia,Lower middle income,Developing,Oceania_Lower middle income
Vanuatu,1999,Oceania,Melanesia,Lower middle income,Developing,Oceania_Lower middle income
Vanuatu,1998,Oceania,Melanesia,Lower middle income,Developing,Oceania_Lower middle income
Vanuatu,1997,Oceania,Melanesia,Lower middle income,Developing,Oceania_Lower middle income
Vanuatu,1996,Oceania,Melanesia,Lower middle income,Developing,Oceania_Lower middle income
Vanuatu,1995,Oceania,Melanesia,Lower middle income,Developing,Oceania_Lower middle income
Vanuatu,1994,Oceania,Melanesia,Lower middle income,Developing,Oceania_Lower middle income
Vanuatu,1993,Oceania,Melanesia,Lower middle income,Developing,Oceania_Lower middle income
Vanuatu,1992,Oceania,Melanesia,Lower middle income,Developing,Oceania_Lower middle income
Vanuatu,1991,Oceania,Melanesia,Lower middle income,Developing,Oceania_Lower middle income
Vanuatu,1990,Oceania,Melanesia,Lower middle income,Developing,Oceania_Lower middle income
Vanuatu,1989,Oceania,Melanesia,Lower middle income,Developing,Oceania_Lower middle income
Vanuatu,1988,Oceania,Melanesia,Lower middle income,Developing,Oceania_Lower middle income
Vanuatu,1987,Oceania,Melanesia,Lower middle income,Developing,Oceania_Lower middle income
Vanuatu,1986,Oceania,Melanesia,Lower middle income,Developing,Oceania_Lower middle income
Vanuatu,1985,Oceania,Melanesia,Lower middle income,Developing,Oceania_Lower middle income
Vanuatu,1984,Oceania,Melanesia,Lower middle income,Developing,Oceania_Lower middle income
Vanuatu,1983,Oceania,Melanesia,Lower middle income,Developing,Oceania_Lower middle income
Vanuatu,1982,Oceania,Melanesia,Lower middle income,Developing,Oceania_Lower middle income
Vanuatu,1981,Oceania,Melanesia,Lower middle income,Developing,Oceania_Lower middle income
Vanuatu,1980,Oceania,Melanesia,Lower middle income,Developing,Oceania_Lower middle income
Vanuatu,1979,Oceania,Melanesia,Lower middle income,Developing,Oceania_Lower middle income
Vanuatu,1978,Oceania,Melanesia,Lower middle income,Developing,Oceania_Lower middle income
Vanuatu,1977,Oceania,Melanesia,Lower middle income,Developing,Oceania_Lower middle income
Vanuatu,1976,Oceania,Melanesia,Lower middle income,Developing,Oceania_Lower middle income
Vanuatu,1975,Oceania,Melanesia,Lower middle income,Developing,Oceania_Lower middle income
Vanuatu,1974,Oceania,Melanesia,Lower middle income,Developing,Oceania_Lower middle income
"Venezuela, RB",2024,South America,South America,Upper middle income,Developing,South America_Upper middle income
"Venezuela, RB",2023,South America,South America,Upper middle income,Developing,South America_Upper middle income
"Venezuela, RB",2022,South America,South America,Upper middle income,Developing,South America_Upper middle income
"Venezuela, RB",2021,South America,South America,Upper middle income,Developing,South America_Upper middle income
"Venezuela, RB",2020,South America,South America,Upper middle income,Developing,South America_Upper middle income
"Venezuela, RB",2019,South America,South America,Upper middle income,Developing,South America_Upper middle income
"Venezuela, RB",2018,South America,South America,Upper middle income,Developing,South America_Upper middle income
"Venezuela, RB",2017,South America,South America,Upper middle income,Developing,South America_Upper middle income
"Venezuela, RB",2016,South America,South America,Upper middle income,Developing,South America_Upper middle income
"Venezuela, RB",2015,South America,South America,Upper middle income,Developing,South America_Upper middle income
"Venezuela, RB",2014,South America,South America,Upper middle income,Developing,South America_Upper middle income
"Venezuela, RB",2013,South America,South America,Upper middle income,Developing,South America_Upper middle income
"Venezuela, RB",2012,South America,South America,Upper middle income,Developing,South America_Upper middle income
"Venezuela, RB",2011,South America,South America,Upper middle income,Developing,South America_Upper middle income
"Venezuela, RB",2010,South America,South America,Upper middle income,Developing,South America_Upper middle income
"Venezuela, RB",2009,South America,South America,Upper middle income,Developing,South America_Upper middle income
"Venezuela, RB",2008,South America,South America,Upper middle income,Developing,South America_Upper middle income
"Venezuela, RB",2007,South America,South America,Upper middle income,Developing,South America_Upper middle income
"Venezuela, RB",2006,South America,South America,Upper middle income,Developing,South America_Upper middle income
"Venezuela, RB",2005,South America,South America,Upper middle income,Developing,South America_Upper middle income
"Venezuela, RB",2004,South America,South America,Upper middle income,Developing,South America_Upper middle income
"Venezuela, RB",2003,South America,South America,Upper middle income,Developing,South America_Upper middle income
"Venezuela, RB",2002,South America,South America,Upper middle income,Developing,South America_Upper middle income
"Venezuela, RB",2001,South America,South America,Upper middle income,Developing,South America_Upper middle income
"Venezuela, RB",2000,South America,South America,Upper middle income,Developing,South America_Upper middle income
"Venezuela, RB",1999,South America,South America,Upper middle income,Developing,South America_Upper middle income
"Venezuela, RB",1998,South America,South America,Upper middle income,Developing,South America_Upper middle income
"Venezuela, RB",1997,South America,South America,Upper middle income,Developing,South America_Upper middle income
"Venezuela, RB",1996,South America,South America,Upper middle income,Developing,South America_Upper middle income
"Venezuela, RB",1995,South America,South America,Upper middle income,Developing,South America_Upper middle income
"Venezuela, RB",1994,South America,South America,Upper middle income,Developing,South America_Upper middle income
"Venezuela, RB",1993,South America,South America,Upper middle income,Developing,South America_Upper middle income
"Venezuela, RB",1992,South America,South America,Upper middle income,Developing,South America_Upper middle income
"Venezuela, RB",1991,South America,South America,Upper middle income,Developing,South America_Upper middle income
"Venezuela, RB",1990,South America,South America,Upper middle income,Developing,South America_Upper middle income
"Venezuela, RB",1989,South America,South America,Upper middle income,Developing,South America_Upper middle income
"Venezuela, RB",1988,South America,South America,Upper middle income,Developing,South America_Upper middle income
"Venezuela, RB",1987,South America,South America,Upper middle income,Developing,South America_Upper middle income
"Venezuela, RB",1986,South America,South America,Upper middle income,Developing,South America_Upper middle income
"Venezuela, RB",1985,South America,South America,Upper middle income,Developing,South America_Upper middle income
"Venezuela, RB",1984,South America,South America,Upper middle income,Developing,South America_Upper middle income
"Venezuela, RB",1983,South America,South America,Upper middle income,Developing,South America_Upper middle income
"Venezuela, RB",1982,South America,South America,Upper middle income,Developing,South America_Upper middle income
"Venezuela, RB",1981,South America,South America,Upper middle income,Developing,South America_Upper middle income
"Venezuela, RB",1980,South America,South America,Upper middle income,Developing,South America_Upper middle income
"Venezuela, RB",1979,South America,South America,Upper middle income,Developing,South America_Upper middle income
"Venezuela, RB",1978,South America,South America,Upper middle income,Developing,South America_Upper middle income
"Venezuela, RB",1977,South America,South America,Upper middle income,Developing,South America_Upper middle income
"Venezuela, RB",1976,South America,South America,Upper middle income,Developing,South America_Upper middle income
"Venezuela, RB",1975,South America,South America,Upper middle income,Developing,South America_Upper middle income
"Venezuela, RB",1974,South America,South America,Upper middle income,Developing,South America_Upper middle income
Viet Nam,2024,Asia,Southeast Asia,Lower middle income,Developing,Asia_Lower middle income
Viet Nam,2023,Asia,Southeast Asia,Lower middle income,Developing,Asia_Lower middle income
Viet Nam,2022,Asia,Southeast Asia,Lower middle income,Developing,Asia_Lower middle income
Viet Nam,2021,Asia,Southeast Asia,Lower middle income,Developing,Asia_Lower middle income
Viet Nam,2020,Asia,Southeast Asia,Lower middle income,Developing,Asia_Lower middle income
Viet Nam,2019,Asia,Southeast Asia,Lower middle income,Developing,Asia_Lower middle income
Viet Nam,2018,Asia,Southeast Asia,Lower middle income,Developing,Asia_Lower middle income
Viet Nam,2017,Asia,Southeast Asia,Lower middle income,Developing,Asia_Lower middle income
Viet Nam,2016,Asia,Southeast Asia,Lower middle income,Developing,Asia_Lower middle income
Viet Nam,2015,Asia,Southeast Asia,Lower middle income,Developing,Asia_Lower middle income
Viet Nam,2014,Asia,Southeast Asia,Lower middle income,Developing,Asia_Lower middle income
Viet Nam,2013,Asia,Southeast Asia,Lower middle income,Developing,Asia_Lower middle income
Viet Nam,2012,Asia,Southeast Asia,Lower middle income,Developing,Asia_Lower middle income
Viet Nam,2011,Asia,Southeast Asia,Lower middle income,Developing,Asia_Lower middle income
Viet Nam,2010,Asia,Southeast Asia,Lower middle income,Developing,Asia_Lower middle income
Viet Nam,2009,Asia,Southeast Asia,Lower middle income,Developing,Asia_Lower middle income
Viet Nam,2008,Asia,Southeast Asia,Lower middle income,Developing,Asia_Lower middle income
Viet Nam,2007,Asia,Southeast Asia,Lower middle income,Developing,Asia_Lower middle income
Viet Nam,2006,Asia,Southeast Asia,Lower middle income,Developing,Asia_Lower middle income
Viet Nam,2005,Asia,Southeast Asia,Lower middle income,Developing,Asia_Lower middle income
Viet Nam,2004,Asia,Southeast Asia,Lower middle income,Developing,Asia_Lower middle income
Viet Nam,2003,Asia,Southeast Asia,Lower middle income,Developing,Asia_Lower middle income
Viet Nam,2002,Asia,Southeast Asia,Lower middle income,Developing,Asia_Lower middle income
Viet Nam,2001,Asia,Southeast Asia,Lower middle income,Developing,Asia_Lower middle income
Viet Nam,2000,Asia,Southeast Asia,Lower middle income,Developing,Asia_Lower middle income
Viet Nam,1999,Asia,Southeast Asia,Lower middle income,Developing,Asia_Lower middle income
Viet Nam,1998,Asia,Southeast Asia,Lower middle income,Developing,Asia_Lower middle income
Viet Nam,1997,Asia,Southeast Asia,Lower middle income,Developing,Asia_Lower middle income
Viet Nam,1996,Asia,Southeast Asia,Lower middle income,Developing,Asia_Lower middle income
Viet Nam,1995,Asia,Southeast Asia,Lower middle income,Developing,Asia_Lower middle income
Viet Nam,1994,Asia,Southeast Asia,Lower middle income,Developing,Asia_Lower middle income
Viet Nam,1993,Asia,Southeast Asia,Lower middle income,Developing,Asia_Lower middle income
Viet Nam,1992,Asia,Southeast Asia,Lower middle income,Developing,Asia_Lower middle income
Viet Nam,1991,Asia,Southeast Asia,Lower middle income,Developing,Asia_Lower middle income
Viet Nam,1990,Asia,Southeast Asia,Lower middle income,Developing,Asia_Lower middle income
Viet Nam,1989,Asia,Southeast Asia,Lower middle income,Developing,Asia_Lower middle income
Viet Nam,1988,Asia,Southeast Asia,Lower middle income,Developing,Asia_Lower middle income
Viet Nam,1987,Asia,Southeast Asia,Lower middle income,Developing,Asia_Lower middle income
Viet Nam,1986,Asia,Southeast Asia,Lower middle income,Developing,Asia_Lower middle income
Viet Nam,1985,Asia,Southeast Asia,Lower middle income,Developing,Asia_Lower middle income
Viet Nam,1984,Asia,Southeast Asia,Lower middle income,Developing,Asia_Lower middle income
Viet Nam,1983,Asia,Southeast Asia,Lower middle income,Developing,Asia_Lower middle income
Viet Nam,1982,Asia,Southeast Asia,Lower middle income,Developing,Asia_Lower middle income
Viet Nam,1981,Asia,Southeast Asia,Lower middle income,Developing,Asia_Lower middle income
Viet Nam,1980,Asia,Southeast Asia,Lower middle income,Developing,Asia_Lower middle income
Viet Nam,1979,Asia,Southeast Asia,Lower middle income,Developing,Asia_Lower middle income
Viet Nam,1978,Asia,Southeast Asia,Lower middle income,Developing,Asia_Lower middle income
Viet Nam,1977,Asia,Southeast Asia,Lower middle income,Developing,Asia_Lower middle income
Viet Nam,1976,Asia,Southeast Asia,Lower middle income,Developing,Asia_Lower middle income
Viet Nam,1975,Asia,Southeast Asia,Lower middle income,Developing,Asia_Lower middle income
Viet Nam,1974,Asia,Southeast Asia,Lower middle income,Developing,Asia_Lower middle income
Virgin Islands (U.S.),2024,North America,Caribbean,High income,Developing,North America_High income
Virgin Islands (U.S.),2023,North America,Caribbean,High income,Developing,North America_High income
Virgin Islands (U.S.),2022,North America,Caribbean,High income,Developing,North America_High income
Virgin Islands (U.S.),2021,North America,Caribbean,High income,Developing,North America_High income
Virgin Islands (U.S.),2020,North America,Caribbean,High income,Developing,North America_High income
Virgin Islands (U.S.),2019,North America,Caribbean,High income,Developing,North America_High income
Virgin Islands (U.S.),2018,North America,Caribbean,High income,Developing,North America_High income
Virgin Islands (U.S.),2017,North America,Caribbean,High income,Developing,North America_High income
Virgin Islands (U.S.),2016,North America,Caribbean,High income,Developing,North America_High income
Virgin Islands (U.S.),2015,North America,Caribbean,High income,Developing,North America_High income
Virgin Islands (U.S.),2014,North America,Caribbean,High income,Developing,North America_High income
Virgin Islands (U.S.),2013,North America,Caribbean,High income,Developing,North America_High income
Virgin Islands (U.S.),2012,North America,Caribbean,High income,Developing,North America_High income
Virgin Islands (U.S.),2011,North America,Caribbean,High income,Developing,North America_High income
Virgin Islands (U.S.),2010,North America,Caribbean,High income,Developing,North America_High income
Virgin Islands (U.S.),2009,North America,Caribbean,High income,Developing,North America_High income
Virgin Islands (U.S.),2008,North America,Caribbean,High income,Developing,North America_High income
Virgin Islands (U.S.),2007,North America,Caribbean,High income,Developing,North America_High income
Virgin Islands (U.S.),2006,North America,Caribbean,High income,Developing,North America_High income
Virgin Islands (U.S.),2005,North America,Caribbean,High income,Developing,North America_High income
Virgin Islands (U.S.),2004,North America,Caribbean,High income,Developing,North America_High income
Virgin Islands (U.S.),2003,North America,Caribbean,High income,Developing,North America_High income
Virgin Islands (U.S.),2002,North America,Caribbean,High income,Developing,North America_High income
Virgin Islands (U.S.),2001,North America,Caribbean,High income,Developing,North America_High income
Virgin Islands (U.S.),2000,North America,Caribbean,High income,Developing,North America_High income
Virgin Islands (U.S.),1999,North America,Caribbean,High income,Developing,North America_High income
Virgin Islands (U.S.),1998,North America,Caribbean,High income,Developing,North America_High income
Virgin Islands (U.S.),1997,North America,Caribbean,High income,Developing,North America_High income
Virgin Islands (U.S.),1996,North America,Caribbean,High income,Developing,North America_High income
Virgin Islands (U.S.),1995,North America,Caribbean,High income,Developing,North America_High income
Virgin Islands (U.S.),1994,North America,Caribbean,High income,Developing,North America_High income
Virgin Islands (U.S.),1993,North America,Caribbean,High income,Developing,North America_High income
Virgin Islands (U.S.),1992,North America,Caribbean,High income,Developing,North America_High income
Virgin Islands (U.S.),1991,North America,Caribbean,High income,Developing,North America_High income
Virgin Islands (U.S.),1990,North America,Caribbean,High income,Developing,North America_High income
Virgin Islands (U.S.),1989,North America,Caribbean,High income,Developing,North America_High income
Virgin Islands (U.S.),1988,North America,Caribbean,High income,Developing,North America_High income
Virgin Islands (U.S.),1987,North America,Caribbean,High income,Developing,North America_High income
Virgin Islands (U.S.),1986,North America,Caribbean,High income,Developing,North America_High income
Virgin Islands (U.S.),1985,North America,Caribbean,High income,Developing,North America_High income
Virgin Islands (U.S.),1984,North America,Caribbean,High income,Developing,North America_High income
Virgin Islands (U.S.),1983,North America,Caribbean,High income,Developing,North America_High income
Virgin Islands (U.S.),1982,North America,Caribbean,High income,Developing,North America_High income
Virgin Islands (U.S.),1981,North America,Caribbean,High income,Developing,North America_High income
Virgin Islands (U.S.),1980,North America,Caribbean,High income,Developing,North America_High income
Virgin Islands (U.S.),1979,North America,Caribbean,High income,Developing,North America_High income
Virgin Islands (U.S.),1978,North America,Caribbean,High income,Developing,North America_High income
Virgin Islands (U.S.),1977,North America,Caribbean,High income,Developing,North America_High income
Virgin Islands (U.S.),1976,North America,Caribbean,High income,Developing,North America_High income
Virgin Islands (U.S.),1975,North America,Caribbean,High income,Developing,North America_High income
Virgin Islands (U.S.),1974,North America,Caribbean,High income,Developing,North America_High income
West Bank and Gaza,2024,Asia,Middle East,Lower middle income,Developing,Asia_Lower middle income
West Bank and Gaza,2023,Asia,Middle East,Lower middle income,Developing,Asia_Lower middle income
West Bank and Gaza,2022,Asia,Middle East,Lower middle income,Developing,Asia_Lower middle income
West Bank and Gaza,2021,Asia,Middle East,Lower middle income,Developing,Asia_Lower middle income
West Bank and Gaza,2020,Asia,Middle East,Lower middle income,Developing,Asia_Lower middle income
West Bank and Gaza,2019,Asia,Middle East,Lower middle income,Developing,Asia_Lower middle income
West Bank and Gaza,2018,Asia,Middle East,Lower middle income,Developing,Asia_Lower middle income
West Bank and Gaza,2017,Asia,Middle East,Lower middle income,Developing,Asia_Lower middle income
West Bank and Gaza,2016,Asia,Middle East,Lower middle income,Developing,Asia_Lower middle income
West Bank and Gaza,2015,Asia,Middle East,Lower middle income,Developing,Asia_Lower middle income
West Bank and Gaza,2014,Asia,Middle East,Lower middle income,Developing,Asia_Lower middle income
West Bank and Gaza,2013,Asia,Middle East,Lower middle income,Developing,Asia_Lower middle income
West Bank and Gaza,2012,Asia,Middle East,Lower middle income,Developing,Asia_Lower middle income
West Bank and Gaza,2011,Asia,Middle East,Lower middle income,Developing,Asia_Lower middle income
West Bank and Gaza,2010,Asia,Middle East,Lower middle income,Developing,Asia_Lower middle income
West Bank and Gaza,2009,Asia,Middle East,Lower middle income,Developing,Asia_Lower middle income
West Bank and Gaza,2008,Asia,Middle East,Lower middle income,Developing,Asia_Lower middle income
West Bank and Gaza,2007,Asia,Middle East,Lower middle income,Developing,Asia_Lower middle income
West Bank and Gaza,2006,Asia,Middle East,Lower middle income,Developing,Asia_Lower middle income
West Bank and Gaza,2005,Asia,Middle East,Lower middle income,Developing,Asia_Lower middle income
West Bank and Gaza,2004,Asia,Middle East,Lower middle income,Developing,Asia_Lower middle income
West Bank and Gaza,2003,Asia,Middle East,Lower middle income,Developing,Asia_Lower middle income
West Bank and Gaza,2002,Asia,Middle East,Lower middle income,Developing,Asia_Lower middle income
West Bank and Gaza,2001,Asia,Middle East,Lower middle income,Developing,Asia_Lower middle income
West Bank and Gaza,2000,Asia,Middle East,Lower middle income,Developing,Asia_Lower middle income
West Bank and Gaza,1999,Asia,Middle East,Lower middle income,Developing,Asia_Lower middle income
West Bank and Gaza,1998,Asia,Middle East,Lower middle income,Developing,Asia_Lower middle income
West Bank and Gaza,1997,Asia,Middle East,Lower middle income,Developing,Asia_Lower middle income
West Bank and Gaza,1996,Asia,Middle East,Lower middle income,Developing,Asia_Lower middle income
West Bank and Gaza,1995,Asia,Middle East,Lower middle income,Developing,Asia_Lower middle income
West Bank and Gaza,1994,Asia,Middle East,Lower middle income,Developing,Asia_Lower middle income
West Bank and Gaza,1993,Asia,Middle East,Lower middle income,Developing,Asia_Lower middle income
West Bank and Gaza,1992,Asia,Middle East,Lower middle income,Developing,Asia_Lower middle income
West Bank and Gaza,1991,Asia,Middle East,Lower middle income,Developing,Asia_Lower middle income
West Bank and Gaza,1990,Asia,Middle East,Lower middle income,Developing,Asia_Lower middle income
West Bank and Gaza,1989,Asia,Middle East,Lower middle income,Developing,Asia_Lower middle income
West Bank and Gaza,1988,Asia,Middle East,Lower middle income,Developing,Asia_Lower middle income
West Bank and Gaza,1987,Asia,Middle East,Lower middle income,Developing,Asia_Lower middle income
West Bank and Gaza,1986,Asia,Middle East,Lower middle income,Developing,Asia_Lower middle income
West Bank and Gaza,1985,Asia,Middle East,Lower middle income,Developing,Asia_Lower middle income
West Bank and Gaza,1984,Asia,Middle East,Lower middle income,Developing,Asia_Lower middle income
West Bank and Gaza,1983,Asia,Middle East,Lower middle income,Developing,Asia_Lower middle income
West Bank and Gaza,1982,Asia,Middle East,Lower middle income,Developing,Asia_Lower middle income
West Bank and Gaza,1981,Asia,Middle East,Lower middle income,Developing,Asia_Lower middle income
West Bank and Gaza,1980,Asia,Middle East,Lower middle income,Developing,Asia_Lower middle income
West Bank and Gaza,1979,Asia,Middle East,Lower middle income,Developing,Asia_Lower middle income
West Bank and Gaza,1978,Asia,Middle East,Lower middle income,Developing,Asia_Lower middle income
West Bank and Gaza,1977,Asia,Middle East,Lower middle income,Developing,Asia_Lower middle income
West Bank and Gaza,1976,Asia,Middle East,Lower middle income,Developing,Asia_Lower middle income
West Bank and Gaza,1975,Asia,Middle East,Lower middle income,Developing,Asia_Lower middle income
West Bank and Gaza,1974,Asia,Middle East,Lower middle income,Developing,Asia_Lower middle income
"Yemen, Rep.",2024,Asia,Middle East,Low income,Developing,Asia_Low income
"Yemen, Rep.",2023,Asia,Middle East,Low income,Developing,Asia_Low income
"Yemen, Rep.",2022,Asia,Middle East,Low income,Developing,Asia_Low income
"Yemen, Rep.",2021,Asia,Middle East,Low income,Developing,Asia_Low income
"Yemen, Rep.",2020,Asia,Middle East,Low income,Developing,Asia_Low income
"Yemen, Rep.",2019,Asia,Middle East,Low income,Developing,Asia_Low income
"Yemen, Rep.",2018,Asia,Middle East,Low income,Developing,Asia_Low income
"Yemen, Rep.",2017,Asia,Middle East,Low income,Developing,Asia_Low income
"Yemen, Rep.",2016,Asia,Middle East,Low income,Developing,Asia_Low income
"Yemen, Rep.",2015,Asia,Middle East,Low income,Developing,Asia_Low income
"Yemen, Rep.",2014,Asia,Middle East,Low income,Developing,Asia_Low income
"Yemen, Rep.",2013,Asia,Middle East,Low income,Developing,Asia_Low income
"Yemen, Rep.",2012,Asia,Middle East,Low income,Developing,Asia_Low income
"Yemen, Rep.",2011,Asia,Middle East,Low income,Developing,Asia_Low income
"Yemen, Rep.",2010,Asia,Middle East,Low income,Developing,Asia_Low income
"Yemen, Rep.",2009,Asia,Middle East,Low income,Developing,Asia_Low income
"Yemen, Rep.",2008,Asia,Middle East,Low income,Developing,Asia_Low income
"Yemen, Rep.",2007,Asia,Middle East,Low income,Developing,Asia_Low income
"Yemen, Rep.",2006,Asia,Middle East,Low income,Developing,Asia_Low income
"Yemen, Rep.",2005,Asia,Middle East,Low income,Developing,Asia_Low income
"Yemen, Rep.",2004,Asia,Middle East,Low income,Developing,Asia_Low income
"Yemen, Rep.",2003,Asia,Middle East,Low income,Developing,Asia_Low income
"Yemen, Rep.",2002,Asia,Middle East,Low income,Developing,Asia_Low income
"Yemen, Rep.",2001,Asia,Middle East,Low income,Developing,Asia_Low income
"Yemen, Rep.",2000,Asia,Middle East,Low income,Developing,Asia_Low income
"Yemen, Rep.",1999,Asia,Middle East,Low income,Developing,Asia_Low income
"Yemen, Rep.",1998,Asia,Middle East,Low income,Developing,Asia_Low income
"Yemen, Rep.",1997,Asia,Middle East,Low income,Developing,Asia_Low income
"Yemen, Rep.",1996,Asia,Middle East,Low income,Developing,Asia_Low income
"Yemen, Rep.",1995,Asia,Middle East,Low income,Developing,Asia_Low income
"Yemen, Rep.",1994,Asia,Middle East,Low income,Developing,Asia_Low income
"Yemen, Rep.",1993,Asia,Middle East,Low income,Developing,Asia_Low income
"Yemen, Rep.",1992,Asia,Middle East,Low income,Developing,Asia_Low income
"Yemen, Rep.",1991,Asia,Middle East,Low income,Developing,Asia_Low income
"Yemen, Rep.",1990,Asia,Middle East,Low income,Developing,Asia_Low income
"Yemen, Rep.",1989,Asia,Middle East,Low income,Developing,Asia_Low income
"Yemen, Rep.",1988,Asia,Middle East,Low income,Developing,Asia_Low income
"Yemen, Rep.",1987,Asia,Middle East,Low income,Developing,Asia_Low income
"Yemen, Rep.",1986,Asia,Middle East,Low income,Developing,Asia_Low income
"Yemen, Rep.",1985,Asia,Middle East,Low income,Developing,Asia_Low income
"Yemen, Rep.",1984,Asia,Middle East,Low income,Developing,Asia_Low income
"Yemen, Rep.",1983,Asia,Middle East,Low income,Developing,Asia_Low income
"Yemen, Rep.",1982,Asia,Middle East,Low income,Developing,Asia_Low income
"Yemen, Rep.",1981,Asia,Middle East,Low income,Developing,Asia_Low income
"Yemen, Rep.",1980,Asia,Middle East,Low income,Developing,Asia_Low income
"Yemen, Rep.",1979,Asia,Middle East,Low income,Developing,Asia_Low income
"Yemen, Rep.",1978,Asia,Middle East,Low income,Developing,Asia_Low income
"Yemen, Rep.",1977,Asia,Middle East,Low income,Developing,Asia_Low income
"Yemen, Rep.",1976,Asia,Middle East,Low income,Developing,Asia_Low income
"Yemen, Rep.",1975,Asia,Middle East,Low income,Developing,Asia_Low income
"Yemen, Rep.",1974,Asia,Middle East,Low income,Developing,Asia_Low income
Zambia,2024,Africa,East Africa,Low income,Developing,Africa_Low income
Zambia,2023,Africa,East Africa,Low income,Developing,Africa_Low income
Zambia,2022,Africa,East Africa,Low income,Developing,Africa_Low income
Zambia,2021,Africa,East Africa,Low income,Developing,Africa_Low income
Zambia,2020,Africa,East Africa,Low income,Developing,Africa_Low income
Zambia,2019,Africa,East Africa,Low income,Developing,Africa_Low income
Zambia,2018,Africa,East Africa,Low income,Developing,Africa_Low income
Zambia,2017,Africa,East Africa,Low income,Developing,Africa_Low income
Zambia,2016,Africa,East Africa,Low income,Developing,Africa_Low income
Zambia,2015,Africa,East Africa,Low income,Developing,Africa_Low income
Zambia,2014,Africa,East Africa,Low income,Developing,Africa_Low income
Zambia,2013,Africa,East Africa,Low income,Developing,Africa_Low income
Zambia,2012,Africa,East Africa,Low income,Developing,Africa_Low income
Zambia,2011,Africa,East Africa,Low income,Developing,Africa_Low income
Zambia,2010,Africa,East Africa,Low income,Developing,Africa_Low income
Zambia,2009,Africa,East Africa,Low income,Developing,Africa_Low income
Zambia,2008,Africa,East Africa,Low income,Developing,Africa_Low income
Zambia,2007,Africa,East Africa,Low income,Developing,Africa_Low income
Zambia,2006,Africa,East Africa,Low income,Developing,Africa_Low income
Zambia,2005,Africa,East Africa,Low income,Developing,Africa_Low income
Zambia,2004,Africa,East Africa,Low income,Developing,Africa_Low income
Zambia,2003,Africa,East Africa,Low income,Developing,Africa_Low income
Zambia,2002,Africa,East Africa,Low income,Developing,Africa_Low income
Zambia,2001,Africa,East Africa,Low income,Developing,Africa_Low income
Zambia,2000,Africa,East Africa,Low income,Developing,Africa_Low income
Zambia,1999,Africa,East Africa,Low income,Developing,Africa_Low income
Zambia,1998,Africa,East Africa,Low income,Developing,Africa_Low income
Zambia,1997,Africa,East Africa,Low income,Developing,Africa_Low income
Zambia,1996,Africa,East Africa,Low income,Developing,Africa_Low income
Zambia,1995,Africa,East Africa,Low income,Developing,Africa_Low income
Zambia,1994,Africa,East Africa,Low income,Developing,Africa_Low income
Zambia,1993,Africa,East Africa,Low income,Developing,Africa_Low income
Zambia,1992,Africa,East Africa,Low income,Developing,Africa_Low income
Zambia,1991,Africa,East Africa,Low income,Developing,Africa_Low income
Zambia,1990,Africa,East Africa,Low income,Developing,Africa_Low income
Zambia,1989,Africa,East Africa,Low income,Developing,Africa_Low income
Zambia,1988,Africa,East Africa,Low income,Developing,Africa_Low income
Zambia,1987,Africa,East Africa,Low income,Developing,Africa_Low income
Zambia,1986,Africa,East Africa,Low income,Developing,Africa_Low income
Zambia,1985,Africa,East Africa,Low income,Developing,Africa_Low income
Zambia,1984,Africa,East Africa,Low income,Developing,Africa_Low income
Zambia,1983,Africa,East Africa,Low income,Developing,Africa_Low income
Zambia,1982,Africa,East Africa,Low income,Developing,Africa_Low income
Zambia,1981,Africa,East Africa,Low income,Developing,Africa_Low income
Zambia,1980,Africa,East Africa,Low income,Developing,Africa_Low income
Zambia,1979,Africa,East Africa,Low income,Developing,Africa_Low income
Zambia,1978,Africa,East Africa,Low income,Developing,Africa_Low income
Zambia,1977,Africa,East Africa,Low income,Developing,Africa_Low income
Zambia,1976,Africa,East Africa,Low income,Developing,Africa_Low income
Zambia,1975,Africa,East Africa,Low income,Developing,Africa_Low income
Zambia,1974,Africa,East Africa,Low income,Developing,Africa_Low income
Zimbabwe,2024,Africa,East Africa,Lower middle income,Developing,Africa_Lower middle income
Zimbabwe,2023,Africa,East Africa,Lower middle income,Developing,Africa_Lower middle income
Zimbabwe,2022,Africa,East Africa,Lower middle income,Developing,Africa_Lower middle income
Zimbabwe,2021,Africa,East Africa,Lower middle income,Developing,Africa_Lower middle income
Zimbabwe,2020,Africa,East Africa,Lower middle income,Developing,Africa_Lower middle income
Zimbabwe,2019,Africa,East Africa,Lower middle income,Developing,Africa_Lower middle income
Zimbabwe,2018,Africa,East Africa,Lower middle income,Developing,Africa_Lower middle income
Zimbabwe,2017,Africa,East Africa,Lower middle income,Developing,Africa_Lower middle income
Zimbabwe,2016,Africa,East Africa,Lower middle income,Developing,Africa_Lower middle income
Zimbabwe,2015,Africa,East Africa,Lower middle income,Developing,Africa_Lower middle income
Zimbabwe,2014,Africa,East Africa,Lower middle income,Developing,Africa_Lower middle income
Zimbabwe,2013,Africa,East Africa,Lower middle income,Developing,Africa_Lower middle income
Zimbabwe,2012,Africa,East Africa,Lower middle income,Developing,Africa_Lower middle income
Zimbabwe,2011,Africa,East Africa,Lower middle income,Developing,Africa_Lower middle income
Zimbabwe,2010,Africa,East Africa,Lower middle income,Developing,Africa_Lower middle income
Zimbabwe,2009,Africa,East Africa,Lower middle income,Developing,Africa_Lower middle income
Zimbabwe,2008,Africa,East Africa,Lower middle income,Developing,Africa_Lower middle income
Zimbabwe,2007,Africa,East Africa,Lower middle income,Developing,Africa_Lower middle income
Zimbabwe,2006,Africa,East Africa,Lower middle income,Developing,Africa_Lower middle income
Zimbabwe,2005,Africa,East Africa,Lower middle income,Developing,Africa_Lower middle income
Zimbabwe,2004,Africa,East Africa,Lower middle income,Developing,Africa_Lower middle income
Zimbabwe,2003,Africa,East Africa,Lower middle income,Developing,Africa_Lower middle income
Zimbabwe,2002,Africa,East Africa,Lower middle income,Developing,Africa_Lower middle income
Zimbabwe,2001,Africa,East Africa,Lower middle income,Developing,Africa_Lower middle income
Zimbabwe,2000,Africa,East Africa,Lower middle income,Developing,Africa_Lower middle income
Zimbabwe,1999,Africa,East Africa,Lower middle income,Developing,Africa_Lower middle income
Zimbabwe,1998,Africa,East Africa,Lower middle income,Developing,Africa_Lower middle income
Zimbabwe,1997,Africa,East Africa,Lower middle income,Developing,Africa_Lower middle income
Zimbabwe,1996,Africa,East Africa,Lower middle income,Developing,Africa_Lower middle income
Zimbabwe,1995,Africa,East Africa,Lower middle income,Developing,Africa_Lower middle income
Zimbabwe,1994,Africa,East Africa,Lower middle income,Developing,Africa_Lower middle income
Zimbabwe,1993,Africa,East Africa,Lower middle income,Developing,Africa_Lower middle income
Zimbabwe,1992,Africa,East Africa,Lower middle income,Developing,Africa_Lower middle income
Zimbabwe,1991,Africa,East Africa,Lower middle income,Developing,Africa_Lower middle income
Zimbabwe,1990,Africa,East Africa,Lower middle income,Developing,Africa_Lower middle income
Zimbabwe,1989,Africa,East Africa,Lower middle income,Developing,Africa_Lower middle income
Zimbabwe,1988,Africa,East Africa,Lower middle income,Developing,Africa_Lower middle income
Zimbabwe,1987,Africa,East Africa,Lower middle income,Developing,Africa_Lower middle income
Zimbabwe,1986,Africa,East Africa,Lower middle income,Developing,Africa_Lower middle income
Zimbabwe,1985,Africa,East Africa,Lower middle income,Developing,Africa_Lower middle income
Zimbabwe,1984,Africa,East Africa,Lower middle income,Developing,Africa_Lower middle income
Zimbabwe,1983,Africa,East Africa,Lower middle income,Developing,Africa_Lower middle income
Zimbabwe,1982,Africa,East Africa,Lower middle income,Developing,Africa_Lower middle income
Zimbabwe,1981,Africa,East Africa,Lower middle income,Developing,Africa_Lower middle income
Zimbabwe,1980,Africa,East Africa,Lower middle income,Developing,Africa_Lower middle income
Zimbabwe,1979,Africa,East Africa,Lower middle income,Developing,Africa_Lower middle income
Zimbabwe,1978,Africa,East Africa,Lower middle income,Developing,Africa_Lower middle income
Zimbabwe,1977,Africa,East Africa,Lower middle income,Developing,Africa_Lower middle income
Zimbabwe,1976,Africa,East Africa,Lower middle income,Developing,Africa_Lower middle income
Zimbabwe,1975,Africa,East Africa,Lower middle income,Developing,Africa_Lower middle income
Zimbabwe,1974,Africa,East Africa,Lower middle income,Developing,Africa_Lower middle income
